-- MariaDB dump 10.17  Distrib 10.4.8-MariaDB, for debian-linux-gnu (x86_64)
--
-- Host: localhost    Database: news
-- ------------------------------------------------------
-- Server version	10.4.8-MariaDB-1:10.4.8+maria~bionic

/*!40101 SET @OLD_CHARACTER_SET_CLIENT=@@CHARACTER_SET_CLIENT */;
/*!40101 SET @OLD_CHARACTER_SET_RESULTS=@@CHARACTER_SET_RESULTS */;
/*!40101 SET @OLD_COLLATION_CONNECTION=@@COLLATION_CONNECTION */;
/*!40101 SET NAMES utf8mb4 */;
/*!40103 SET @OLD_TIME_ZONE=@@TIME_ZONE */;
/*!40103 SET TIME_ZONE='+00:00' */;
/*!40014 SET @OLD_UNIQUE_CHECKS=@@UNIQUE_CHECKS, UNIQUE_CHECKS=0 */;
/*!40014 SET @OLD_FOREIGN_KEY_CHECKS=@@FOREIGN_KEY_CHECKS, FOREIGN_KEY_CHECKS=0 */;
/*!40101 SET @OLD_SQL_MODE=@@SQL_MODE, SQL_MODE='NO_AUTO_VALUE_ON_ZERO' */;
/*!40111 SET @OLD_SQL_NOTES=@@SQL_NOTES, SQL_NOTES=0 */;

--
-- Table structure for table `channel`
--  新闻频道表

DROP TABLE IF EXISTS `channel`;
/*!40101 SET @saved_cs_client     = @@character_set_client */;
/*!40101 SET character_set_client = utf8 */;
CREATE TABLE `channel` (
  `id` int(10) unsigned NOT NULL AUTO_INCREMENT COMMENT '频道id',
  `channelname` varchar(20) NOT NULL COMMENT '频道名称',
  PRIMARY KEY (`id`),
  UNIQUE KEY `channelname` (`channelname`)
) ENGINE=InnoDB AUTO_INCREMENT=47 DEFAULT CHARSET=utf8;
/*!40101 SET character_set_client = @saved_cs_client */;

--
-- Dumping data for table `channel`
--

LOCK TABLES `channel` WRITE;
/*!40000 ALTER TABLE `channel` DISABLE KEYS */;
INSERT INTO `channel` VALUES (6,'军事'),(45,'娱乐'),(46,'测试1'),(7,'滚动'),(4,'电影1');
/*!40000 ALTER TABLE `channel` ENABLE KEYS */;
UNLOCK TABLES;

--
-- Table structure for table `content`
-- 新闻简介表

DROP TABLE IF EXISTS `content`;
/*!40101 SET @saved_cs_client     = @@character_set_client */;
/*!40101 SET character_set_client = utf8 */;
CREATE TABLE `content` (
  `id` int(10) unsigned NOT NULL AUTO_INCREMENT COMMENT '内容id',
  `title` varchar(100) NOT NULL COMMENT '内容简介',
  `url` varchar(255) NOT NULL,
  `img` varchar(200) DEFAULT NULL COMMENT '新闻图片',
  `create_date` timestamp NOT NULL DEFAULT current_timestamp() COMMENT '新闻载入时间',
  `count` int(10) unsigned NOT NULL DEFAULT 0 COMMENT '新闻浏览次数',
  `cid` int(10) unsigned NOT NULL COMMENT '内容所属频道',
  PRIMARY KEY (`id`),
  KEY `channel_content_id` (`cid`),
  CONSTRAINT `channel_content_id` FOREIGN KEY (`cid`) REFERENCES `channel` (`id`) ON DELETE CASCADE ON UPDATE CASCADE
) ENGINE=InnoDB AUTO_INCREMENT=174 DEFAULT CHARSET=utf8;
/*!40101 SET character_set_client = @saved_cs_client */;

--
-- Dumping data for table `content`
--  

LOCK TABLES `content` WRITE;
/*!40000 ALTER TABLE `content` DISABLE KEYS */;
INSERT INTO `content` VALUES (41,'美媒：中国航母将部署无人机 跟踪猎杀美军核潜艇','https://mil.news.sina.com.cn/china/2019-11-20/doc-iihnzhfz0407642.shtml?cre=tianyi&mod=wmil&loc=-2&r=-1&rfunc=59&tj=cxvertical_wap_wmil&tr=73','https://n.sinaimg.cn/mil/transform/284/w164h120/20191120/1053-iipztff6781135.jpg','2019-11-21 00:33:32',0,6),(44,'冷战记忆：部署在欧洲最前线的美军“巴顿”坦克','https://k.sina.com.cn/article_7018132577_p1a250346100100p13w.html?from=mil&cre=tianyi&mod=wmil&loc=1&r=0&rfunc=59&tj=cxvertical_wap_wmil&tr=12','https://n.sinaimg.cn/sinacn10106/168/w608h360/20191121/6e26-iipztff7981951.jpg','2019-11-21 00:33:32',0,6),(45,'军事丨国产新一代7.62毫米折叠枪托自动步枪','https://k.sina.com.cn/article_7013984398_p1a210e88e00100l3m2.html?from=mil&cre=tianyi&mod=wmil&loc=2&r=0&rfunc=59&tj=cxvertical_wap_wmil&tr=12','https://n.sinaimg.cn/sinacn10105/66/w695h171/20191121/1aff-iipztff7927147.jpg','2019-11-21 00:33:32',0,6),(46,'全球唯一一艘可实战的地效飞行器，起飞重量380吨，载有反舰导弹','https://k.sina.com.cn/article_7049237262_p1a42ad30e00100o4sc.html?from=mil&cre=tianyi&mod=wmil&loc=3&r=0&rfunc=59&tj=cxvertical_wap_wmil&tr=12','https://n.sinaimg.cn/sinacn10105/650/w427h223/20191121/3ab0-iipztff7917365.jpg','2019-11-21 00:33:32',0,6),(47,'入伍16年历经5次调岗，他将自己的4800多个日夜奉献在军营','https://k.sina.com.cn/article_7014114268_p1a212e3dc00100iobs.html?from=mil&cre=tianyi&mod=wmil&loc=4&r=0&rfunc=59&tj=cxvertical_wap_wmil&tr=12','https://n.sinaimg.cn/sinacn10105/150/w608h342/20191121/f645-iipztff7911130.jpg','2019-11-21 00:33:32',0,6),(48,'全球只剩下2架的飞机，一架在中国，美国多曾次出高价购买都被拒','https://k.sina.com.cn/article_7049237262_p1a42ad30e00100o4sa.html?from=mil&cre=tianyi&mod=wmil&loc=5&r=0&rfunc=59&tj=cxvertical_wap_wmil&tr=12','https://n.sinaimg.cn/sinacn10105/1/w512h289/20191121/4e1a-iipztff7916646.jpg','2019-11-21 00:33:32',0,6),(49,'俄高调展示水下核力量，王牌战略核潜艇成功试射布拉瓦','https://k.sina.com.cn/article_7014114268_p1a212e3dc00100iobm.html?from=mil&cre=tianyi&mod=wmil&loc=6&r=0&rfunc=59&tj=cxvertical_wap_wmil&tr=12','https://n.sinaimg.cn/sinacn10105/91/w608h283/20191121/4d8e-iipztff7907574.jpg','2019-11-21 00:33:32',0,6),(50,'全世界能造飞机的公司十数家，而独立的航空发动机供应商只有几家','https://k.sina.com.cn/article_7049237262_p1a42ad30e00100o4s6.html?from=mil&cre=tianyi&mod=wmil&loc=7&r=0&rfunc=59&tj=cxvertical_wap_wmil&tr=12','https://n.sinaimg.cn/sinacn10105/96/w578h318/20191121/37d7-iipztff7912110.jpg','2019-11-21 00:33:32',0,6),(51,'德国FG42伞兵步枪，靶场射击测试，玩得起的，都是土豪','https://k.sina.com.cn/article_6042105244_m16823359c03300lbna.html?from=mil&cre=tianyi&mod=wmil&loc=8&r=0&rfunc=59&tj=cxvertical_wap_wmil&tr=12','https://n.sinaimg.cn/sinacn20105/200/w640h360/20191121/57c3-iipztff7907138.jpg','2019-11-21 00:33:32',0,6),(52,'俄试飞员讲述航母舰载机着舰要点，拦阻索突然断裂，该怎么办？','https://k.sina.com.cn/article_7014114268_p1a212e3dc00100iobg.html?from=mil&cre=tianyi&mod=wmil&loc=9&r=0&rfunc=59&tj=cxvertical_wap_wmil&tr=12','https://n.sinaimg.cn/sinacn10105/179/w608h371/20191121/68ff-iipztff7904940.jpg','2019-11-21 00:33:32',0,6),(53,'靠挨揍出名的战斗机——F-105“雷公”战斗轰炸机','https://k.sina.com.cn/article_6481450602_p18253166a00100nlco.html?from=mil&cre=tianyi&mod=wmil&loc=10&r=0&rfunc=59&tj=cxvertical_wap_wmil&tr=12','https://n.sinaimg.cn/sinacn10103/493/w950h343/20191121/5ab2-iipztff7837699.jpg','2019-11-21 00:33:32',0,6),(54,'俄罗斯现行国防采购价格 形成与管理','https://k.sina.com.cn/article_7014114268_p1a212e3dc00100iobe.html?from=mil&cre=tianyi&mod=wmil&loc=11&r=0&rfunc=59&tj=cxvertical_wap_wmil&tr=12','https://n.sinaimg.cn/sinacn10105/639/w475h164/20191121/9e2a-iipztff7902987.jpg','2019-11-21 00:33:32',0,6),(55,'二战时期日本陆战武器只能在亚洲战场逞凶，去欧洲根本不堪一击','https://k.sina.com.cn/article_6513034803_p18435063300100poae.html?from=mil&cre=tianyi&mod=wmil&loc=12&r=0&rfunc=59&tj=cxvertical_wap_wmil&tr=12','https://n.sinaimg.cn/sinacn10103/752/w506h246/20191121/ebc3-iipztff7836162.jpg','2019-11-21 00:33:32',0,6),(56,'俄罗斯巡洋舰访问泰国！老装备还能撑起大国形象吗？','https://k.sina.com.cn/article_7014114268_p1a212e3dc00100ioba.html?from=mil&cre=tianyi&mod=wmil&loc=13&r=0&rfunc=59&tj=cxvertical_wap_wmil&tr=12','https://n.sinaimg.cn/sinacn10105/158/w608h350/20191121/f094-iipztff7901302.jpg','2019-11-21 00:33:32',0,6),(57,'以色列突遭火箭弹袭击，大批战机进行反击，伊朗盟军基地被炸毁','https://k.sina.com.cn/article_6434104541_p17f80a4dd00100rlbo.html?from=mil&cre=tianyi&mod=wmil&loc=14&r=0&rfunc=59&tj=cxvertical_wap_wmil&tr=12','https://n.sinaimg.cn/sinacn10103/182/w608h374/20191121/21a1-iipztff7837207.jpg','2019-11-21 00:33:32',0,6),(58,'俄罗斯再次抛出橄榄枝，土耳其正在考虑，美国盟友真的会叛变？','https://k.sina.com.cn/article_7014114268_p1a212e3dc00100iob8.html?from=mil&cre=tianyi&mod=wmil&loc=15&r=0&rfunc=59&tj=cxvertical_wap_wmil&tr=12','https://n.sinaimg.cn/sinacn10104/105/w608h297/20191121/6b34-iipztff7900996.jpg','2019-11-21 00:33:32',0,6),(59,'荣耀9X北斗探秘之旅刷新认知：这才是真正的国家级黑科技','https://k.sina.com.cn/article_1659643027_62ec249302700nthk.html?from=mil&cre=tianyi&mod=wmil&loc=1&r=0&rfunc=89&tj=cxvertical_wap_wmil&tr=12','https://n.sinaimg.cn/sinacn20108/762/w1000h562/20191121/0197-iipztff8127796.jpg','2019-11-21 00:34:10',0,6),(60,'中国小伙远赴美国擂台，5拳打晕外国壮汉，震撼美国拳坛！','https://k.sina.com.cn/article_6433828806_m17f7c6fc600100tg1e.html?from=sports&subch=fight&cre=tianyi&mod=wmil&loc=1&r=0&rfunc=28&tj=cxvertical_wap_wmil&tr=12','https://n.sinaimg.cn/sinacn10008/321/w718h403/20191120/a601-iipztff3961615.jpg','2019-11-21 00:36:17',0,6),(61,'美媒：中国航母将部署无人机 跟踪猎杀美军核潜艇','https://mil.news.sina.com.cn/china/2019-11-20/doc-iihnzhfz0407642.shtml?cre=tianyi&mod=wmil&loc=-2&r=-1&rfunc=0&tj=cxvertical_wap_wmil&tr=73','https://n.sinaimg.cn/mil/transform/284/w164h120/20191120/1053-iipztff6781135.jpg','2019-11-21 00:37:21',0,6),(67,'你不负国，我不负你！新婚军嫂与丈夫一同踏上边防巡逻路','https://k.sina.com.cn/article_2730765330_a2c42c1202000mvcq.html?from=news&subch=onews&cre=tianyi&mod=wmil&loc=1&r=0&rfunc=66&tj=cxvertical_wap_wmil&tr=12','https://n.sinaimg.cn/translate/109/w381h528/20191121/66dd-iipztff8133537.png','2019-11-21 00:38:26',0,6),(74,'砺剑春秋 | 新时代女兵最美的样子','https://k.sina.com.cn/article_6970924033_19f7fdc0102000ksos.html?from=mil&cre=tianyi&mod=wmil&loc=1&r=0&rfunc=80&tj=cxvertical_wap_wmil&tr=12','https://n.sinaimg.cn/translate/618/w621h797/20191121/dac1-iipztff8025550.jpg','2019-11-21 00:49:54',0,6),(77,'美国航空母舰穿越霍尔木兹海峡，伊朗只是抗议，为啥没有开火','https://k.sina.com.cn/article_1436261731_559b9d6302000oawc.html?from=mil&cre=tianyi&mod=wmil&loc=1&r=0&rfunc=37&tj=cxvertical_wap_wmil&tr=12','https://n.sinaimg.cn/translate/234/w640h394/20191121/872f-iipztff8167453.jpg','2019-11-21 00:50:02',0,6),(79,'俄制发动机已经将印度坑惨到这种地步，为何仍然选择要继续购买','https://k.sina.com.cn/article_6497222522_18343bf7a00100q03a.html?from=mil&cre=tianyi&mod=wmil&loc=3&r=0&rfunc=37&tj=cxvertical_wap_wmil&tr=12','https://n.sinaimg.cn/sinacn20191121ac/527/w328h199/20191121/d0c4-iipztff8024762.jpg','2019-11-21 00:50:02',0,6),(80,'美国航空母舰穿越霍尔木兹海峡，伊朗只是抗议，为啥没有开火','https://k.sina.com.cn/article_1436261731_559b9d6302000oawc.html?from=mil&cre=tianyi&mod=wmil&loc=1&r=0&rfunc=24&tj=cxvertical_wap_wmil&tr=12','https://n.sinaimg.cn/translate/234/w640h394/20191121/872f-iipztff8167453.jpg','2019-11-21 00:51:15',0,6),(81,'俄制发动机已经将印度坑惨到这种地步，为何仍然选择要继续购买','https://k.sina.com.cn/article_6497222522_18343bf7a00100q03a.html?from=mil&cre=tianyi&mod=wmil&loc=2&r=0&rfunc=24&tj=cxvertical_wap_wmil&tr=12','https://n.sinaimg.cn/sinacn20191121ac/527/w328h199/20191121/d0c4-iipztff8024762.jpg','2019-11-21 00:51:15',0,6),(82,'美军飞行员驾驶轰炸机在同行面前秀操作，不到一分钟，机头摔地面','https://k.sina.com.cn/article_6497222522_18343bf7a00100q034.html?from=mil&cre=tianyi&mod=wmil&loc=3&r=0&rfunc=24&tj=cxvertical_wap_wmil&tr=12','https://n.sinaimg.cn/sinacn20191121ac/12/w480h332/20191121/083b-iipztff8022498.jpg','2019-11-21 00:51:15',0,6),(83,'俄制发动机已经将印度坑惨到这种地步，为何仍然选择要继续购买','https://k.sina.com.cn/article_6497222522_18343bf7a00100q03a.html?from=mil&cre=tianyi&mod=wmil&loc=1&r=0&rfunc=95&tj=cxvertical_wap_wmil&tr=12','https://n.sinaimg.cn/sinacn20191121ac/527/w328h199/20191121/d0c4-iipztff8024762.jpg','2019-11-21 00:51:25',0,6),(84,'视频-国外推出昆虫汉堡 你敢吃吗','https://video.sina.cn/news/2019-11-21/detail-iihnzahi2297761.d.html','','2019-11-21 01:05:21',0,7),(85,'德媒:德国前总统魏茨泽克之子公开演讲时遇刺身亡','https://news.sina.cn/2019-11-21/detail-iihnzhfz0644681.d.html','','2019-11-21 01:05:21',0,7),(86,'官方回应江一燕别墅自改扩建：未取得审批 将查处','https://news.sina.cn/sh/2019-11-21/detail-iihnzhfz0644351.d.html','','2019-11-21 01:05:21',0,7),(87,'视频-港警苦口婆心劝暴徒：如果你冥顽不灵 我们过完农历年都陪你','https://video.sina.cn/news/2019-11-21/detail-iihnzahi2296960.d.html','','2019-11-21 01:05:21',0,7),(88,'港警劝暴徒：如果你冥顽不灵 过完农历年都陪你','https://news.sina.cn/gn/2019-11-21/detail-iihnzahi2296290.d.html','','2019-11-21 01:05:21',0,7),(89,'视频-男子当街持刀扎死他人：怀疑妻子与其有不正当关系','https://video.sina.cn/news/2019-11-21/detail-iihnzhfz0640703.d.html','','2019-11-21 01:05:21',0,7),(90,'不断要求盟国为驻军埋单 揭秘美“保护费”用在哪','https://news.sina.cn/gj/2019-11-21/detail-iihnzhfz0644665.d.html','','2019-11-21 01:05:21',0,7),(91,'视频-消防救火还差500米被堵 搅拌车不避让还打伤民警','https://video.sina.cn/news/2019-11-21/detail-iihnzahi2293033.d.html','','2019-11-21 01:05:21',0,7),(92,'英国警方破获一涉嫌洗钱集团:巨额现金藏在行李箱','https://news.sina.cn/gj/2019-11-21/detail-iihnzahi2292215.d.html','','2019-11-21 01:05:21',0,7),(93,'视频-伊朗民众上街支持政府调控油价','https://video.sina.cn/news/2019-11-21/detail-iihnzahi2291826.d.html','','2019-11-21 01:05:21',0,7),(94,'伊朗总统鲁哈尼称美国等国企图搅乱伊朗:不会得逞','https://news.sina.cn/gn/2019-11-21/detail-iihnzhfz0639023.d.html','','2019-11-21 01:05:21',0,7),(95,'国产航母测试：打磨伸向远洋的海权之剑','https://news.sina.cn/2019-11-21/detail-iihnzahi2292335.d.html','','2019-11-21 01:05:21',0,7),(96,'张忠接替陶治国任吉林省纪委书记','https://news.sina.cn/gn/2019-11-21/detail-iihnzhfz0637987.d.html','','2019-11-21 01:05:21',0,7),(97,'视频|王源联合国大会中文发言：关注儿童受教育的权利','https://video.sina.cn/news/2019-11-21/detail-iihnzhfz0637616.d.html','','2019-11-21 01:05:21',0,7),(98,'老挝发生6.0级地震 云南多地有震感','https://news.sina.cn/gn/2019-11-21/detail-iihnzahi2290442.d.html','','2019-11-21 01:05:21',0,7),(99,'普京：遏制中俄是美国朝自己头上开枪','https://news.sina.cn/gj/2019-11-21/detail-iihnzahi2290182.d.html','','2019-11-21 01:05:21',0,7),(100,'香港中小学复课首日 5名女生不上课来堵地铁','https://news.sina.cn/2019-11-21/detail-iihnzhfz0640766.d.html','','2019-11-21 01:05:21',0,7),(101,'以色列空袭叙为“报复伊朗”?叙称袭击致平民死亡','https://news.sina.cn/2019-11-21/detail-iihnzhfz0637367.d.html','','2019-11-21 01:05:21',0,7),(102,'“5亿人都在用拼多多”了 为什么拼多多还在亏损','https://news.sina.cn/gn/2019-11-21/detail-iihnzahi2295623.d.html','','2019-11-21 01:05:21',0,7),(103,'视频-200斤野猪闯入闹市“撒野” 大叔灵巧躲避：我知道它跑直线','https://video.sina.cn/news/2019-11-21/detail-iihnzhfz0634457.d.html','','2019-11-21 01:05:21',0,7),(104,'涉黑嫌疑人当庭指认检察官为保护伞 双方当庭互呛','https://news.sina.cn/gn/2019-11-21/detail-iihnzhfz0634541.d.html','','2019-11-21 01:05:21',0,7),(105,'美驻欧盟大使称曾施压乌克兰 特朗普手写声明回应','https://news.sina.cn/gj/2019-11-21/detail-iihnzahi2287232.d.html','','2019-11-21 01:05:21',0,7),(106,'香港市民怒斥暴徒破坏香港：我好愤怒气到发抖','https://news.sina.cn/gn/2019-11-21/detail-iihnzahi2293523.d.html','','2019-11-21 01:05:21',0,7),(107,'视频-受贿5000美元要被关10年？ 美国市长离任前被FBI逮捕','https://video.sina.cn/news/2019-11-21/detail-iihnzhfz0634011.d.html','','2019-11-21 01:05:21',0,7),(108,'视频|北京市公安局首批警用克隆犬入警','https://video.sina.cn/news/2019-11-21/detail-iihnzahi2286628.d.html','','2019-11-21 01:05:21',0,7),(109,'视频|李国章痛批某些香港学生：情愿当别人奴隶 也不愿抬头当个中国人','https://video.sina.cn/news/2019-11-21/detail-iihnzahi2286404.d.html','','2019-11-21 01:05:21',0,7),(110,'在关乎大局的事上 这个厅为何要阳奉阴违？','https://news.sina.cn/gn/2019-11-21/detail-iihnzhfz0634514.d.html','','2019-11-21 01:05:21',0,7),(111,'湖北大学一研究生硕士学位论文被指涉嫌抄袭他人','https://news.sina.cn/2019-11-21/detail-iihnzhfz0633282.d.html','','2019-11-21 01:05:21',0,7),(112,'视频|老人飞机上无法排尿膀胱可能破裂 医生用嘴吸尿救人','https://video.sina.cn/news/2019-11-21/detail-iihnzahi2285955.d.html','','2019-11-21 01:05:21',0,7),(113,'首届中国品牌商品展亮相哥伦比亚','https://news.sina.cn/gn/2019-11-21/detail-iihnzahi2285861.d.html','','2019-11-21 01:05:21',0,7),(114,'“假画”也值钱？《蒙娜丽莎》复制品拍出430万元','https://news.sina.cn/gj/2019-11-21/detail-iihnzahi2285969.d.html','','2019-11-21 01:06:32',0,7),(115,'美高官爆料称遵循总统命令向乌施压 特朗普回应','https://news.sina.cn/2019-11-21/detail-iihnzahi2288064.d.html','','2019-11-21 01:06:32',0,7),(116,'今明天北京气温稳步回升 白天最高温度10℃左右','https://news.sina.cn/sh/2019-11-21/detail-iihnzahi2286055.d.html','','2019-11-21 01:06:32',0,7),(117,'北京今日最高气温8℃ 最低气温零下1℃','https://news.sina.cn/sh/2019-11-21/detail-iihnzahi2284502.d.html','','2019-11-21 01:06:32',0,7),(118,'视频|男子花9800元买作弊器考科目一 表情失控出卖自己','https://video.sina.cn/news/2019-11-21/detail-iihnzhfz0631769.d.html','','2019-11-21 01:06:32',0,7),(119,'视频|丹麦圣诞树挂3000颗施华洛世奇水晶','https://video.sina.cn/news/2019-11-21/detail-iihnzahi2283318.d.html','','2019-11-21 01:06:32',0,7),(120,'视频|英国保守党、工党党首进行首场电视辩论','https://video.sina.cn/news/2019-11-21/detail-iihnzahi2283343.d.html','','2019-11-21 01:06:32',0,7),(121,'视频|奥地利将把希特勒旧居改建为警察局','https://video.sina.cn/news/2019-11-21/detail-iihnzahi2282997.d.html','','2019-11-21 01:06:32',0,7),(122,'想达到美国“理想盟友”标准 难度可不小','https://news.sina.cn/2019-11-21/detail-iihnzhfz0630326.d.html','','2019-11-21 01:06:32',0,7),(123,'视频|小学秋游大巴司机酒驾 交警怒斥：你有没有把学生的安全放眼里？','https://video.sina.cn/news/2019-11-21/detail-iihnzhfz0630135.d.html','','2019-11-21 01:06:32',0,7),(124,'高通预测2021年5G手机出货量翻番 或达到4.5亿部','https://news.sina.cn/gj/2019-11-21/detail-iihnzhfz0629924.d.html','','2019-11-21 01:06:32',0,7),(125,'欧盟围绕吸纳新成员吵翻天 法国主张提高入盟门槛','https://news.sina.cn/gj/2019-11-21/detail-iihnzhfz0629923.d.html','','2019-11-21 01:06:32',0,7),(126,'土耳其称年内将多数“伊斯兰国”成员遣返回欧洲','https://news.sina.cn/gj/2019-11-21/detail-iihnzahi2282732.d.html','','2019-11-21 01:06:32',0,7),(127,'美伊关系紧张之际 美航母经霍尔木兹海峡进入海湾','https://news.sina.cn/gj/2019-11-21/detail-iihnzahi2282726.d.html','','2019-11-21 01:06:32',0,7),(128,'弹劾特朗普公开听证第三场 白宫官员称“惊到了”','https://news.sina.cn/gj/2019-11-21/detail-iihnzhfz0629672.d.html','','2019-11-21 01:06:32',0,7),(129,'以色列战机空袭叙利亚 打击伊朗和叙政府军目标','https://news.sina.cn/gj/2019-11-21/detail-iihnzahi2282434.d.html','','2019-11-21 01:06:32',0,7),(130,'一位新华社记者突然走了 外套还搭在椅背上','https://news.sina.cn/gn/2019-11-21/detail-iihnzhfz0629571.d.html','','2019-11-21 01:06:32',0,7),(131,'女子捅伤丈夫 家属称她受家暴多年却不舍得离婚','https://news.sina.cn/sh/2019-11-21/detail-iihnzhfz0629912.d.html','','2019-11-21 01:06:32',0,7),(132,'亩产1365公斤 袁隆平团队双季稻产量创新高','https://news.sina.cn/2019-11-21/detail-iihnzahi2279300.d.html','','2019-11-21 01:06:32',0,7),(133,'老挝发生5.8级地震 震源深度10千米','https://news.sina.cn/gj/2019-11-21/detail-iihnzahi2278520.d.html','','2019-11-21 01:06:32',0,7),(134,'巴西溃坝300天后仍发现遇难者 死亡人数升至254人','https://news.sina.cn/2019-11-21/detail-iihnzahi2277999.d.html','','2019-11-21 01:06:32',0,7),(135,'美驻欧盟大使：特朗普与乌克兰存在交易','https://news.sina.cn/gj/2019-11-21/detail-iihnzhfz0624427.d.html','','2019-11-21 01:06:32',0,7),(136,'中国新疆文化交流团访问科威特 介绍去极端化成效','https://news.sina.cn/2019-11-21/detail-iihnzahi2276776.d.html','','2019-11-21 01:06:32',0,7),(137,'反思教育漏洞 香港人士:加强国家认同感刻不容缓','https://news.sina.cn/gn/2019-11-21/detail-iihnzhfz0644381.d.html','','2019-11-21 01:06:32',0,7),(138,'美知名中国专家沃克：理解中国 美需反思五大问题','https://news.sina.cn/gj/2019-11-21/detail-iihnzahi2283915.d.html','','2019-11-21 01:06:32',0,7),(139,'老挝发生5.8级地震 震源深度10千米','https://news.sina.cn/gn/2019-11-21/detail-iihnzahi2274648.d.html','','2019-11-21 01:06:32',0,7),(140,'台湾华映公司宣布破产 显示器产量曾排名世界前三','https://news.sina.cn/gn/2019-11-21/detail-iihnzahi2274694.d.html','','2019-11-21 01:06:32',0,7),(141,'陈致中带“台独”旗上玉山 遭岛内网民痛骂','https://news.sina.cn/gn/2019-11-21/detail-iihnzhfz0623031.d.html','','2019-11-21 01:06:32',0,7),(142,'不到一年 以色列可能要进行第三次大选','https://news.sina.cn/gj/2019-11-21/detail-iihnzhfz0621596.d.html','','2019-11-21 01:06:32',0,7),(143,'经济走软政治失稳 弱势德国就要来了吗','https://news.sina.cn/2019-11-21/detail-iihnzahi2281049.d.html','','2019-11-21 01:06:32',0,7),(144,'视频：男子尾随女业主潜入楼道 狂吻高跟鞋还做不雅动作','https://video.sina.cn/news/2019-11-20/detail-iihnzahi2251339.d.html','','2019-11-21 01:06:33',0,7),(145,'被暴徒烧的李伯仍昏迷 妻子:我每天告诉他要撑住','https://news.sina.cn/gn/2019-11-20/detail-iihnzahi2251633.d.html','','2019-11-21 01:06:33',0,7),(146,'视频：OMG！消防员李佳琦式解说消防常识','https://video.sina.cn/news/2019-11-20/detail-iihnzhfz0597521.d.html','','2019-11-21 01:06:33',0,7),(147,'沙特阿美市值碾压苹果 \"最赚钱公司\"成就最壕IPO','https://news.sina.cn/2019-11-20/detail-iihnzahi2250364.d.html','','2019-11-21 01:06:33',0,7),(148,'视频：94岁马来西亚总理记者会上突流鼻血 官方称身体无碍','https://video.sina.cn/news/2019-11-20/detail-iihnzahi2249669.d.html','','2019-11-21 01:06:33',0,7),(149,'河北男子当街杀人 怀疑妻子与他人有不正当关系','https://news.sina.cn/sh/2019-11-21/detail-iihnzahi2268211.d.html','','2019-11-21 01:06:33',0,7),(150,'美检察官为抓嫌犯拿13岁女儿当诱饵 致女儿被性侵','https://news.sina.cn/gj/2019-11-20/detail-iihnzahi2248956.d.html','','2019-11-21 01:06:33',0,7),(151,'东京塔下摆6830双黑布鞋 中日共悼念二战被掳劳工','https://news.sina.cn/2019-11-20/detail-iihnzahi2248568.d.html','','2019-11-21 01:06:33',0,7),(152,'视频：萌翻！小熊猫紧抱饲养员大腿要甜食吃','https://video.sina.cn/news/2019-11-20/detail-iihnzhfz0594325.d.html','','2019-11-21 01:06:33',0,7),(153,'女子再婚生子让7岁女儿睡地板干家务 前夫上诉','https://news.sina.cn/2019-11-20/detail-iihnzahi2247371.d.html','','2019-11-21 01:06:33',0,7),(154,'万米高空老人突发疾病 广州医生吸尿救人','https://news.sina.cn/2019-11-20/detail-iihnzahi2247515.d.html','','2019-11-21 01:06:33',0,7),(155,'视频-女健身教练失恋引发11人群殴：痛哭声吵到居民','https://video.sina.cn/news/2019-11-20/detail-iihnzhfz0594091.d.html','','2019-11-21 01:06:33',0,7),(156,'视频-澳媒记者：香港暴徒的行径被媒体掩盖了','https://video.sina.cn/news/2019-11-20/detail-iihnzahi2247047.d.html','','2019-11-21 01:06:33',0,7),(157,'视频-逾千名香港市民前往红磡清理路障：为什么要打烂香港？','https://video.sina.cn/news/2019-11-20/detail-iihnzahi2246926.d.html','','2019-11-21 01:06:33',0,7),(158,'减肥治病拿补贴 揭2万元课程背后的喝风辟谷公司','https://news.sina.cn/gn/2019-11-20/detail-iihnzhfz0593756.d.html','','2019-11-21 01:06:33',0,7),(159,'中国决定建设药品追溯系统 将实现疫苗\"一物一码\"','https://news.sina.cn/2019-11-20/detail-iihnzhfz0594082.d.html','','2019-11-21 01:06:33',0,7),(160,'人民日报评论员:干涉中国内政的法案就是废纸一张','https://news.sina.cn/gn/2019-11-20/detail-iihnzahi2245124.d.html','','2019-11-21 01:06:33',0,7),(161,'视频：万米高空！医生为救乘客用嘴吸出800毫升尿液','https://video.sina.cn/news/2019-11-20/detail-iihnzhfz0592781.d.html','','2019-11-21 01:06:33',0,7),(162,'贵州六盘水市水城县拟退出贫困县 正在公示','https://news.sina.cn/2019-11-20/detail-iihnzhfz0592429.d.html','','2019-11-21 01:06:33',0,7),(163,'驻港公署就美参院通过涉港法案召见美驻港总领事','https://news.sina.cn/gn/2019-11-20/detail-iihnzhfz0593092.d.html','','2019-11-21 01:06:33',0,7),(164,'重庆发生交通事故致4死1伤 司机操作不当撞上行人','https://news.sina.cn/2019-11-20/detail-iihnzhfz0591987.d.html','','2019-11-21 01:06:33',0,7),(165,'国际锐评：中国经济“体检单”释放三大积极信号','https://news.sina.cn/gn/2019-11-20/detail-iihnzahi2244390.d.html','','2019-11-21 01:06:33',0,7),(166,'“喝风辟谷治癌症”公司也能领补贴？培训费用高达2万3','http://think.sina.cn/doc-iihnzahi2246483.d.html','','2019-11-21 01:06:33',0,7),(167,'接受民企宴请收重礼 河北廊坊市副书记李龙被处分','https://news.sina.cn/2019-11-20/detail-iihnzahi2244619.d.html','','2019-11-21 01:06:33',0,7),(168,'“飞夺泸定桥”22名勇士都有谁？他耗时半生苦寻','https://news.sina.cn/2019-11-20/detail-iihnzhfz0593415.d.html','','2019-11-21 01:06:33',0,7),(169,'视频：一封信牵出超10亿涉黑大案 26名公职人员密集落马','https://video.sina.cn/news/2019-11-20/detail-iihnzhfz0591265.d.html','','2019-11-21 01:06:33',0,7),(170,'日媒称日本政府曾欲减少“赏樱会”宾客 但未实施','https://news.sina.cn/gj/2019-11-20/detail-iihnzhfz0591324.d.html','','2019-11-21 01:06:33',0,7),(171,'湖南少女遭多人性侵 家属:找到她时房内有2名男子','https://news.sina.cn/2019-11-20/detail-iihnzahi2245109.d.html','','2019-11-21 01:06:33',0,7),(172,'王晨：强化对疫苗和药品的全过程全链条监管','https://news.sina.cn/gn/2019-11-20/detail-iihnzahi2243914.d.html','','2019-11-21 01:06:33',0,7),(173,'斯里兰卡总理宣布辞职 为总统建立新政府铺平道路','https://news.sina.cn/gn/2019-11-20/detail-iihnzahi2243763.d.html','','2019-11-21 01:06:33',0,7);
/*!40000 ALTER TABLE `content` ENABLE KEYS */;
UNLOCK TABLES;

--
-- Table structure for table `details`
--  新闻详情表

DROP TABLE IF EXISTS `details`;
/*!40101 SET @saved_cs_client     = @@character_set_client */;
/*!40101 SET character_set_client = utf8 */;
CREATE TABLE `details` (
  `id` int(10) unsigned NOT NULL AUTO_INCREMENT COMMENT '详情id',
  `content_id` int(10) unsigned NOT NULL COMMENT '内容所属简介',
  `text` varchar(20000) NOT NULL COMMENT '文本内容',
  PRIMARY KEY (`id`),
  KEY `content_details_id` (`content_id`),
  CONSTRAINT `content_details_id` FOREIGN KEY (`content_id`) REFERENCES `content` (`id`) ON DELETE CASCADE ON UPDATE CASCADE
) ENGINE=InnoDB AUTO_INCREMENT=162 DEFAULT CHARSET=utf8;
/*!40101 SET character_set_client = @saved_cs_client */;

--
-- Dumping data for table `details`
--

LOCK TABLES `details` WRITE;
/*!40000 ALTER TABLE `details` DISABLE KEYS */;
INSERT INTO `details` VALUES (97,85,'<section class=\"art_pic_card art_content\">\n<p class=\"art_p\">原标题：德媒：德国前总统魏茨泽克之子公开演讲时遇刺身亡</p>\n<p class=\"art_p\" cms-style=\"font-L align-Justify\">参考消息网11月21日报道 德媒称，德国前总统理查德·魏茨泽克之子弗里茨·魏茨泽克公开演讲时遭一名男子刺杀当场身亡，袭击者随后被逮捕。</p>\n<a href=\"JavaScript:void(0)\">\r\n									<figure class=\"art_img_mini j_p_gallery\" data-type=\"simple\">\r\n										<img class=\"art_img_mini_img j_fullppt_cover\" src=\"data:image/png;base64,iVBORw0KGgoAAAANSUhEUgAAAAQAAAADAQMAAACOOjyFAAAAA1BMVEUAAACnej3aAAAAAXRSTlMAQObYZgAAAApJREFUCNdjAAMAAAYAAegKKqQAAAAASUVORK5CYII=\" data-src=\"//n.sinaimg.cn/news/crawl/26/w535h291/20191121/f21b-iipztff8587910.jpg\" alt=\"警方19日晚逮捕嫌疑人 图源：美联社\">\r\n									<img class=\"j_fullppt\" src=\"data:image/png;base64,iVBORw0KGgoAAAANSUhEUgAAAAQAAAADAQMAAACOOjyFAAAAA1BMVEUAAACnej3aAAAAAXRSTlMAQObYZgAAAApJREFUCNdjAAMAAAYAAegKKqQAAAAASUVORK5CYII=\" data-src=\"//n.sinaimg.cn/news/crawl/26/w535h291/20191121/f21b-iipztff8587910.jpg\" alt=\"警方19日晚逮捕嫌疑人 图源：美联社\" disabeld-show=\"true\" style=\"display:none\">\r\n										<h2 class=\"art_img_tit\">警方19日晚逮捕嫌疑人 图源：美联社</h2>\r\n									</figure>\r\n								</a>\n<p class=\"art_p\" cms-style=\"font-L align-Justify\">据德国之声电台网站11月20日报道，弗里茨·魏茨泽克当时正在柏林距夏洛滕堡宫不远的一家私人医院进行公开演讲，演讲题目是“脂肪肝——是否需要担心”，吸引了约20名听众。</p>\n<p class=\"art_p\" cms-style=\"font-L align-Justify\">警方初步调查结果显示，一名持刀男子突然扑向正在演讲的维茨泽克，碰巧也在听众席上的一名下班警官曾试图挡住此人，但自己也受了重伤。</p>\n<a href=\"JavaScript:void(0)\">\r\n									<figure class=\"art_img_mini j_p_gallery\" data-type=\"simple\">\r\n										<img class=\"art_img_mini_img j_fullppt_cover\" src=\"data:image/png;base64,iVBORw0KGgoAAAANSUhEUgAAAAQAAAADAQMAAACOOjyFAAAAA1BMVEUAAACnej3aAAAAAXRSTlMAQObYZgAAAApJREFUCNdjAAMAAAYAAegKKqQAAAAASUVORK5CYII=\" data-src=\"//n.sinaimg.cn/news/crawl/82/w550h332/20191121/13a6-iipztff8587966.jpg\" alt=\"弗里茨•冯•魏茨泽克（中）在其父葬礼上 图源：美联社\">\r\n									<img class=\"j_fullppt\" src=\"data:image/png;base64,iVBORw0KGgoAAAANSUhEUgAAAAQAAAADAQMAAACOOjyFAAAAA1BMVEUAAACnej3aAAAAAXRSTlMAQObYZgAAAApJREFUCNdjAAMAAAYAAegKKqQAAAAASUVORK5CYII=\" data-src=\"//n.sinaimg.cn/news/crawl/82/w550h332/20191121/13a6-iipztff8587966.jpg\" alt=\"弗里茨•冯•魏茨泽克（中）在其父葬礼上 图源：美联社\" disabeld-show=\"true\" style=\"display:none\">\r\n										<h2 class=\"art_img_tit\">弗里茨•冯•魏茨泽克（中）在其父葬礼上 图源：美联社</h2>\r\n									</figure>\r\n								</a>\n<p class=\"art_p\" cms-style=\"font-L align-Justify\">59岁的弗里茨·冯·魏茨泽克当场死亡。赶赴现场的急救人员的抢救手段均告无效。疑似凶手被逮捕。警方称，听众中有多人合力擒住了这名袭击者。</p>\n<p class=\"art_p\" cms-style=\"font-L align-Justify\">警方已展开侦调。迄今尚无有关此人身份及作案动机的信息。</p>\n<p class=\"art_p\" cms-style=\"font-L align-Justify\">历经弗莱堡、波士顿和苏黎世的人生各站后，2005年起，弗里茨·冯·魏茨泽克在夏洛滕堡宫殿花园医院任内科主任医生。</p>\n<p class=\"art_p\" cms-style=\"font-L align-Justify\">据网站称，这家私人医院常举办活动，向对医学感兴趣的人介绍有关疾病、诊断及治疗手段的医学知识。</p><p style=\"text-align:right;\" class=\"article-editor\">责任编辑：刘德宾 SN222</p>	\n	\n<div id=\"wx_pic\" style=\"margin:0 auto;display:none;\">\n	<img src=\"//n.sinaimg.cn/default/2fb77759/20151125/320X320.png\">\n</div>\n</section>'),(98,86,'<section class=\"art_pic_card art_content\">\n<p class=\"art_p\">原标题：官方回应江一燕别墅自改扩建：未取得审批手续 将查处</p>\n<p class=\"art_p\">10月22日，演员@江小爬LOVE 称，参与设计的别墅获美国建筑大师奖。@新京报我们视频 此前探访别墅区发现，其在别墅区确有自改现象。11月18日，北京市规划和自然资源委员会回应，江一燕别墅属私自改扩建工程，经核实，未取得规划审批手续。</p>\n<a href=\"JavaScript:void(0)\">\r\n									<figure class=\"art_img_mini j_p_gallery\" data-type=\"simple\">\r\n										<img class=\"art_img_mini_img j_fullppt_cover\" src=\"data:image/png;base64,iVBORw0KGgoAAAANSUhEUgAAAAQAAAADAQMAAACOOjyFAAAAA1BMVEUAAACnej3aAAAAAXRSTlMAQObYZgAAAApJREFUCNdjAAMAAAYAAegKKqQAAAAASUVORK5CYII=\" data-src=\"//n.sinaimg.cn/news/crawl/610/w407h203/20191121/9210-iipztff8247483.png\">\r\n										<img class=\"j_fullppt\" src=\"data:image/png;base64,iVBORw0KGgoAAAANSUhEUgAAAAQAAAADAQMAAACOOjyFAAAAA1BMVEUAAACnej3aAAAAAXRSTlMAQObYZgAAAApJREFUCNdjAAMAAAYAAegKKqQAAAAASUVORK5CYII=\" data-src=\"//n.sinaimg.cn/news/crawl/610/w407h203/20191121/9210-iipztff8247483.png\" disabeld-show=\"true\" style=\"display:none\">\r\n									</figure>\r\n								</a>\n<a href=\"JavaScript:void(0)\">\r\n									<figure class=\"art_img_mini j_p_gallery\" data-type=\"simple\">\r\n										<img class=\"art_img_mini_img j_fullppt_cover\" src=\"data:image/png;base64,iVBORw0KGgoAAAANSUhEUgAAAAQAAAADAQMAAACOOjyFAAAAA1BMVEUAAACnej3aAAAAAXRSTlMAQObYZgAAAApJREFUCNdjAAMAAAYAAegKKqQAAAAASUVORK5CYII=\" data-src=\"//n.sinaimg.cn/news/crawl/659/w408h251/20191121/9cad-iipztff8247550.png\">\r\n										<img class=\"j_fullppt\" src=\"data:image/png;base64,iVBORw0KGgoAAAANSUhEUgAAAAQAAAADAQMAAACOOjyFAAAAA1BMVEUAAACnej3aAAAAAXRSTlMAQObYZgAAAApJREFUCNdjAAMAAAYAAegKKqQAAAAASUVORK5CYII=\" data-src=\"//n.sinaimg.cn/news/crawl/659/w408h251/20191121/9cad-iipztff8247550.png\" disabeld-show=\"true\" style=\"display:none\">\r\n									</figure>\r\n								</a>\n<a href=\"JavaScript:void(0)\">\r\n									<figure class=\"art_img_mini j_p_gallery\" data-type=\"simple\">\r\n										<img class=\"art_img_mini_img j_fullppt_cover\" src=\"data:image/png;base64,iVBORw0KGgoAAAANSUhEUgAAAAQAAAADAQMAAACOOjyFAAAAA1BMVEUAAACnej3aAAAAAXRSTlMAQObYZgAAAApJREFUCNdjAAMAAAYAAegKKqQAAAAASUVORK5CYII=\" data-src=\"//n.sinaimg.cn/news/crawl/727/w490h237/20191121/1fd4-iipztff8247602.png\">\r\n										<img class=\"j_fullppt\" src=\"data:image/png;base64,iVBORw0KGgoAAAANSUhEUgAAAAQAAAADAQMAAACOOjyFAAAAA1BMVEUAAACnej3aAAAAAXRSTlMAQObYZgAAAApJREFUCNdjAAMAAAYAAegKKqQAAAAASUVORK5CYII=\" data-src=\"//n.sinaimg.cn/news/crawl/727/w490h237/20191121/1fd4-iipztff8247602.png\" disabeld-show=\"true\" style=\"display:none\">\r\n									</figure>\r\n								</a>\n<a href=\"JavaScript:void(0)\">\r\n									<figure class=\"art_img_mini j_p_gallery\" data-type=\"simple\">\r\n										<img class=\"art_img_mini_img j_fullppt_cover\" src=\"data:image/png;base64,iVBORw0KGgoAAAANSUhEUgAAAAQAAAADAQMAAACOOjyFAAAAA1BMVEUAAACnej3aAAAAAXRSTlMAQObYZgAAAApJREFUCNdjAAMAAAYAAegKKqQAAAAASUVORK5CYII=\" data-src=\"//n.sinaimg.cn/news/transform/709/w550h159/20191121/14f2-iipztff8245840.jpg\">\r\n										<img class=\"j_fullppt\" src=\"data:image/png;base64,iVBORw0KGgoAAAANSUhEUgAAAAQAAAADAQMAAACOOjyFAAAAA1BMVEUAAACnej3aAAAAAXRSTlMAQObYZgAAAApJREFUCNdjAAMAAAYAAegKKqQAAAAASUVORK5CYII=\" data-src=\"//n.sinaimg.cn/news/transform/709/w550h159/20191121/14f2-iipztff8245840.jpg\" disabeld-show=\"true\" style=\"display:none\">\r\n									</figure>\r\n								</a>	\n	\n<div id=\"wx_pic\" style=\"margin:0 auto;display:none;\">\n	<img src=\"//n.sinaimg.cn/default/2fb77759/20151125/320X320.png\">\n</div>\n</section>'),(99,88,'<section class=\"art_pic_card art_content\">\n<p class=\"art_p\">原标题：港警苦口婆心劝暴徒：如果你冥顽不灵，我们过完农历年都陪你</p>\n<!--单视频_s-->\r\n						  <a class=\"art_video_box j_article_video\" href=\"JavaScript:void(0)\">\r\n							  <figure class=\"art_video\" data-videotype=\"vms\" data-vid=\"31274710701\" data-ratio=\".56\" data-infos=\'{\"attrs\":{\"data-tid\":\"38790\",\"data-did\":\"ihnzahi2296290\",\"data-cid\":\"56261\",\"data-sid\":\"249243\",\"data-vid\":\"31274710701\",\"data-adtags\":\"312747107|0|0|0|1001,9764|0|1001|9764|0|0\",\"data-vLength\":\"97082\",\"data-advid\":\"31274710701\",\"poster\":\"\\/\\/wx4.sinaimg.cn\\/large\\/006L3menly1g95d4wpju2j30ns0dcjru.jpg\",\"controls\":\"controls\",\"tabindex\":\"0\",\"preload\":\"auto\",\"data-lov\":\"vod\",\"data-vpid\":\"312747107\",\"data-fcid\":\"31274710701\",\"data-livesource\":\"vms\",\"data-liveEditChannel\":\"\",\"data-vot\":\"\",\"data-lt\":\"\",\"data-vd\":\"97082\"},\"baseUrl\":\"https:\\/\\/ask.ivideo.sina.com.cn\\/v_play_wap.php?vid=31274710701&amp;p=w&amp;tags=wap_comos&amp;creator_id=1001_12_0_0&amp;table_id=38790&amp;cid=56261&amp;vt=4&amp;r=news.sina.cn\\/gn\\/2019-11-21\\/detail-iihnzahi2296290.d.html\"}\'>\r\n								  <img src=\"data:image/png;base64,iVBORw0KGgoAAAANSUhEUgAAABAAAAAJAQMAAAAB5D5xAAAAA1BMVEUAAACnej3aAAAAAXRSTlMAQObYZgAAAApJREFUCNdjwA0AABsAAQrj5HwAAAAASUVORK5CYII=\" data-src=\"//wx4.sinaimg.cn/large/006L3menly1g95d4wpju2j30ns0dcjru.jpg\" alt=\"\" class=\"img_width\">\r\n								  <em class=\"art_video_btn cm_c_c j_video_play_btn\"><span class=\"icon_b_video\"></span></em>\r\n							  </figure>\r\n							  <h2 class=\"cm_tit art_video_tit_solo\">视频-港警苦口婆心劝暴徒：如果你冥顽不灵 我们过完农历年都陪你</h2>\r\n						  </a>\r\n						  <!--单视频_e-->\n<p class=\"art_p\">经过数日对峙，香港理工大学内的暴徒，要么自首走出，要么钻下水道逃跑时被捕，目前校园内滞留的人已不多。面对这些最后的暴徒，20日晚，有数名港警向理大方向照射强光，还有一位警员手持扬声器苦口婆心的喊话。“感觉好寂寞、好孤单，不要紧的，出来啦，去投降。其实你们做了犯法的事，只会算理工大学里面的刑事毁坏，犯罪行为，要买单，要结账的。犯了法就要伏法，这是基本的东西啊。”最后，这位警员说道：“最后送一首歌给大家，周杰伦的《四面楚歌》。”</p>\n<a href=\"JavaScript:void(0)\">\r\n									<figure class=\"art_img_mini j_p_gallery\" data-type=\"simple\">\r\n										<img class=\"art_img_mini_img j_fullppt_cover\" src=\"data:image/png;base64,iVBORw0KGgoAAAANSUhEUgAAAAQAAAADAQMAAACOOjyFAAAAA1BMVEUAAACnej3aAAAAAXRSTlMAQObYZgAAAApJREFUCNdjAAMAAAYAAegKKqQAAAAASUVORK5CYII=\" data-src=\"//n.sinaimg.cn/news/transform/779/w550h229/20191121/b2eb-iipztff8237152.png\" alt=\"\">\r\n									<img class=\"j_fullppt\" src=\"data:image/png;base64,iVBORw0KGgoAAAANSUhEUgAAAAQAAAADAQMAAACOOjyFAAAAA1BMVEUAAACnej3aAAAAAXRSTlMAQObYZgAAAApJREFUCNdjAAMAAAYAAegKKqQAAAAASUVORK5CYII=\" data-src=\"//n.sinaimg.cn/news/transform/779/w550h229/20191121/b2eb-iipztff8237152.png\" alt=\"\" disabeld-show=\"true\" style=\"display:none\">\r\n										<h2 class=\"art_img_tit\"></h2>\r\n									</figure>\r\n								</a><p style=\"text-align:right;\" class=\"article-editor\">责任编辑：刘德宾 SN222</p><div class=\"plugins_readMore_docplugin from_subject\" data-content=\'{\"docs\":[{\"url\":\"https:\\/\\/news.sina.cn\\/gn\\/2019-11-26\\/detail-iihnzhfz1808869.d.html\",\"title\":\"杨洁篪：中方坚决反对和强烈谴责美通过涉港法案\",\"newsId\":\"ihnzhfz1808869-comos-news-cms\"},{\"url\":\"https:\\/\\/news.sina.cn\\/gn\\/2019-11-26\\/detail-iihnzahi3419424.d.html\",\"title\":\"林郑月娥：表达任何诉求不应诉诸暴力\",\"newsId\":\"ihnzahi3419424-comos-news-cms\"},{\"url\":\"https:\\/\\/news.sina.cn\\/gn\\/2019-11-26\\/detail-iihnzahi3371019.d.html\",\"title\":\"港府就“禁蒙面法违宪”提出上诉\",\"newsId\":\"ihnzahi3371019-comos-news-cms\"},{\"url\":\"https:\\/\\/news.sina.cn\\/gn\\/2019-11-26\\/detail-iihnzhfz1813290.d.html\",\"title\":\"港理大校方搜寻留守暴徒暂无果 校内遍布危险品\",\"newsId\":\"ihnzhfz1813290-comos-news-cms\"},{\"url\":\"https:\\/\\/news.sina.cn\\/gn\\/2019-11-26\\/detail-iihnzahi3462252.d.html\",\"title\":\"港府：红磡海底隧道将于27日凌晨5点恢复开通\",\"newsId\":\"ihnzahi3462252-comos-news-cms\"}],\"url\":\"http:\\/\\/news.sina.cn\\/zt_d\\/hongkong0802\",\"newsId\":\"HB-1-super_subject\\/index-subject-hytcitm8757960\",\"text\":\"进入专题\"}\'></div>	\n	\n<div id=\"wx_pic\" style=\"margin:0 auto;display:none;\">\n	<img src=\"//n.sinaimg.cn/default/2fb77759/20151125/320X320.png\">\n</div>\n</section>'),(100,90,'<section class=\"art_pic_card art_content\">\n<p class=\"art_p\">原标题：不断要求盟国为驻军埋单 揭秘美国天价“保护费”用在哪</p>\n<p class=\"art_p\" cms-style=\"font-L\">[环球时报报道 驻德国特约记者 青木 特约记者 魏齐 王伟]最近，美国政府要求亚洲主要盟国日本和韩国，将美军驻留经费增加数倍，引发韩国等相关国家的强烈不满。实际上，不仅仅是亚太盟国，美国还要求包括德国在内的北约盟国为驻扎的美军埋单，并增加军费开支。那么，美军在这些国家的驻军经费分摊情况如何，经历了哪些变化，这些钱又都怎么花呢？</p>\n<p class=\"art_p\" cms-style=\"font-L strong-Bold\">日本天价“保护费”用在哪</p>\n<p class=\"art_p\" cms-style=\"font-L\">在美国的盟国中，日本一直以来是担负驻军费用最多的国家。但这并未影响美国方面再次拿日本开刀。据日本共同社报道，美国政府向日本开价，要把驻日美军的相关经费从目前每年20亿美元提高3倍，达到约80亿美元。</p>\n<p class=\"art_p\" cms-style=\"font-L\">据一位不愿透露姓名的军事专家表示，根据《日美安保条约》规定，驻日美军军费由美日两国分摊，最近几年的比例大致为1∶3。也就是日本提供大约75%的费用。</p>\n<a href=\"JavaScript:void(0)\">\r\n									<figure class=\"art_img_mini j_p_gallery\" data-type=\"simple\">\r\n										<img class=\"art_img_mini_img j_fullppt_cover\" src=\"data:image/png;base64,iVBORw0KGgoAAAANSUhEUgAAAAQAAAADAQMAAACOOjyFAAAAA1BMVEUAAACnej3aAAAAAXRSTlMAQObYZgAAAApJREFUCNdjAAMAAAYAAegKKqQAAAAASUVORK5CYII=\" data-src=\"//n.sinaimg.cn/news/crawl/59/w550h309/20191121/4845-iipztff8250944.jpg\" alt=\"驻日美军与日本自卫队展开联合演练\">\r\n									<img class=\"j_fullppt\" src=\"data:image/png;base64,iVBORw0KGgoAAAANSUhEUgAAAAQAAAADAQMAAACOOjyFAAAAA1BMVEUAAACnej3aAAAAAXRSTlMAQObYZgAAAApJREFUCNdjAAMAAAYAAegKKqQAAAAASUVORK5CYII=\" data-src=\"//n.sinaimg.cn/news/crawl/59/w550h309/20191121/4845-iipztff8250944.jpg\" alt=\"驻日美军与日本自卫队展开联合演练\" disabeld-show=\"true\" style=\"display:none\">\r\n										<h2 class=\"art_img_tit\">驻日美军与日本自卫队展开联合演练</h2>\r\n									</figure>\r\n								</a>\n<p class=\"art_p\" cms-style=\"font-L\">专家表示，最初，日方主要担负美军基地用地的租借费用，基地设施建设和维护均由美军自行承担。1978年，经济逐渐好转的日本政府迫于美方压力，开始负担在驻日美军基地工作的日籍员工的福利费和劳务费，这笔费用被称为“温馨预算”。此后，日方提供的资金涵盖范围越来越广，数量也越来越大。1979年起，日本政府开始负担驻日美军基地设施装备费。从1987年起，美日两国在《驻日美军地位协定》的基础上，相继签订了多个“特别协定”（有效期一般是五年，2006年4月开始的“特别协定”有效期被改为两年），以特别立法的形式将相关预算固定下来且逐年增长，并扩大至驻日美军基地的住宅、水电煤气等消耗费用。</p>\n<p class=\"art_p\" cms-style=\"font-L\">据专家介绍，目前日方支付的驻日美军军费大致包括四个方面：一是所谓的美军基地周边对策费。也就是美军基地和军事行动对周边居民造成的影响的相关补偿费，以及住宅防噪声改造等方面的费用等。二是私人土地或国有设施的租金。日本国有土地是无偿提供给美军的，一些美军基地还占用私有土地，因此日本政府需要支付租金。在不能达成租赁协议的情况下，日本政府将依据《驻军用地特措法》取得土地的使用权，同时对土地所有者进行相应补偿。三是基地设施的搬迁费。这笔费用具有高度的不确定性。日本《读卖新闻》报道称，2016年，日本政府支付给驻日美军的军费高达7612亿日元，其中就包括了驻冲绳基地的搬迁费。近些年，驻日美军普天间机场搬迁至边野古地区，驻冲绳美海军陆战队向关岛转移，山口县岩国基地航母舰载机部队的机场和住宅设施的建造所需费用，包括修建新的训练场地、办公场所、军人宿舍、子弟学校、娱乐设施，以及美军航母舰载战斗机的转移训练费用等都属于基地设施搬迁费。四是设施装备费和劳务费。这两笔费用对外称为“驻日美军经费负担”，包括上面谈到的“温馨预算”。其中，设施装备费是指日本政府支付美军基地的娱乐和保健设施费（如维护高尔夫球场、电影院、咖啡馆、美容院、健身房等）、水电煤气费、美军宿舍与住宅翻修费以及维护美军基地的消音装置、油库、战机掩体、教堂等费用。</p>\n<p class=\"art_p\" cms-style=\"font-L\">据日本媒体报道，驻日美军数量超过5万人，再加上文职人员、家属以及工人，总数约10万人。这些人的饮食起居和教育训练也由这部分经费支付。</p>\n<p class=\"art_p\" cms-style=\"font-L strong-Bold\">驻韩美军一年花50亿？</p>\n<p class=\"art_p\" cms-style=\"font-L\">根据现行《驻韩美军地位协定》，韩方必须负担驻韩美军部分费用，分担费用主要用于支付驻韩美军韩籍雇员工资、各种美军基地建设费用、军需后勤等三个项目。根据今年3月签署的第10份协定，韩方承担的防卫费为1.0389万亿韩元，较2018年上升8.2%。协定有效期截至今年12月31日。今年9月，韩美元首会谈后，关于美方要求韩国分担10亿美元驻韩美军驻扎费的分歧开始浮出水面。目前，美方主张在韩驻军年均花费50亿美元，包含驻韩美军工资和出动战略武器费用等，但韩方对此持否定立场。</p>\n<p class=\"art_p\" cms-style=\"font-L\">据了解相关情况的韩国外交人士透露，防卫费分摊金额原本只是分摊驻韩美军在驻扎、运行、维护过程中产生的费用，但美国从本次谈判开始，有意把“所有与朝鲜半岛防卫相关费用”都列入分摊清单，也就是说，美国计划让韩日等盟友承担东亚地区的安保经费。</p>\n<a href=\"JavaScript:void(0)\">\r\n									<figure class=\"art_img_mini j_p_gallery\" data-type=\"simple\">\r\n										<img class=\"art_img_mini_img j_fullppt_cover\" src=\"data:image/png;base64,iVBORw0KGgoAAAANSUhEUgAAAAQAAAADAQMAAACOOjyFAAAAA1BMVEUAAACnej3aAAAAAXRSTlMAQObYZgAAAApJREFUCNdjAAMAAAYAAegKKqQAAAAASUVORK5CYII=\" data-src=\"//n.sinaimg.cn/news/crawl/106/w550h356/20191121/7396-iipztff8250986.jpg\" alt=\"驻韩美军与韩国陆军举办联合军演\">\r\n									<img class=\"j_fullppt\" src=\"data:image/png;base64,iVBORw0KGgoAAAANSUhEUgAAAAQAAAADAQMAAACOOjyFAAAAA1BMVEUAAACnej3aAAAAAXRSTlMAQObYZgAAAApJREFUCNdjAAMAAAYAAegKKqQAAAAASUVORK5CYII=\" data-src=\"//n.sinaimg.cn/news/crawl/106/w550h356/20191121/7396-iipztff8250986.jpg\" alt=\"驻韩美军与韩国陆军举办联合军演\" disabeld-show=\"true\" style=\"display:none\">\r\n										<h2 class=\"art_img_tit\">驻韩美军与韩国陆军举办联合军演</h2>\r\n									</figure>\r\n								</a>\n<p class=\"art_p\" cms-style=\"font-L\">韩国国会外交统一委员长尹相炫表示，美国在谈判中主张，除驻韩美军的驻扎费用之外，部署在朝鲜半岛周围的战略资产和其他武力以及导弹、侦察力量等全部都属于防卫费分摊范围。“部署在朝鲜半岛周围的战略资产”可能包括美军部署在关岛和冲绳等基地的战斗力。其中包括美国空军战斗机、美国海军陆战队远征部队的部署费用。这些都是在发生紧急情况时美国计划投入到朝鲜半岛作战的增援战力。战略轰炸机、核潜艇、航空母舰等战力也是增援战斗力的主要组成部分。而“侦察力量”是指美国监视朝鲜时使用的侦察卫星、侦察机以及用来拦截朝鲜核导武器的导弹防御系统相关费用。</p>\n<p class=\"art_p\" cms-style=\"font-L\">据报道，美国还要求韩国承担美军部队和高端装备轮流在韩部署费。韩美联合演习时，美军增援战斗力的费用、为驻韩美军工作的美籍人员工资及家属补贴费，都被写入防卫费分摊清单。</p>\n<p class=\"art_p\" cms-style=\"font-L\">韩国相关专家表示，随着朝鲜半岛局势缓和，驻韩美军并没有大规模调动或演习，但美国防部预算中驻韩美军的运营费却从2018年的11亿美元增加到2019年的22亿，这是令韩方无法接受的。</p>\n<p class=\"art_p\" cms-style=\"font-L strong-Bold\">对北约盟友额外加征50%“保护费”？</p>\n<p class=\"art_p\" cms-style=\"font-L\">除了提高对亚太盟友的保护费以外，德国等北约国家也未能幸免，面临保护费大涨的风险。</p>\n<p class=\"art_p\" cms-style=\"font-L\">近年来，美国一直敦促北约盟国增加国防支出，美国要求北约盟国提高军费占GDP比例，在2020年以前将军费占GDP的比例提高到2%以上，2024年提高到占GDP的4%。目前，北约成员国中只有美国、希腊、爱沙尼亚、英国和拉脱维亚超过了GDP的2%。</p>\n<a href=\"JavaScript:void(0)\">\r\n									<figure class=\"art_img_mini j_p_gallery\" data-type=\"simple\">\r\n										<img class=\"art_img_mini_img j_fullppt_cover\" src=\"data:image/png;base64,iVBORw0KGgoAAAANSUhEUgAAAAQAAAADAQMAAACOOjyFAAAAA1BMVEUAAACnej3aAAAAAXRSTlMAQObYZgAAAApJREFUCNdjAAMAAAYAAegKKqQAAAAASUVORK5CYII=\" data-src=\"//n.sinaimg.cn/news/crawl/115/w550h365/20191121/a52c-iipztff8251105.jpg\" alt=\"驻扎在德国的美军士兵\">\r\n									<img class=\"j_fullppt\" src=\"data:image/png;base64,iVBORw0KGgoAAAANSUhEUgAAAAQAAAADAQMAAACOOjyFAAAAA1BMVEUAAACnej3aAAAAAXRSTlMAQObYZgAAAApJREFUCNdjAAMAAAYAAegKKqQAAAAASUVORK5CYII=\" data-src=\"//n.sinaimg.cn/news/crawl/115/w550h365/20191121/a52c-iipztff8251105.jpg\" alt=\"驻扎在德国的美军士兵\" disabeld-show=\"true\" style=\"display:none\">\r\n										<h2 class=\"art_img_tit\">驻扎在德国的美军士兵</h2>\r\n									</figure>\r\n								</a>\n<p class=\"art_p\" cms-style=\"font-L\">目前德国共驻有超过3.5万名美军人员，是美国在欧洲驻军最多的国家。美军欧洲司令部和美军非洲司令部都设在德国的斯图加特，美军驻欧洲空军司令部设在德国拉姆施泰因基地。德国财政部的数据显示，德国政府过去7年来为驻德美军支付了约2.4亿欧元的费用。此外，在2012年至2019年期间，德国还耗资4.8亿欧元为北约军队建设了大量的军事设施，这些费用主要用于美军，因为北约军队中绝大部分都是美军。近7年来，美军在德国境内总计进行了882次军事演习，其中相当一大部分费用由德国政府支付。</p>\n<p class=\"art_p\" cms-style=\"font-L\">《环球时报》曾到过德国的美军基地所在城市拉姆施泰因探访，发现当地美国基地周围已经形成了庞大的美军社区。当地人称之为“美军城”。 这里不仅有军营、飞机场、训练场和物资仓库，还包括购物中心、学校、邮政服务和警察局。美元是必不可少的货币。</p>\n<p class=\"art_p\" cms-style=\"font-L\"><a href=\"https:%5C/%5C/news.sina.cn%5C/news_zt%5C/keyword.d.html?k=%E7%89%B9%E6%9C%97%E6%99%AE\">特朗普</a>上台后，正在推行一项计划，除了让包括德国在内的盟国为美国驻军埋单以外，还希望再给美国额外的50%的“保护费”。▲</p><p style=\"text-align:right;\" class=\"article-editor\">责任编辑：刘德宾 SN222</p><div class=\"plugins_readMore_docplugin from_subject\" data-content=\'{\"docs\":[{\"url\":\"https:\\/\\/news.sina.cn\\/gj\\/2019-11-22\\/detail-iihnzhfz0864816.d.html\",\"title\":\"美国防部长否认驻韩美军“撤军说” 不会威胁盟友\",\"newsId\":\"ihnzhfz0864816-comos-news-cms\"},{\"url\":\"https:\\/\\/news.sina.cn\\/gj\\/2019-11-22\\/detail-iihnzahi2510679.d.html\",\"title\":\"开口就是50亿美元军费 韩人士批美：接近霸凌\",\"newsId\":\"ihnzahi2510679-comos-news-cms\"},{\"url\":\"https:\\/\\/news.sina.cn\\/2019-11-21\\/detail-iihnzahi2422007.d.html\",\"title\":\"向亚洲盟友加收“保护费”被拒 美国翻脸不认人\",\"newsId\":\"ihnzahi2422007-comos-news-cms\"},{\"url\":\"https:\\/\\/news.sina.cn\\/2019-11-21\\/detail-iihnzahi2407225.d.html\",\"title\":\"韩国国防部：美防长重申驻韩美军将继续驻扎\",\"newsId\":\"ihnzahi2407225-comos-news-cms\"},{\"url\":\"https:\\/\\/news.sina.cn\\/gj\\/2019-11-21\\/detail-iihnzahi2361580.d.html\",\"title\":\"“保护费”谈崩美就从韩撤走一个旅？韩网友炸锅\",\"newsId\":\"ihnzahi2361580-comos-news-cms\"}],\"url\":\"http:\\/\\/news.sina.cn\\/zt_d\\/fangweifei1115\",\"newsId\":\"HB-1-super_subject\\/index-subject-ihnzhfy9513284\",\"text\":\"进入专题\"}\'></div>	\n	\n<div id=\"wx_pic\" style=\"margin:0 auto;display:none;\">\n	<img src=\"//n.sinaimg.cn/default/2fb77759/20151125/320X320.png\">\n</div>\n</section>'),(101,92,'<section class=\"art_pic_card art_content\">\n<p class=\"art_p\">原标题：英国警方破获一涉嫌洗钱犯罪集团</p>\n<p class=\"art_p\" cms-style=\"font-L\">中新社伦敦11月20日电（记者 张平）英国警方20日披露，一个有组织犯罪集团的10名成员当日因涉嫌私藏巨额现金于英国飞往迪拜的行李箱中而被逮捕，涉案总金额高达1550万英镑。</p>\n<p class=\"art_p\" cms-style=\"font-L\">一名41岁的男子被指控为该集团的负责人，于当日在其位于伦敦海耶斯的家中抓获，他和其他数名嫌疑人因涉嫌洗钱和组织非法移民而被捕。在伦敦豪恩斯洛、海耶斯、乌克斯布里奇和索思豪尔等多处的突击搜查中，警方查获了大量现金、非法毒品和豪车，其中包括路虎、奥迪q7和宝马5系。</p>\n<p class=\"art_p\" cms-style=\"font-L\">英国国家打击犯罪调查局高级调查官员克里斯·希尔（Chris hill）称，这个团伙今年夏天还试图将17名移民偷运进英国。案件侦查显示，这个犯罪集团仅在2017年和2018年非法运送现金超过1400万英镑。</p>\n<p class=\"art_p\" cms-style=\"font-L\">这些嫌疑人被指控参与了一个精心策划的犯罪计划，通过a类毒品和有组织的移民犯罪洗钱数百万英镑，在过去三年将这些钱从英国转移到迪拜。在所有案件中，这些现金都是在英国机场、港口和阿拉伯联合酋长国之间非法运输的。</p>\n<p class=\"art_p\" cms-style=\"font-L\">克里斯·希尔表示，“现金是有组织犯罪集团的命脉。我们相信，我们和我们的合作伙伴在全球范围内采取的联合行动，将对一个组织严密的地下洗钱网络造成永久性的打击。”（完）</p><p style=\"text-align:right;\" class=\"article-editor\">责任编辑：刘德宾 SN222</p>	\n	\n<div id=\"wx_pic\" style=\"margin:0 auto;display:none;\">\n	<img src=\"//n.sinaimg.cn/default/2fb77759/20151125/320X320.png\">\n</div>\n</section>'),(102,94,'<section class=\"art_pic_card art_content\">\n<p class=\"art_p\">原标题：伊朗总统鲁哈尼：美国等国企图搅乱伊朗 其阴谋不会得逞</p>\n<p class=\"art_p\">受美国对伊朗经济制裁的影响，本月15日起，伊朗政府上调汽油价格并实施新的配给制度。伊朗多座城市因此爆发示威活动，一些示威活动甚至演变成暴力冲突。不过目前，事态已经逐渐平息。</p>\n<p class=\"art_p\" cms-style=\"font-L\">而针对美方官员日前公开表示支持伊朗抗议示威活动，伊朗总统鲁哈尼20日在内阁会议上说：“美国等国企图搅乱伊朗，但其阴谋不会得逞”。</p>\n<div sax-type=\"proxy\" class=\"j_native_opq191126 box\" data-inserttype=\"0\" style=\"margin:20px 0\" data-id=\"201711dingdingeb\"></div><p class=\"art_p\"><img id=\"0\" src=\"//n.sinaimg.cn/translate/29/w468h361/20191121/f6e3-iipztff7878831.png\" alt=\"\"><span class=\"img_descr\"></span></p>\n<p class=\"art_p\" cms-style=\"font-L\">鲁哈尼指出，近来发生在伊朗的抗议活动“是由美国和某些地区国家参与谋划组织的”。</p>\n<p class=\"art_p\" cms-style=\"font-L\">鲁哈尼表示，伊朗人民挫败过一个又一个敌人的阴谋，近几天来，敌人又企图通过挑起民众抗议来破坏伊朗国家安全。在这次事件中，伊朗人民“已经赢得完全的胜利”。</p>\n<p class=\"art_p\" cms-style=\"font-L\">鲁哈尼说，政府上调汽油价格并实施新的配给制度，是为了“纠正伊朗的燃油消费模式”，伊朗人民用实际行动表明，尽管在生活上遇到一些问题，但他们“不会允许自己的诉求被敌人利用”。</p>\n<p class=\"art_p\" cms-style=\"font-L\">鲁哈尼还赞扬了伊朗警方、伊斯兰革命卫队和巴斯基民兵在维护国家安全方面发挥的作用。</p>\n<p class=\"art_p\" cms-style=\"font-L strong-Bold\">哈梅内伊：伊朗在各领域击溃敌人挑衅</p>\n<p class=\"art_p\" cms-style=\"font-L\">另据伊朗半官方的法尔斯通讯社20日报道，伊朗最高领袖哈梅内伊19日也强调，伊朗近来发生的事件“根源不在于伊朗人民，而是属于安全问题”。伊朗已经在“军事、政治和安全领域成功打退了敌人发动的战争”，也必将在“经济战”中取得最后的胜利。</p>\n<p class=\"art_p\" cms-style=\"font-L\">哈梅内伊指出，伊朗经济要立足于本国制造，减少对石油收入和外国的依赖，增强抵御制裁冲击的能力。</p>\n<p class=\"art_p\" cms-style=\"align-right font-M\"> </p><p style=\"text-align:right;\" class=\"article-editor\">责任编辑：刘德宾 SN222</p><div class=\"plugins_readMore_docplugin from_subject\" data-content=\'{\"docs\":[{\"url\":\"https:\\/\\/news.sina.cn\\/2019-11-24\\/detail-iihnzahi2961754.d.html\",\"title\":\"外媒：伊朗逮捕百名骚乱领导者\",\"newsId\":\"ihnzahi2961754-comos-news-cms\"},{\"url\":\"https:\\/\\/news.sina.cn\\/2019-11-24\\/detail-iihnzahi2990505.d.html\",\"title\":\"伊朗逮捕180名示威者 副总统警告外部势力勿参与\",\"newsId\":\"ihnzahi2990505-comos-news-cms\"},{\"url\":\"https:\\/\\/news.sina.cn\\/gj\\/2019-11-23\\/detail-iihnzhfz1261970.d.html\",\"title\":\"伊朗国内互联网服务逐步恢复\",\"newsId\":\"ihnzhfz1261970-comos-news-cms\"},{\"url\":\"https:\\/\\/news.sina.cn\\/2019-11-23\\/detail-iihnzhfz1136065.d.html\",\"title\":\"伊朗汽油价格上调抗议日趋平静 千名示威者遭逮捕\",\"newsId\":\"ihnzhfz1136065-comos-news-cms\"},{\"url\":\"https:\\/\\/news.sina.cn\\/gj\\/2019-11-22\\/detail-iihnzhfz0941067.d.html\",\"title\":\"断网五天后伊朗恢复网络通讯 手机仍无法上网\",\"newsId\":\"ihnzhfz0941067-comos-news-cms\"}],\"url\":\"http:\\/\\/news.sina.cn\\/zt_d\\/qiyou1121\",\"newsId\":\"HB-1-super_subject\\/index-subject-ihnzhfz0863782\",\"text\":\"进入专题\"}\'></div>	\n	\n<div id=\"wx_pic\" style=\"margin:0 auto;display:none;\">\n	<img src=\"//n.sinaimg.cn/default/2fb77759/20151125/320X320.png\">\n</div>\n</section>'),(103,95,'<section class=\"art_pic_card art_content\">\n<p class=\"art_p\">原标题：国产航母测试：打磨伸向远洋的海权之剑</p>\n<p class=\"art_p\">据海军新闻发言人程德伟介绍，11月17日，我国第二艘航母顺利通过台湾海峡，赴南海相关海域开展科研试验和例行训练。境外媒体对此高度关注。据法新社11月18日报道，北京方面当天证实，其首艘国产航母已驶过台湾海峡，完成例行训练和试验。报道称，这艘尚未命名的航母是中国的第二艘航母，一旦正式入列服役就将为海军增添强大的火力。作为中国，甚至是亚洲国家建造的最大最先进的水面战斗舰艇，中国国产航母将会经历哪些测试项目？何处为家？如何作战？想必都是读者朋友关心的问题。</p>\n<a href=\"JavaScript:void(0)\">\r\n										<figure class=\"art_img_mini j_p_gallery\" data-type=\"simple\">\r\n											<img class=\"art_img_mini_img j_fullppt_cover\" src=\"data:image/png;base64,iVBORw0KGgoAAAANSUhEUgAAAAQAAAADAQMAAACOOjyFAAAAA1BMVEUAAACnej3aAAAAAXRSTlMAQObYZgAAAApJREFUCNdjAAMAAAYAAegKKqQAAAAASUVORK5CYII=\" data-src=\"//n.sinaimg.cn/translate/137/w600h337/20191121/b771-iipztff8155056.jpg\" alt=\" 我海军首艘国产航母携带舰载机通过台湾海峡\">\r\n										<img class=\"j_fullppt\" src=\"data:image/png;base64,iVBORw0KGgoAAAANSUhEUgAAAAQAAAADAQMAAACOOjyFAAAAA1BMVEUAAACnej3aAAAAAXRSTlMAQObYZgAAAApJREFUCNdjAAMAAAYAAegKKqQAAAAASUVORK5CYII=\" data-src=\"//n.sinaimg.cn/translate/137/w600h337/20191121/b771-iipztff8155056.jpg\" alt=\" 我海军首艘国产航母携带舰载机通过台湾海峡\" disabeld-show=\"true\" style=\"display:none\">\r\n											<h2 class=\"art_img_tit\"> 我海军首艘国产航母携带舰载机通过台湾海峡</h2>\r\n										</figure>\r\n									</a>\n<p class=\"art_p\">一、航母入列前的测试项目</p>\n<p class=\"art_p\">就其阶段而言，航母从建造到形成战斗力总共要分为以下几个过程：第一，设计阶段；第二，平台建造阶段；第三，设备舾装阶段；第四，测试阶段；第五，训练阶段，包括单舰的训练、编队的训练。只有完成上述阶段，才能说航空母舰编队开始形成战斗力。</p>\n<p class=\"art_p\">这次国产新型航母进行的是海试项目。所谓海试，就是让造好的新航母到海上去进行实际试验，用通俗的话讲，就是“拉出去溜溜再说”。话虽通俗，但海试内容其实十分庞杂，最主要地就是看看舰上各个子系统是否合格，特别是检验新装备技术的可靠性。</p>\n<p class=\"art_p\">航母海试与其他舰艇海试相似，也分为系留航行、厂家海试和海军验收海试。</p>\n<p class=\"art_p\">系留航行是航母舰员的码头适应性训练，主要方式是真实地按照海上航行作业的实际情况，使船员熟悉各种设备。系留航行通常需要数天。舰员连续进行舰艇运行和操作，检验舰艇运行和操作能力。系留航行的主要操作内容包括：操作和值班的训练、物资情况检查、突发情况处理和设备使用训练等等。</p>\n<p class=\"art_p\">厂家海试是检验航母基本功能的测试，由航母建造厂家组织实施，海军人员参与和监督。综合现有信息，此次海试很可能属于这个阶段。厂家海上测试前，先要对所有设施、配件、通信系统、指控系统、航空设备、导航灯光、排污系统、饮用水系统、武器系统、升降机等进行检查和调试，确认安装正确，并且能满足性能参数的要求；完成对电子干扰、照明、辐射噪声、空传噪声、热应力、振动和自噪声等方面的检查；飞行甲板、舷侧壁和舱壁喷漆、管线外壳、标签标识等必须完成。对于测试中发现的重大问题，将详细记录，并在航母返回后处理。</p>\n<p class=\"art_p\">相比之下，海军验收海试主要是由海军独立组织人员对航母的系统和性能进行测试和评估，海试项目包括航母的机械性能、指挥通信、探测、武器、航空系统、舰面系统、航行设备、动力装置测试和满功率航行转向及倒车测试、损管及救生系统的试验、直升机起降测试、航行补给试验以及空调等辅助系统检查等等。海试首先在近海进行，然后再逐次在更远的海域进行。航母海试时间的长短主要取决于设计质量、建造质量、同一型航母建造数量、海试人员素质、经费保障等多种因素。一般来说，同一型号航母的首舰海试周期会长一些，大概在1-2年，而同一型号的后续舰艇海试周期就会大大缩短。</p>\n<p class=\"art_p\"><img id=\"1\" src=\"//n.sinaimg.cn/translate/137/w600h337/20191121/256e-iipztff8155057.jpg\" alt=\"\"><span class=\"img_descr\"></span></p>\n<p class=\"art_p\">我国航母目前“一艘一型”，002型相比001型虽然大致相近，但改动之处也很多，这也是中国海军“小步快跑”思路在航母上的延续</p>\n<p class=\"art_p\"><img id=\"2\" src=\"//n.sinaimg.cn/translate/132/w600h332/20191121/5d93-iipztff8155083.jpg\" alt=\"\"><span class=\"img_descr\"></span></p>\n<p class=\"art_p\">舰机配合、舰队配合、融入作战系统，辽宁舰已经探明的道路，国产航母也要再走一遍，图为辽宁舰夜间起降训练</p>\n<p class=\"art_p\">该项目完成后，将进入训练阶段。只有完成了这个阶段，国产新型航母才能真正具备作战能力。</p>\n<p class=\"art_p\">二、航母以何处为家？</p>\n<p class=\"art_p\">国产新型航母的母港选择是非常考究的。主要需要满足以下几个方面的要求。首先是地理位置方面的考虑。在地质条件足以满足航母安家落户的基础上，航母基地的选址还必须能够满足国家和海军的战略需求，力争扼守战略中枢。在进攻时便于力量的快速投送，形成战略威慑应对重要方向的潜在冲突；防御时力争理想的防御纵深和很强的生存能力，尽可能远离周边假想敌或邻国的远程精确打击范围。</p>\n<div sax-type=\"proxy\" class=\"j_native_opq191126 box\" data-inserttype=\"0\" style=\"margin:20px 0\" data-id=\"201711dingdingeb\"></div><p class=\"art_p\">其次是安全方面的考虑。航母基地要建设多层多方向的防空、岸舰导弹阵地，特别是围绕基地中高危的油料库、弹药库以及维修船厂等重点目标建设对空对海的防御体系。既要应对敌方海陆空多重火力的硬杀伤，又要防御水下蛙人、特种部队的潜入偷袭。基础配套设施的防护要依托地形，充分利用基地周边岛屿地貌做好兵力的掩护、编队舰艇特别是潜艇的隐蔽。确保港口水道的疏浚畅通，做好舰艇的疏散准备。</p>\n<p class=\"art_p\">目前，除非大规模冲突的爆发，对港口安全威胁最大的则是恐怖分子的自杀性袭击和谍报人员的情报刺探。所以要建设针对港口的多层多维的港区监控系统，确保全时掌握港区的动态、威胁情况。</p>\n<p class=\"art_p\">最后是保障方面的考虑。由于现代化航母日常维护作业的技术要求较高，除一些涉及核心技术的重大项目需返回大型船厂进行改装外，母港通常要承担航母的中修或大修任务。这就要求母港或毗邻海军船厂，或自身拥有大型修理设施，母港的支援维护能力也直接关乎舰艇和飞机高水平作战效能的保持。</p>\n<p class=\"art_p\">在配套设施方面，母港内除需建有船坞或修理厂外，还要有四通八达的铁路、公路网，电站变电站、万吨级的油料弹药储备库以及运输设备和数百千米的管线等设施组成的超大型“物流中心”，来为航母编队的各类型舰艇提供综合维修与补给服务，确保便对海上作战的快速性、机动性和持续性。</p>\n<a href=\"JavaScript:void(0)\">\r\n										<figure class=\"art_img_mini j_p_gallery\" data-type=\"simple\">\r\n											<img class=\"art_img_mini_img j_fullppt_cover\" src=\"data:image/png;base64,iVBORw0KGgoAAAANSUhEUgAAAAQAAAADAQMAAACOOjyFAAAAA1BMVEUAAACnej3aAAAAAXRSTlMAQObYZgAAAApJREFUCNdjAAMAAAYAAegKKqQAAAAASUVORK5CYII=\" data-src=\"//n.sinaimg.cn/translate/153/w600h353/20191121/0ce6-iipztff8173595.jpg\" alt=\" 美国海军航母母港诺福克基地\">\r\n										<img class=\"j_fullppt\" src=\"data:image/png;base64,iVBORw0KGgoAAAANSUhEUgAAAAQAAAADAQMAAACOOjyFAAAAA1BMVEUAAACnej3aAAAAAXRSTlMAQObYZgAAAApJREFUCNdjAAMAAAYAAegKKqQAAAAASUVORK5CYII=\" data-src=\"//n.sinaimg.cn/translate/153/w600h353/20191121/0ce6-iipztff8173595.jpg\" alt=\" 美国海军航母母港诺福克基地\" disabeld-show=\"true\" style=\"display:none\">\r\n											<h2 class=\"art_img_tit\"> 美国海军航母母港诺福克基地</h2>\r\n										</figure>\r\n									</a>\n<p class=\"art_p\">综合以上三方面考虑，渤海、黄海和东海距离美军在西太平洋和日韩的基地太近，明显不合要求，加上这些海域水深较浅且海域面积有限，失去了作为航母母港的参选资格。而南海不仅远离美军基地群，而且具有1212米的平均水深和350万平方公里的海域面积，其沿岸的港口未来作为新型国产航母母港的可能性较大。</p>\n<p class=\"art_p\">三、如何运用</p>\n<p class=\"art_p\">中国的海洋安全威胁主要分为两类，即传统安全威胁和非传统安全威胁。因此，中国航空母舰在维护海洋安全方面也是通过应对上述两类威胁来发挥其重大作用的。在应对传统安全威胁方面，中国航空母舰主要在以下两个方面发挥其巨大而不可替代的作用。首先是夺取制海权，其次是运用制海权。</p>\n<p class=\"art_p\">传统制海权的争夺，一种模式是大舰制海，如驱逐舰、巡洋舰、航空母舰战斗群以其强大的海空作战能力控制一定的海域；另一种模式是所谓潜艇制海，即战时利用潜艇的隐蔽作战能力控制某一海域（笔者认为这其实就是海上拒止，并非完全的夺取制海权）。</p>\n<p class=\"art_p\">现代联合制海则是利用空中、海上、岸上多种作战力量，以联合的方式夺取并控制制海权。现代联合制海的方式包括：空天战斗机对海攻击；陆基战斗机/轰炸机对海攻击；舰载战斗机对海攻击；舰舰/潜舰导弹/鱼雷对海攻击；岸基导弹对海攻击。就作战方式而言，随着以导弹等为主战兵器的精确打击时代的到来，海上编队、岸基兵力和火力可与空中兵力联合作战。由目标探测、预警、跟踪，通过互动达成“信息协调”，由信息系统一体化转向攻防一体。进攻时，及时协调火力联合对海进行立体饱和攻击或梯次攻击，打击敌方的海上舰船，进行区域阻断，摧毁敌人的海上基地。</p>\n<p class=\"art_p\">航母作为海上作战平台的航母既是信息协调的中心和关键节点，又是舰载战斗机的起降平台，在夺取制海权的战斗中发挥着关键作用。夺取制海权除了反舰作战以外，还包括夺取海上制空权以及反潜作战等作战行动。在运用制海权方面，中国新型航母率领编队可以遂行反导、保护海基核力量、海上封锁、对岸突击等任务。</p>\n<p class=\"art_p\"><img id=\"4\" src=\"//n.sinaimg.cn/translate/57/w600h257/20191121/d9a5-iipztff8173618.jpg\" alt=\"\"><span class=\"img_descr\"></span></p>\n<p class=\"art_p\">航母是现代大国夺取和运用制海权的关键装备，是现代海军发展绕不过去的战舰，图为苏联计划中1160型核动力航空母舰模型</p>\n<p class=\"art_p\">在应对非传统安全威胁方面，中国的航空母舰同样可以发挥重要而不可替代的作用，其作用突出表现在灾难救援方面。在灾难发生的最初阶段，有能力最先到达现场，同时组织并给予最初的救援措施的，无疑是航空母舰。而随着救援行动进一步展开和各方救援能力的逐渐加入，航空母舰的实际救援能力就会逐渐淡化，甚至会在后期的救援行动中逐渐淡出。但正如任何具有起码救援常识的人所知，面对几乎所有灾害，最初的救援是最艰难，但同时也是最有价值的。尤其是航母搭载的大量舰载直升机在灾难救援中发挥着不可或缺的独特作用。</p>\n<p class=\"art_p\">此外，航母还可以在一些国家或地区发生社会动荡或人道主义危机时撤出本国侨民；在海外航线受到类似海盗这样的非传统安全威胁时，有效对本国商船进行护航，并对海盗进行有效打击；对距离本土较远的岛屿及海上领土进行巡逻，打击海上犯罪等等。</p>\n<p class=\"art_p\">由此可见，国产新型航母在入列之后将会大幅提高中国海军的战斗力。作为海权思想的产物，将国产新型航母称为中国的海权之剑应该是比较形象的比喻。中国并不想把海权之剑架在别人的脖子上——那是帝国主义的行径，但是要拥有将别人的剑从自己脖子上格开的能力。</p>	\n	\n<div id=\"wx_pic\" style=\"margin:0 auto;display:none;\">\n	<img src=\"//n.sinaimg.cn/default/2fb77759/20151125/320X320.png\">\n</div>\n</section>'),(104,96,'<section class=\"art_pic_card art_content\">\n<p class=\"art_p\">原标题：张忠接替陶治国任吉林省纪委书记</p>\n<a href=\"JavaScript:void(0)\">\r\n										<figure class=\"art_img_mini j_p_gallery\" data-type=\"simple\">\r\n											<img class=\"art_img_mini_img j_fullppt_cover\" src=\"data:image/png;base64,iVBORw0KGgoAAAANSUhEUgAAAAQAAAADAQMAAACOOjyFAAAAA1BMVEUAAACnej3aAAAAAXRSTlMAQObYZgAAAApJREFUCNdjAAMAAAYAAegKKqQAAAAASUVORK5CYII=\" data-src=\"//n.sinaimg.cn/translate/231/w600h431/20191121/38ea-iipztff8147658.jpg\" alt=\"张忠 吉林日报 图\">\r\n										<img class=\"j_fullppt\" src=\"data:image/png;base64,iVBORw0KGgoAAAANSUhEUgAAAAQAAAADAQMAAACOOjyFAAAAA1BMVEUAAACnej3aAAAAAXRSTlMAQObYZgAAAApJREFUCNdjAAMAAAYAAegKKqQAAAAASUVORK5CYII=\" data-src=\"//n.sinaimg.cn/translate/231/w600h431/20191121/38ea-iipztff8147658.jpg\" alt=\"张忠 吉林日报 图\" disabeld-show=\"true\" style=\"display:none\">\r\n											<h2 class=\"art_img_tit\">张忠 吉林日报 图</h2>\r\n										</figure>\r\n									</a>\n<p class=\"art_p\" cms-style=\"font-L\">近期又现省级纪委书记调整。</p>\n<p class=\"art_p\" cms-style=\"font-L\">据微信公号“吉林日报”消息，11月20日，吉林省纪委省监委召开机关干部大会，宣布中央有关人事任免的通知。会上，吉林省委常委、组织部长王晓萍宣读了中央关于陶治国、张忠同志职务任免的通知。张忠同志任吉林省委委员、常委和省纪委书记。</p>\n<p class=\"art_p\" cms-style=\"font-L\">澎湃新闻从接近吉林省纪委监委的人士处获悉，张忠曾任中组部机关党委常务副书记、人事局局长，<a href=\"https:%5C/%5C/news.sina.cn%5C/news_zt%5C/keyword.d.html?k=%E4%B8%AD%E5%A4%AE%E5%B7%A1%E8%A7%86%E7%BB%84\">中央巡视组</a>副部长级巡视专员等职。</p>\n<p class=\"art_p\" cms-style=\"font-L\">吉林省委书记、省人大常委会主任巴音朝鲁在讲话中指出，中央对吉林省纪委主要负责同志的职务任免决定，是根据工作需要、通盘考虑作出的，体现了以习近平同志为核心的党中央对吉林省委班子建设和吉林纪检监察工作的高度重视。省委坚决拥护中央的决定。</p>\n<p class=\"art_p\" cms-style=\"font-L\">陶治国，男，汉族，1958年7月生，山东烟台人，1975年10月参加工作，中共党员，研究生学历。他曾任中央组织部老干部局局长、中央组织部干部监督局局长、中央巡视组副部级巡视专员等职，2017年3月调任吉林省委常委、省纪委书记。</p>\n<p class=\"art_p\" cms-style=\"font-L\">在11月20日的干部大会上，巴音朝鲁指出，近年来，在党中央、中央纪委国家监委和省委的领导下，陶治国同志带领全省纪检监察机关广大干部坚持以习近平新时代中国特色社会主义思想为指引，坚决贯彻落实党中央决策部署和中央纪委国家监委工作要求，坚持稳中求进工作总基调，坚定不移把全省党风廉政建设和<a href=\"https:%5C/%5C/news.sina.cn%5C/news_zt%5C/keyword.d.html?k=%E5%8F%8D%E8%85%90\">反腐</a>败斗争引向深入，坚决查处了一批腐败案件，为净化和修复吉林政治生态、推动干部队伍作风持续好转打下了扎实的工作基础，作出了重要贡献。</p>\n<p class=\"art_p\" cms-style=\"font-L\">对于新任省委常委、省纪委书记张忠，巴音朝鲁指出，张忠同志政治素质好，贯彻执行党的路线方针政策态度坚决，在思想上政治上行动上同以习近平同志为核心的党中央保持高度一致。经历多个领导岗位锻炼，工作思路清晰，善于统筹谋划。相信张忠同志一定能够在中央纪委国家监委和省委的领导下，带领省纪委省监委一班人，推动吉林省纪检监察工作不断取得新成绩。</p>\n<p class=\"art_p\" cms-style=\"font-L\">稍早前，宁夏回族自治区纪委书记也出现变动。</p>\n<p class=\"art_p\" cms-style=\"font-L\">据宁夏新闻网11月15日下午消息：近日，经中央批准，艾俊涛同志任宁夏回族自治区党委委员、常委、纪委书记。</p>\n<p class=\"art_p\" cms-style=\"font-L\">艾俊涛此前为中央纪委驻应急管理部纪检组组长、应急管理部党组成员，他也是首任中央纪委驻应急管理部纪检组组长。</p>\n<p class=\"art_p\" cms-style=\"font-L\">据上述消息，出生于1957年2月的许传智已经不再担任宁夏回族自治区纪委书记职务。</p>	\n	\n<div id=\"wx_pic\" style=\"margin:0 auto;display:none;\">\n	<img src=\"//n.sinaimg.cn/default/2fb77759/20151125/320X320.png\">\n</div>\n</section>'),(105,98,'<section class=\"art_pic_card art_content\">\n<p class=\"art_p\" cms-style=\"font-L\">原标题：老挝发生6.0级地震 云南多地有震感</p>\n<a href=\"JavaScript:void(0)\">\r\n									<figure class=\"art_img_mini j_p_gallery\" data-type=\"simple\">\r\n										<img class=\"art_img_mini_img j_fullppt_cover\" src=\"data:image/png;base64,iVBORw0KGgoAAAANSUhEUgAAAAQAAAADAQMAAACOOjyFAAAAA1BMVEUAAACnej3aAAAAAXRSTlMAQObYZgAAAApJREFUCNdjAAMAAAYAAegKKqQAAAAASUVORK5CYII=\" data-src=\"//n.sinaimg.cn/news/transform/162/w550h412/20191121/b514-iipztff8162132.jpg\" alt=\"\">\r\n									<img class=\"j_fullppt\" src=\"data:image/png;base64,iVBORw0KGgoAAAANSUhEUgAAAAQAAAADAQMAAACOOjyFAAAAA1BMVEUAAACnej3aAAAAAXRSTlMAQObYZgAAAApJREFUCNdjAAMAAAYAAegKKqQAAAAASUVORK5CYII=\" data-src=\"//n.sinaimg.cn/news/transform/162/w550h412/20191121/b514-iipztff8162132.jpg\" alt=\"\" disabeld-show=\"true\" style=\"display:none\">\r\n										<h2 class=\"art_img_tit\"></h2>\r\n									</figure>\r\n								</a>\n<p class=\"art_p\" cms-style=\"font-L\">新京报快讯 据中国地震台网官方微博消息，11月21日07时50分在老挝（北纬19.50度，东经101.35度）发生6.0级地震，震源深度10千米。据网友称云南多地有震感。</p>\n<p class=\"art_p\" cms-style=\"font-L\">此外，据中国地震台网此前消息，11月21日05时03分在老挝（北纬19.65度，东经101.25度）发生5.8级地震，震源深度10千米。</p>\n<p class=\"art_p\" cms-style=\"font-L\">来源：中国地震台网</p>	\n	\n<div id=\"wx_pic\" style=\"margin:0 auto;display:none;\">\n	<img src=\"//n.sinaimg.cn/default/2fb77759/20151125/320X320.png\">\n</div>\n</section>'),(106,99,'<section class=\"art_pic_card art_content\">\n<p class=\"art_p\">原标题：<a href=\"https:%5C/%5C/news.sina.cn%5C/news_zt%5C/keyword.d.html?k=%E6%99%AE%E4%BA%AC\">普京</a>：遏制中俄是美国朝自己头上开枪</p>\n<p class=\"art_p\" cms-style=\"font-L\">11月20日，俄罗斯总统普京在莫斯科举行的“俄罗斯在召唤”年度国际投资论坛上发表讲话时指出，当前美国的主要战略目的之一就是要遏制中国和俄罗斯，而这一战略定位不仅严重错误，也损害了美国自身的利益。</p>\n<p class=\"art_p\" cms-style=\"font-L\">俄罗斯总统 普京：美国在各种场合公开表明他们无意平衡国际经济关系，其主要战略目标就是要遏制中国和俄罗斯的发展。我认为这是严重的错误，影响深远，甚至将损害美国自己的国际地位。</p>\n<p class=\"art_p\"><img id=\"0\" src=\"//n.sinaimg.cn/translate/5/w472h333/20191121/5a60-iipztff8140475.png\" alt=\"\"></p>\n<p class=\"art_p\" cms-style=\"font-L\">普京：美挥舞制裁大棒损害自身利益</p>\n<p class=\"art_p\" cms-style=\"font-L\">上周在巴西首都巴西利亚举行的金砖国家领导人第十一次会晤期间，普京曾指出：“某些国家出于政治动机而实施的单方面制裁及贸易保护主义‘已经严重影响了全球经济的发展’”。普京20日重申了这一观点。他还表示，美国对俄罗斯的接连制裁并没有影响俄罗斯经济的发展趋势，相反促进了俄罗斯推行“进口替代计划”的实施——而美国倒行逆施的做法令人费解。 </p>\n<p class=\"art_p\" cms-style=\"font-L\">俄罗斯总统 普京：美国发起的那些对俄制裁有上百项，涉及400多个公司和300多名个人，其效果微乎其微。比如，美国禁止本国公司在俄投资，这么做是为什么呢？那些美国公司在一些项目上投入了一定的资金，然后因为美国的禁令只得在亏本的情况下退出（俄罗斯）。这么做又是在惩罚谁呢？就是在惩罚自己，朝自己头上开枪。</p>	\n	\n<div id=\"wx_pic\" style=\"margin:0 auto;display:none;\">\n	<img src=\"//n.sinaimg.cn/default/2fb77759/20151125/320X320.png\">\n</div>\n</section>'),(107,100,'<section class=\"art_pic_card art_content\">\n<p class=\"art_p\">原标题：香港中小学复课首日，5名女生不上课来堵地铁</p>\n<p class=\"art_p\">作者 | 张莎莎</p>\n<a href=\"JavaScript:void(0)\">\r\n									<figure class=\"art_img_mini j_p_gallery\" data-type=\"simple\">\r\n										<img class=\"art_img_mini_img j_fullppt_cover\" src=\"data:image/png;base64,iVBORw0KGgoAAAANSUhEUgAAAAQAAAADAQMAAACOOjyFAAAAA1BMVEUAAACnej3aAAAAAXRSTlMAQObYZgAAAApJREFUCNdjAAMAAAYAAegKKqQAAAAASUVORK5CYII=\" data-src=\"//n.sinaimg.cn/translate/792/w477h315/20191121/410f-iipztff8191887.jpg\" alt=\"▲香港东华三院卢干庭纪念中学有学生阻碍港铁列车车门关闭。图源：《星岛日报》\">\r\n									<img class=\"j_fullppt\" src=\"data:image/png;base64,iVBORw0KGgoAAAANSUhEUgAAAAQAAAADAQMAAACOOjyFAAAAA1BMVEUAAACnej3aAAAAAXRSTlMAQObYZgAAAApJREFUCNdjAAMAAAYAAegKKqQAAAAASUVORK5CYII=\" data-src=\"//n.sinaimg.cn/translate/792/w477h315/20191121/410f-iipztff8191887.jpg\" alt=\"▲香港东华三院卢干庭纪念中学有学生阻碍港铁列车车门关闭。图源：《星岛日报》\" disabeld-show=\"true\" style=\"display:none\">\r\n										<h2 class=\"art_img_tit\">▲香港东华三院卢干庭纪念中学有学生阻碍港铁列车车门关闭。图源：《星岛日报》</h2>\r\n									</figure>\r\n								</a>\n<p class=\"art_p\" cms-style=\"align-Justify font-L\">20日是香港中小学复课首日，香港多区又发生恶意堵车门阻碍港铁列车开出事件。其中，香港东华三院卢干庭纪念中学5名学生恶意阻碍港铁列车门关闭，影响港铁运作，校方表示，事件性质严重且影响恶劣，将进行记过处分，绝不姑息。</p>\n<p class=\"art_p\" cms-style=\"font-L align-Justify\">据香港“橙新闻”报道，20日上午，有女学生站在列车车门，阻挡车门关闭，并粗口指骂乘客。随后，香港东华三院证实，有东华三院卢干庭纪念中学的学生阻碍港铁列车车门关闭，影响列车运作。</p>\n<p class=\"art_p\" cms-style=\"font-L align-Justify\">香港东华三院称，校方在得到消息后，已立即出派老师到地铁站寻找5名学生回校，并即日约见其家长到校沟通，除口头警告外，也将予以记过处分。</p>\n<p class=\"art_p\" cms-style=\"font-L align-Justify\">香港东华三院表示，绝不容忍学生穿着校服，公然以属校学生身份在公众场所行为不检，影响社会安宁及秩序，也不会纵容学生做出任何破坏公众安宁的行为。学校将会按既定程序处理做出以上不当行为的学生，严正惩处，绝不姑息。此外，校方也会向全校家长发信交代该事件，呼吁学生切勿干犯法纪。</p>\n<p class=\"art_p\" cms-style=\"font-L align-Justify\">据港媒报道，在港铁成为暴徒针对的目标后，多个轻铁站设施均多次遭到破坏，警方先后拘捕并起诉多人。就在同一日，香港两名分别年仅15岁及17岁的未成年男生就因为毁坏港铁被控共三项刑事毁坏罪，裁判官下令两人各向港铁赔偿逾14万港币，两人将还押至12月3日等候判刑。</p>\n<p class=\"art_p\" cms-style=\"align-Justify font-L\"> </p>\n\n<p class=\"art_p\" cms-style=\"font-M strong-Bold\"></p>\n<p style=\"text-align:right;\" class=\"article-editor\">责任编辑：刘德宾 SN222</p><div class=\"plugins_readMore_docplugin from_subject\" data-content=\'{\"docs\":[{\"url\":\"https:\\/\\/news.sina.cn\\/gn\\/2019-11-26\\/detail-iihnzhfz1808869.d.html\",\"title\":\"杨洁篪：中方坚决反对和强烈谴责美通过涉港法案\",\"newsId\":\"ihnzhfz1808869-comos-news-cms\"},{\"url\":\"https:\\/\\/news.sina.cn\\/gn\\/2019-11-26\\/detail-iihnzahi3419424.d.html\",\"title\":\"林郑月娥：表达任何诉求不应诉诸暴力\",\"newsId\":\"ihnzahi3419424-comos-news-cms\"},{\"url\":\"https:\\/\\/news.sina.cn\\/gn\\/2019-11-26\\/detail-iihnzahi3371019.d.html\",\"title\":\"港府就“禁蒙面法违宪”提出上诉\",\"newsId\":\"ihnzahi3371019-comos-news-cms\"},{\"url\":\"https:\\/\\/news.sina.cn\\/gn\\/2019-11-26\\/detail-iihnzhfz1813290.d.html\",\"title\":\"港理大校方搜寻留守暴徒暂无果 校内遍布危险品\",\"newsId\":\"ihnzhfz1813290-comos-news-cms\"},{\"url\":\"https:\\/\\/news.sina.cn\\/gn\\/2019-11-26\\/detail-iihnzahi3462252.d.html\",\"title\":\"港府：红磡海底隧道将于27日凌晨5点恢复开通\",\"newsId\":\"ihnzahi3462252-comos-news-cms\"}],\"url\":\"http:\\/\\/news.sina.cn\\/zt_d\\/hongkong0802\",\"newsId\":\"HB-1-super_subject\\/index-subject-hytcitm8757960\",\"text\":\"进入专题\"}\'></div>	\n	\n<div id=\"wx_pic\" style=\"margin:0 auto;display:none;\">\n	<img src=\"//n.sinaimg.cn/default/2fb77759/20151125/320X320.png\">\n</div>\n</section>'),(108,102,'<section class=\"art_pic_card art_content\">\n<p class=\"art_p\">原标题：“5亿人都在用拼多多”了，为什么拼多多还在亏损？</p>\n<p class=\"art_p\"><img id=\"0\" src=\"//n.sinaimg.cn/translate/110/w580h330/20191121/892a-iipztff8122200.jpg\" alt=\"\"><span class=\"img_descr\"></span></p>\n<p class=\"art_p\" cms-style=\"font-L\">记者 | 林北辰</p>\n<p class=\"art_p\" cms-style=\"font-L\">拼多多三季度报低于预期。</p>\n<p class=\"art_p\" cms-style=\"font-L\">11月20日，拼多多（NASDAQ：PDD）发布了2019年第三季度财报。财报显示，拼多多第三季营收75.14亿元，低于市场预期的76.5亿元。而第三季度拼多多的亏损达到27.92亿元，较去年同期的12.695亿元同比增长了119.9%。</p>\n<p class=\"art_p\" cms-style=\"font-L\">非通用会计准则下，拼多多三季度平台经营亏损为21.235亿元，归属于普通股股东的净亏损为23.35亿元，去年同期为10.983亿元。</p>\n<p class=\"art_p\" cms-style=\"font-L\">与此相对的，拼多多的年度活跃买家数首次突破了5亿人。据财报显示，截至2019年9月30日，拼多多平台年活跃买家数达5.363亿，较去年同期增长1.508亿，较上一季度增长5310万，创上市以来最大的单季增长。</p>\n<p class=\"art_p\" cms-style=\"font-L\">受亏损与营收不及预期的影响，拼多多盘前跌幅达19%，股价一度跌破40美元，市值再度被百度超过。</p>\n<p class=\"art_p\" cms-style=\"font-L\">虽然年度用户首次破5亿，拼多多在资本市场上却面临严峻的问题：高投入、高增长的引流模式终有天花板，拼多多未来如何止损？</p>\n<p class=\"art_p\" cms-style=\"font-L strong-Bold\">营收增速放缓</p>\n<p class=\"art_p\" cms-style=\"font-L\">三季度被拼多多称为一年中的电商“淡季”，618后的电商趋于平淡，而双11购物节的增长数据也无法在本次财报中体现。</p>\n<p class=\"art_p\" cms-style=\"font-L\">从财报来看，三季度，拼多多实现营收75.139亿元，较去年同期的33.724亿元同比增长123%，营收增长主要来源于平台在线营销技术服务收入的增长。三季度，拼多多在线营销技术服务收入为67.114亿元，较去年同期的29.741亿元同比增长126%。平台交易服务收入为8.025亿元，较去年同期的3.983亿元同比增长101%。</p>\n<p class=\"art_p\" cms-style=\"font-L\">对拼多多而言，针对商家与农产品上行推出的电商班与”多多大学“是主要的营销技术服务收入来源；流量的支撑下，通过活动“坑位”与搜索关键词向商家收费也是平台广告变现的方式。</p>\n<p class=\"art_p\" cms-style=\"font-L\">不过，75亿元的营收略低于市场预期的76.5亿元，123%的增长率相对于一季度、二季度228%、169%的同比增速来说也略有下滑。</p>\n<p class=\"art_p\" cms-style=\"font-L\">拼多多资产与平台现金流依然稳步提升。</p>\n<p class=\"art_p\" cms-style=\"font-L\">三季度，拼多多经营活动产生的净现金流为26.182亿元，对比去年同期为16.314亿。截至2019年9月30日，拼多多拥有现金、现d金等价物和受限制现金344亿元人民币。剔除限制性现金后，公司的现金和现金等价物为人民币157亿元。 此外，公司的短期投资为人民币246亿元，可动用现金总额为人民币403亿元。仅从资产来看，拼多多资产负债表良好。</p>\n<p class=\"art_p\" cms-style=\"font-L strong-Bold\">营销投入占营收比再次提升</p>\n<p class=\"art_p\" cms-style=\"font-L\">很长一段时间内，广告营销是拼多多最大的一部分支出。2018年上市以来，拼多多几乎以1：1的比例将赚来的每一分钱投入冠名广告、优惠补贴等营销活动中，目的是在于提高知名度、保持用户粘性。</p>\n<p class=\"art_p\" cms-style=\"font-L\">这样的情况在今年二季度得到了改善，根据二季度财报，拼多多营收72.9亿，营销费用61亿，占比约为84%。</p>\n<p class=\"art_p\" cms-style=\"font-L\">而从本次财报来看，拼多多营销投入占营收比再次攀升，其营收75.139亿元，销售与市场推广费用为69.088亿元，达到了92%，导致拼多多本季度的营收无法覆盖营销与研发投入之和。</p>\n<p class=\"art_p\" cms-style=\"font-L\">拼多多在财报中将广告与补贴一律统称为“销售与市场费用”。财报未展开的是，拼多多在三季度内加大了补贴支出，由于618购物节上提出的”百亿补贴“计划，拼多多即使减少了广告投放的支出，百亿补贴带来的收益损失让这部分费用居高不下。</p>\n<p class=\"art_p\" cms-style=\"font-L\">在财报后的电话会上，摩根士丹利分析师对拼多多的销售和营销ROI（投资回报率）提出了质疑，拼多多战略副总裁David Liu回应称，提高用户参与度、扩大用户基础是拼多多营销支出的重点，而无论形式如何，这个重点一直都未曾改变。</p>\n<p class=\"art_p\" cms-style=\"font-L strong-Bold\">用户增长与变现孰轻孰重？</p>\n<p class=\"art_p\" cms-style=\"font-L\">黄峥在财报会议上表示，三季度，拼多多活跃买家年度平均消费额达到1566.7元，这是一个非常健康的数字，而其一线城市的活跃买家年度平均消费额则超过了5000元。百亿补贴推出后，仅拼多多上卖出的iPhone销量就超过了40万台。</p>\n<p class=\"art_p\" cms-style=\"font-L\">买家年度消费额意味着GMV和用户粘性的增长，拼多多为此付出了巨额消费补贴的代价。在提高变现率与用户增长的抉择中，拼多多无疑选择了后者。</p>\n<p class=\"art_p\" cms-style=\"font-L\">对此，黄峥解释，618购物节推出的百亿补贴是拼多多”有价值的、长期的投资“。他认为没有所谓的取舍，拼多多把花钱看作一种投资，看成长期的机遇，有时数据表现不错实际上是没有抓住机遇投资，有时数据表现不佳却说明抓住了机遇投资。</p>\n<p class=\"art_p\" cms-style=\"font-L\">现实是，阿里巴巴核心电商的月活用户超过了7亿，拼多多年度活跃用户突破了5亿，京东年活跃用户也达到了3.4亿，市场趋于饱和，三家都想争夺的下沉市场，目标用户逐渐重合，电商的鏖战早已吹响号角。比起”长期投资“，拼多多当下更需要的是缩减亏损、提高营收以稳定投资者的军心。</p>\n<p class=\"art_p\" cms-style=\"font-L\">拼多多的后路是，为补贴设置经营度量参数，一旦超过某个水平，即改变补贴策略。黄峥表示，这部分的数据有望在下季度公开。</p>\n<p class=\"art_p\" cms-style=\"font-L\">从本次财报来看，拼多多未改烧钱引流量的作风，百亿补贴也确实助推了用户增长，而市场还能够包容其亏损模式多久却不得而知。</p>	\n	\n<div id=\"wx_pic\" style=\"margin:0 auto;display:none;\">\n	<img src=\"//n.sinaimg.cn/default/2fb77759/20151125/320X320.png\">\n</div>\n</section>'),(109,101,'<section class=\"art_pic_card art_content\">\n<p class=\"art_p\">原标题：以色列空袭叙为“报复伊朗”？叙称袭击致平民死亡</p>\n<p class=\"art_p\" cms-style=\"font-L\">中新网11月21日电 综合报道，当地时间20日凌晨，以色列军队对叙利亚境内发射多枚导弹。以军方称，此次袭击针对“数十个伊朗和叙利亚目标”。叙利亚方面则称，防空系统“摧毁了大部分导弹”，但袭击仍造成2名平民死亡、多人受伤。</p>\n<p class=\"art_p\" cms-style=\"font-L strong-Bold\">[以色列：袭击为“报复伊朗”]</p>\n<p class=\"art_p\" cms-style=\"font-L\">以色列军方称，该国战机20日凌晨发射多枚导弹，袭击叙首都大马士革周边地区，轰炸了叙利亚境内 “数十个伊朗和叙利亚目标”，并摧毁了多个地对空导弹、指挥部、军火库以及军事基地。</p>\n<p class=\"art_p\" cms-style=\"font-L\">以色列总理内塔尼亚胡随后宣布，对伊朗在叙利亚境内目标的夜间空袭是对其袭击以色列领土的报复，并称政府将继续保卫国家安全。</p>\n<p class=\"art_p\" cms-style=\"font-L\">随后，以色列图像卫星国际公司公布了一批卫星照片，展示了以色列空袭叙利亚西南部取得的战果。从照片中可见，大马士革机场旁的“玻璃塔”顶部两层已经被彻底摧毁。</p>\n<p class=\"art_p\" cms-style=\"font-L strong-Bold\">[叙利亚：袭击致2名平民死亡]</p>\n<p class=\"art_p\" cms-style=\"font-L\">叙利亚媒体则表示，袭击是从“从黎巴嫩和巴勒斯坦领土”而来，以方向首都大马士革周边发射了多颗导弹。</p>\n<p class=\"art_p\" cms-style=\"font-L\">叙方称，防空系统“摧毁了大部分导弹”，但袭击仍造成2名平民死亡、多人受伤。</p>\n<p class=\"art_p\" cms-style=\"font-L\">叙利亚国家电视台20日的画面显示，袭击造成当地部分民居设施损毁，叙方正在对袭击造成的损失进行评估，大马士革农村省将为修复遭此次袭击破坏的民居提供援助。</p>\n<p class=\"art_p\" cms-style=\"font-L strong-Bold\">[俄罗斯：袭击加剧紧张局势]</p>\n<p class=\"art_p\" cms-style=\"font-L\">袭击发生后，俄罗斯外交部表示，以色列骤然加强针对叙利亚境内目标的导弹和火箭弹打击，事态发展“极为令人担忧”，莫斯科对此表示反对。</p>\n<p class=\"art_p\" cms-style=\"font-L\">俄方认为，“必须尊重叙利亚以及中东地区其他国家的主权和领土完整。以色列的行动只会加剧紧张，增加冲突风险，这与为实现叙利亚局势正常化，实现叙利亚稳定和叙利亚问题政治解决所做出的努力是背道而驰的。”</p>\n<p class=\"art_p\" cms-style=\"font-L\">美国和以色列指认伊朗向叙利亚、伊拉克等国输送军事人员和武器，扰乱地区局势。伊朗予以否认，说派少量军事顾问是应这些国家要求。</p><div class=\"plugins_readMore_docplugin from_subject\" data-content=\'{\"docs\":[{\"url\":\"https:\\/\\/news.sina.cn\\/gj\\/2019-11-22\\/detail-iihnzhfz0843228.d.html\",\"title\":\"以色列轰炸叙首都 联合国:叙利亚有千万人需帮助\",\"newsId\":\"ihnzhfz0843228-comos-news-cms\"},{\"url\":\"https:\\/\\/news.sina.cn\\/gj\\/2019-11-21\\/detail-iihnzahi2282434.d.html\",\"title\":\"以色列战机空袭叙利亚 打击伊朗和叙政府军目标\",\"newsId\":\"ihnzahi2282434-comos-news-cms\"},{\"url\":\"https:\\/\\/news.sina.cn\\/gj\\/2019-11-20\\/detail-iihnzhfz0496624.d.html\",\"title\":\"以色列向大马士革发射导弹 2人死亡多人受伤\",\"newsId\":\"ihnzhfz0496624-comos-news-cms\"},{\"url\":\"https:\\/\\/news.sina.cn\\/gj\\/2019-11-20\\/detail-iihnzahi2140598.d.html\",\"title\":\"以色列大规模空袭大马士革 报复叙火箭弹袭击(图)\",\"newsId\":\"ihnzahi2140598-comos-news-cms\"},{\"url\":\"https:\\/\\/news.sina.cn\\/2019-11-19\\/detail-iihnzahi1931368.d.html\",\"title\":\"以色列拦截从叙利亚发射的4枚火箭弹\",\"newsId\":\"ihnzahi1931368-comos-news-cms\"}],\"url\":\"http:\\/\\/news.sina.cn\\/zt_d\\/kongxi1121\",\"newsId\":\"HB-1-super_subject\\/index-subject-ihnzhfz0860644\",\"text\":\"进入专题\"}\'></div>	\n	\n<div id=\"wx_pic\" style=\"margin:0 auto;display:none;\">\n	<img src=\"//n.sinaimg.cn/default/2fb77759/20151125/320X320.png\">\n</div>\n</section>'),(110,105,'<section class=\"art_pic_card art_content\">\n<p class=\"art_p\">原标题：美驻欧盟大使称曾施压乌克兰 <a href=\"https:%5C/%5C/news.sina.cn%5C/news_zt%5C/keyword.d.html?k=%E7%89%B9%E6%9C%97%E6%99%AE\">特朗普</a>手写声明回应</p>\n<p class=\"art_p\" cms-style=\"font-L\">中新网11月21日电 综合报道，当地时间11月20日，美国驻欧盟大使桑德兰在针对美总统特朗普的弹劾调查听证会上作证称，特朗普与乌克兰之间存在利益交换，且美政府高层对此事均知情。特朗普很快对此予以回应，还罕见地写一份声明要点，称自己什么都不想要，只是告诉乌总统去做正确的事情。</p>\n<a href=\"JavaScript:void(0)\">\r\n										<figure class=\"art_img_mini j_p_gallery\" data-type=\"simple\">\r\n											<img class=\"art_img_mini_img j_fullppt_cover\" src=\"data:image/png;base64,iVBORw0KGgoAAAANSUhEUgAAAAQAAAADAQMAAACOOjyFAAAAA1BMVEUAAACnej3aAAAAAXRSTlMAQObYZgAAAApJREFUCNdjAAMAAAYAAegKKqQAAAAASUVORK5CYII=\" data-src=\"//n.sinaimg.cn/translate/102/w550h352/20191109/76d3-ihyxcrq9731202.jpg\" alt=\"资料图：美国总统特朗普。中新社记者 陈孟统 摄\">\r\n										<img class=\"j_fullppt\" src=\"data:image/png;base64,iVBORw0KGgoAAAANSUhEUgAAAAQAAAADAQMAAACOOjyFAAAAA1BMVEUAAACnej3aAAAAAXRSTlMAQObYZgAAAApJREFUCNdjAAMAAAYAAegKKqQAAAAASUVORK5CYII=\" data-src=\"//n.sinaimg.cn/translate/102/w550h352/20191109/76d3-ihyxcrq9731202.jpg\" alt=\"资料图：美国总统特朗普。中新社记者 陈孟统 摄\" disabeld-show=\"true\" style=\"display:none\">\r\n											<h2 class=\"art_img_tit\">资料图：美国总统特朗普。中新社记者 陈孟统 摄</h2>\r\n										</figure>\r\n									</a>\n<p class=\"art_p\" cms-style=\"font-L strong-Bold\">[美驻欧盟大使：特朗普与乌克兰存在交易]</p>\n<p class=\"art_p\" cms-style=\"font-L\">据报道，20日，美国驻欧盟大使桑德兰出席众院弹劾调查公开听证会，他在开场陈词中表示，自己同其他两名美国官员受到特朗普的指示，与特朗普私人律师朱利安尼合作，施压乌克兰政府进行对特朗普有利的调查。不过桑德兰表示，他和特朗普从未具体谈论过军事援助。</p>\n<p class=\"art_p\" cms-style=\"font-L\">桑德兰还确认，他在7月26日与特朗普进行了通话，并表示他知道乌克兰的调查对特朗普很重要。特朗普此前曾表示自己不记得这次通话。</p>\n<p class=\"art_p\" cms-style=\"font-L\">“通话持续了五分钟。我记得我当时在基辅（乌克兰首都）的一家餐馆，所以我没有理由怀疑这次谈话包括调查的主题，”桑德兰说，特朗普的声音很响，他的语言很丰富多彩。</p>\n<p class=\"art_p\" cms-style=\"font-L\">桑德兰在听证会上还提及了他与特朗普在9月的一次对话。“当我问特朗普一个开放式的问题”桑德兰说，“你想从乌克兰那里得到什么。总统的回答是，‘我什么都不想要。我不想要条件交换，告诉泽连斯基做正确的事。’这是我从特朗普那里得到的全部。”</p>\n<a href=\"JavaScript:void(0)\">\r\n										<figure class=\"art_img_mini j_p_gallery\" data-type=\"simple\">\r\n											<img class=\"art_img_mini_img j_fullppt_cover\" src=\"data:image/png;base64,iVBORw0KGgoAAAANSUhEUgAAAAQAAAADAQMAAACOOjyFAAAAA1BMVEUAAACnej3aAAAAAXRSTlMAQObYZgAAAApJREFUCNdjAAMAAAYAAegKKqQAAAAASUVORK5CYII=\" data-src=\"//n.sinaimg.cn/translate/118/w550h368/20191121/7e12-iipztff8099885.jpg\" alt=\"图为前美国驻乌克兰特别事务代表沃克（左）和前美国国家安全委员会高级官员莫里森（右）出席19日弹劾调查听证会。中新社记者 沙晗汀 摄\">\r\n										<img class=\"j_fullppt\" src=\"data:image/png;base64,iVBORw0KGgoAAAANSUhEUgAAAAQAAAADAQMAAACOOjyFAAAAA1BMVEUAAACnej3aAAAAAXRSTlMAQObYZgAAAApJREFUCNdjAAMAAAYAAegKKqQAAAAASUVORK5CYII=\" data-src=\"//n.sinaimg.cn/translate/118/w550h368/20191121/7e12-iipztff8099885.jpg\" alt=\"图为前美国驻乌克兰特别事务代表沃克（左）和前美国国家安全委员会高级官员莫里森（右）出席19日弹劾调查听证会。中新社记者 沙晗汀 摄\" disabeld-show=\"true\" style=\"display:none\">\r\n											<h2 class=\"art_img_tit\">图为前美国驻乌克兰特别事务代表沃克（左）和前美国国家安全委员会高级官员莫里森（右）出席19日弹劾调查听证会。中新社记者 沙晗汀 摄</h2>\r\n										</figure>\r\n									</a>\n<p class=\"art_p\" cms-style=\"font-L strong-Bold\">[白宫高层迅速“切割”：从未和桑德兰讨论过乌克兰调查]</p>\n<p class=\"art_p\" cms-style=\"font-L\">另一方面，桑德兰的证词还将多位白宫高层卷入此事。</p>\n<p class=\"art_p\" cms-style=\"font-L\">桑德兰披露称，蓬佩奥也参与并指示他和其他外交官与朱利安尼合作，施压乌克兰。桑德兰还宣称，副总统彭斯，美能源部长佩里和白宫幕僚长等人也知晓此事。</p>\n<p class=\"art_p\" cms-style=\"font-L\">对此，正在布鲁塞尔防卫蓬佩奥表示，他整天忙于工作和开会，没有看桑德兰作证的转播。他并强调对美国的乌克兰政策感到骄傲。</p>\n<p class=\"art_p\" cms-style=\"font-L\">而美副总统彭斯办公室也迅速发声明，将自己与可能造成破坏性的证词进行了切割。</p>\n<p class=\"art_p\" cms-style=\"font-L\">彭斯办公厅主任马克 肖特（Marc Short）在一份声明中说：“多名证人已宣誓作证，彭斯副总统从未在9月1日的波兰会议之前，期间或之后与乌克兰人或泽伦斯基总统，就亨特 拜登，前副总统乔 拜登，调查等问题进行过任何对话。”</p>\n<a href=\"JavaScript:void(0)\">\r\n										<figure class=\"art_img_mini j_p_gallery\" data-type=\"simple\">\r\n											<img class=\"art_img_mini_img j_fullppt_cover\" src=\"data:image/png;base64,iVBORw0KGgoAAAANSUhEUgAAAAQAAAADAQMAAACOOjyFAAAAA1BMVEUAAACnej3aAAAAAXRSTlMAQObYZgAAAApJREFUCNdjAAMAAAYAAegKKqQAAAAASUVORK5CYII=\" data-src=\"//n.sinaimg.cn/translate/116/w550h366/20190327/6MlF-hutwezf8933534.jpg\" alt=\"资料图：美国副总统彭斯。中新社记者 陈孟统 摄\">\r\n										<img class=\"j_fullppt\" src=\"data:image/png;base64,iVBORw0KGgoAAAANSUhEUgAAAAQAAAADAQMAAACOOjyFAAAAA1BMVEUAAACnej3aAAAAAXRSTlMAQObYZgAAAApJREFUCNdjAAMAAAYAAegKKqQAAAAASUVORK5CYII=\" data-src=\"//n.sinaimg.cn/translate/116/w550h366/20190327/6MlF-hutwezf8933534.jpg\" alt=\"资料图：美国副总统彭斯。中新社记者 陈孟统 摄\" disabeld-show=\"true\" style=\"display:none\">\r\n											<h2 class=\"art_img_tit\">资料图：美国副总统彭斯。中新社记者 陈孟统 摄</h2>\r\n										</figure>\r\n									</a>\n<p class=\"art_p\" cms-style=\"font-L\"><strong>[特朗普“手书”曝光 称自己什么都不想要]</strong></p>\n<p class=\"art_p\" cms-style=\"font-L\">作为弹劾案的“主人公”，特朗普在启程前往得州奥斯汀回应了桑德兰的证词。他表示，自己在关于乌克兰议题的电话中反复告诉桑德兰，他“什么都不想要”。</p>\n<p class=\"art_p\" cms-style=\"font-L\">与以往惯例不同，特朗普在白宫并没有回答记者的提问，而是照着笔记本上的内容，回复了记者。</p>\n<p class=\"art_p\" cms-style=\"font-L\">据美国媒体报道，特朗普的笔记本上手写着几行大字，内容为“我什么都不想要，我什么都不想要，我不想要条件交换，我只是告诉泽连斯基做正确的事，这是美国总统最后说的话。”</p>\n<p class=\"art_p\" cms-style=\"font-L\">特朗普试图保持自己与桑德兰的距离，“这不是一个我很熟的人。”特朗普强调，“虽然，他似乎是一个很好的人。”</p><div class=\"plugins_readMore_docplugin from_subject\" data-content=\'{\"docs\":[{\"url\":\"https:\\/\\/news.sina.cn\\/gj\\/2019-11-24\\/detail-iihnzhfz1290400.d.html\",\"title\":\"敏感时期博尔顿重返“推特” 指认白宫封禁其账号\",\"newsId\":\"ihnzhfz1290400-comos-news-cms\"},{\"url\":\"https:\\/\\/news.sina.cn\\/gj\\/2019-11-24\\/detail-iihnzahi2951753.d.html\",\"title\":\"美弹劾案:共和党一高层为查拜登或曾与乌官员接触\",\"newsId\":\"ihnzahi2951753-comos-news-cms\"},{\"url\":\"https:\\/\\/news.sina.cn\\/gj\\/2019-11-24\\/detail-iihnzhfz1360958.d.html\",\"title\":\"特朗普弹劾案：一组织公布百页文件或支持弹劾证词\",\"newsId\":\"ihnzhfz1360958-comos-news-cms\"},{\"url\":\"https:\\/\\/news.sina.cn\\/gj\\/2019-11-23\\/detail-iihnzhfz1200797.d.html\",\"title\":\"特朗普再就弹劾调查为自己辩解\",\"newsId\":\"ihnzhfz1200797-comos-news-cms\"},{\"url\":\"https:\\/\\/news.sina.cn\\/2019-11-22\\/detail-iihnzahi2611389.d.html\",\"title\":\"白宫：特朗普望参议院进行弹劾审判 期待拜登作证\",\"newsId\":\"ihnzahi2611389-comos-news-cms\"}],\"url\":\"http:\\/\\/news.sina.cn\\/zt_d\\/tanhe1\",\"newsId\":\"HB-1-super_subject\\/index-subject-icezueu8174392\",\"text\":\"进入专题\"}\'></div>	\n	\n<div id=\"wx_pic\" style=\"margin:0 auto;display:none;\">\n	<img src=\"//n.sinaimg.cn/default/2fb77759/20151125/320X320.png\">\n</div>\n</section>'),(111,106,'<section class=\"art_pic_card art_content\">\n<p class=\"art_p\">原标题：“我好愤怒、气到发抖！” 香港市民自发清理路障怒斥暴徒破坏香港</p>\n<p class=\"art_p\" cms-style=\"font-L\">[环球网报道]据香港“东网”、大公文汇全媒体等港媒报道，20日下午，大批香港市民自发到红磡海底隧道附近清理路障，有参与清障的市民对暴徒破坏香港感到很愤怒。其中罗女士怒斥暴徒把香港破坏到如此田地简直没天理，连在港的外国人都看不过眼。另一位陈女士也怒斥暴徒不知足，表示香港那么好，有些暴徒家长宁愿在街上静坐、纵容子女，也不知道想办法教育孩子及早重回正路。周围人闻言表示，“说地好”。</p>\n<p class=\"art_p\"><img id=\"0\" src=\"//n.sinaimg.cn/translate/158/w558h400/20191121/e33c-iipztff8120415.png\" alt=\"\"><span class=\"img_descr\"></span></p>\n<p class=\"art_p\" cms-style=\"font-L\">暴徒已连续数日占据香港理工大学校园，并在周边地区大肆堵路、破坏、纵火，导致连接香港岛与九龙的红磡海底隧道无法使用。</p>\n<p class=\"art_p\" cms-style=\"font-L\">“东网”报道称，数百名市民20日中午自发到红磡海底隧道清理路障，约300人带同扫帚、铁铲、水桶及劳工手套等用品，抵理工大学一带，欲往红磡海底隧道附近的马路清理路障。</p>\n<div sax-type=\"proxy\" class=\"j_native_opq191126 box\" data-inserttype=\"0\" style=\"margin:20px 0\" data-id=\"201711dingdingeb\"></div><p class=\"art_p\"><img id=\"1\" src=\"//n.sinaimg.cn/translate/158/w558h400/20191121/d187-iipztff8120416.png\" alt=\"\"><span class=\"img_descr\"></span></p>\n<p class=\"art_p\" cms-style=\"font-L\">在活动现场，罗女士称，“我真的好愤怒，你看下我气到脚都发抖了”，“天哪，这班小孩子啊，这么做是没天理的”，她反问“好好的家，我们的香港这么好，为什么要打烂它啊，为什么啊”？她说，“现在外国人都在帮我们清理街道，为什么我们香港人，不去好好保护它呢”，“这些孩子，真的是不懂事，我们很愤怒”。罗女士还提到，怕被他们（暴徒）打，六点钟就起床，来捡砖头。</p>\n<p class=\"art_p\" cms-style=\"font-L\">在一旁的陈女士也说，有些父母在尖沙咀静坐，你（应该）将这些时间拿来好好教育你的子女，教你的子女如何走回正路。她还气愤地说，“香港政策太好了，如果在国外，早就已经把他们全部打死了”，“这么个造反法，不知所谓啊”，最后，她表示“我好生气，不讲了”，随后离开。</p>\n<p class=\"art_p\" cms-style=\"font-L\">报道称，参与清理路障活动的工联会会长吴秋北表示，希望号召全港市民一起清洁香港，团结一起止暴制乱，对抗“黑色暴力”，又呼吁群众清理垃圾，助香港尽快恢复原貌。</p><p style=\"text-align:right;\" class=\"article-editor\">责任编辑：刘德宾 SN222</p><div class=\"plugins_readMore_docplugin from_subject\" data-content=\'{\"docs\":[{\"url\":\"https:\\/\\/news.sina.cn\\/gn\\/2019-11-26\\/detail-iihnzhfz1808869.d.html\",\"title\":\"杨洁篪：中方坚决反对和强烈谴责美通过涉港法案\",\"newsId\":\"ihnzhfz1808869-comos-news-cms\"},{\"url\":\"https:\\/\\/news.sina.cn\\/gn\\/2019-11-26\\/detail-iihnzahi3419424.d.html\",\"title\":\"林郑月娥：表达任何诉求不应诉诸暴力\",\"newsId\":\"ihnzahi3419424-comos-news-cms\"},{\"url\":\"https:\\/\\/news.sina.cn\\/gn\\/2019-11-26\\/detail-iihnzahi3371019.d.html\",\"title\":\"港府就“禁蒙面法违宪”提出上诉\",\"newsId\":\"ihnzahi3371019-comos-news-cms\"},{\"url\":\"https:\\/\\/news.sina.cn\\/gn\\/2019-11-26\\/detail-iihnzhfz1813290.d.html\",\"title\":\"港理大校方搜寻留守暴徒暂无果 校内遍布危险品\",\"newsId\":\"ihnzhfz1813290-comos-news-cms\"},{\"url\":\"https:\\/\\/news.sina.cn\\/gn\\/2019-11-26\\/detail-iihnzahi3462252.d.html\",\"title\":\"港府：红磡海底隧道将于27日凌晨5点恢复开通\",\"newsId\":\"ihnzahi3462252-comos-news-cms\"}],\"url\":\"http:\\/\\/news.sina.cn\\/zt_d\\/hongkong0802\",\"newsId\":\"HB-1-super_subject\\/index-subject-hytcitm8757960\",\"text\":\"进入专题\"}\'></div>	\n	\n<div id=\"wx_pic\" style=\"margin:0 auto;display:none;\">\n	<img src=\"//n.sinaimg.cn/default/2fb77759/20151125/320X320.png\">\n</div>\n</section>'),(112,110,'<section class=\"art_pic_card art_content\">\n<p class=\"art_p\">原标题：在关乎大局的事上，这个厅为何要阳奉阴违？</p>\n<p class=\"art_p\"><img id=\"0\" src=\"//n.sinaimg.cn/translate/55/w1080h575/20191121/81a3-iipztff8101722.jpg\" alt=\"\"></p>\n<div sax-type=\"proxy\" class=\"j_native_opq191126 box\" data-inserttype=\"0\" style=\"margin:20px 0\" data-id=\"201711dingdingeb\"></div><p class=\"art_p\"><img id=\"1\" src=\"//n.sinaimg.cn/translate/368/w960h208/20191121/430b-iipztff8101721.jpg\" alt=\"\"></p>\n<p class=\"art_p\" cms-style=\"font-L align-Justify\">口红经济学我知道，经济形势不好的时候，对某些特殊商品的需求会增加，因为人们的消费更加精打细算了。但你如果非要去喝西北风，这就有点太夸张了。前几天，西安曲江新区对一些创新企业进行了补贴奖励，在奖励名单中一家名为“西安喝风辟谷国学文化传播有限责任公司”的企业，让人们惊掉了下巴。</p>\n<p class=\"art_p\" cms-style=\"font-L align-Justify\">你以为喝风真能省钱啊，据说参加他们一个班要花费两万多。花钱去饿肚子，这个逻辑我把肚子想饿了都没弄明白。少吃点确实对健康有好处，但要靠饿肚子来治病，就有点扯了。不过最让人想不通的是，这么一家不着调的公司，被谁列进了创新企业的名单，还要拿纳税人的钱予以奖励。是曲江新区对创新企业过于渴望，还是政府补贴的审核监管漏洞太多？</p>\n<p class=\"art_p\" cms-style=\"font-L align-Justify\">和曲江新区的审核“低门槛”相比，<a href=\"https://news.sina.com.cn/c/2019-11-20/doc-iihnzhfz0570138.shtml\">甘肃省人社厅</a>在这方面又显得过于严格了。</p>\n<p class=\"art_p\" cms-style=\"font-L align-Justify\">为了吸引更多人才，今年初甘肃省委组织部、省人社厅等4部门出台政策，将引进高层次人才由事前审批改为事后备案。这本是简化流程，加速人才引进落地的好事，也符合全国“放管服”改革的精神。但甘肃省人社厅前几天被严厉问责了。</p>\n<p class=\"art_p\" cms-style=\"font-L align-Justify\">原来人社厅前脚出台了政策，后脚就将事后备案变相分为招聘计划备案、考试体检备案、审批结果备案等3个事前备案环节，事后备案成了“变相审批”。此外，他们还要求省属高校和科研院所引进高层次人才的报备材料必须由甘肃省委编办、省教育厅盖章后上报，否则人社厅不予受理。一家高校为了发布一个招聘公告，就报备了5次。</p>\n<p class=\"art_p\" cms-style=\"font-L align-Justify\">这么一折腾的结果是，今年1月人社厅发布的招聘公告，经过5个月才完成第一个引进博士的“备案”，到7月底，还没有1名高层次人才真正引进落地。甘肃省委日前对任性用权制约高层次人才引进工作的甘肃省人社厅进行严肃问责处理，给予人社厅厅长诫勉处理；分管副厅长闫敬明党内警告处分，免去其副厅长职务；事业处处长等其他3名责任人也都分别给予处分。</p>\n<p class=\"art_p\" cms-style=\"font-L align-Justify\">在这个事件中，甘肃省人社厅的心态特别值得琢磨。按理说事后备案的政策也是你们出台的，怎么一掉头就不认可了，还拐弯抹角想办法让这件事干不成呢？其实道理也很简单，就是让引进人才变简便这事，他们内心深处不想干，但是上面有压力又不得不干。</p>\n<p class=\"art_p\" cms-style=\"font-L align-Justify\">人才外流是甘肃的老问题，这届省委、省政府领导班子对吸引人才、留住人才尤其重视，专门出台了相关文件，今年初省委组织部长还专门赴清华大学就引进高层次人才进行宣讲。不难理解，人社厅等四部门的事后备案政策，正是应上级的要求出台的。那么人社厅后来的“管卡压”是为了利益寻租么？甘肃省委省政府的处理，肯定是经过调查后作出的，通报中并未提及人社厅工作人员吃拿卡要的问题。</p>\n<p class=\"art_p\" cms-style=\"font-L align-Justify\">未见权力寻租，人社厅的动机才更值得深究。说起来“放管服”改革最重要的一环，就是政府部门放权。几个环节中，顶层主动推动，基层是获益者，唯一看上去“失去”的就是中间的一些部门。权力这种东西，即使不马上用来“变现”，在自己手里总比在别人手里要好。所以一些部门在上有压力，下有期盼的情势下，仍然要想方设法留住权力，这就形成了改革推进的“中梗阻”。</p>\n<p class=\"art_p\" cms-style=\"font-L align-Justify\">这些部门恋栈的同时，往往还呈现出不想放权与不想负责交织的心态。作为引进高人层次人才的主要对接部门，甘肃省人社厅硬要拉上编办和教育厅“背书”，他们不盖章我们不受理。审批大权我不能放下去，但出了问题，却不能我自己背锅。他们的出发点不是有利甘肃全省人才引进的大局，而是部门利益受不受损，正如通报所说，根本上还是政治站位出了问题。</p>\n<p class=\"art_p\" cms-style=\"font-L align-Justify\">甘肃人才东南飞，早已经不是新鲜话题了，有人说兰州大学流失的人才都够再组建一所大学的了。对甘肃而言，除了要引才，也应该深入反思一下，人才为什么会外流，以及怎样稳住现有人才资源的基本盘。人才最需要什么？高薪名誉诚然重要，但他们更想要的是一个能施展才华的舞台。而搭建这样的舞台，需要破除官场上论资排辈、舞权弄势等风气，也需要破除因循守旧的文化。<a href=\"https:%5C/%5C/news.sina.cn%5C/news_zt%5C/keyword.d.html?k=%E8%8B%8F%E8%8D%A3\">苏荣</a>、王三运、虞海燕等人<a href=\"https:%5C/%5C/news.sina.cn%5C/news_zt%5C/keyword.d.html?k=%E8%90%BD%E9%A9%AC\">落马</a>后，甘肃持续清理政治生态，这无疑会起到第一推动作用。但需要深刻反思的，却不仅仅是人社厅一家。</p>\n	\n	\n<div id=\"wx_pic\" style=\"margin:0 auto;display:none;\">\n	<img src=\"//n.sinaimg.cn/default/2fb77759/20151125/320X320.png\">\n</div>\n</section>'),(113,111,'<section class=\"art_pic_card art_content\">\n<p class=\"art_p\">原标题：湖北大学哲学学院一研究生硕士学位论文被指涉嫌抄袭他人论文</p>\n<p class=\"art_p\" cms-style=\"font-L\">近日，有网友反映湖北大学哲学学院研究生高君路的硕士学位论文涉嫌抄袭南京师范大学公共管理学院哲学系研究生陶涛的硕士学位论文，对此，湖北大学研究生院和哲学学院办公室工作人员接受澎湃新闻（www.thepaper.cn）采访时表示，核实后将联系记者。</p>\n<p class=\"art_p\" cms-style=\"font-L\">澎湃新闻记者在中国知网上找到了南京师范大学公共管理学院哲学系伦理学专业研究生陶涛2008年5月发表的硕士学位论文《康德的道德自由观》，以及湖北大学哲学学院外国哲学专业、研究方向为德国古典哲学的研究生高君路2014年5月发表的硕士学位论文《康德道德自由论探究》。经澎湃新闻记者比对发现，两篇论文部分内容基本一样。陶涛的硕士学位论文比高君路的硕士学位论文发表早6年。</p>\n<p class=\"art_p\"><img id=\"0\" src=\"//n.sinaimg.cn/translate/74/w2048h1226/20191121/ec17-iipztff8086875.png\" alt=\"\"><span class=\"img_descr\"></span></p>\n<p class=\"art_p\" cms-style=\"font-L\">两篇论文的目录基本一致，左为高君路论文目录。</p>\n<div sax-type=\"proxy\" class=\"j_native_opq191126 box\" data-inserttype=\"0\" style=\"margin:20px 0\" data-id=\"201711dingdingeb\"></div><p class=\"art_p\"><img id=\"1\" src=\"//n.sinaimg.cn/translate/716/w2048h1068/20191121/3c09-iipztff8086879.png\" alt=\"\"><span class=\"img_descr\"></span></p>\n<p class=\"art_p\" cms-style=\"font-L\">篇论文中英文摘要完全一致，最右为陶涛论文。</p>\n<p class=\"art_p\" cms-style=\"font-L\">如陶涛在其论文的第三部分“实践自由”中的第一段写道：自由作为先验的理念，虽然已在纯粹理性批判中给予了其存在的可能性，但是它还未经证实。同时，“如果我们目前能够找到一些理由去证明，这种属性事实上应属于人类的意志并同样也属于一切有理性的存在者的意志，那么由此就并不只是说明了纯粹理性可以是实践的，而且也说明只有纯粹理性、而不是受到经验性的局限的理性，才是无条件地实践的。”也就是说，如果我们证明了自由这种属性属于人类的意志，那么纯粹理性的实践运用也就可以得到证明。</p>\n<p class=\"art_p\" cms-style=\"font-L\">高君路论文中“实践自由”这一部分的第一段内容如下：自由作为先验的理念，虽然已经在纯粹理性批判中给予了它存在的可能性，但是它还没有被确切证明它的“实在性”。同时，“如果我们目前能够找到一些理由去证明，这种属性事实上应属于人类的意志并同样也属于一切有理性的存在者的意志，那么由此就并不只是说明了纯粹理性可以是实践的，而且也说明只有纯粹理性！而不是受到经验性的局限的理性，才是无条件地实践的。”这句话的意思就是，假若我们证明了自由这一属性属于人类的意志，那么纯粹理性的实践运用也就可以得到证实了。</p>\n<p class=\"art_p\" cms-style=\"font-L\">两段内容基本一致，只是高君路在其论文中对一些表述略作修改。</p>\n<p class=\"art_p\" cms-style=\"font-L\">除此之外，高君路硕士学位论文中的致谢内容也涉嫌大面积抄袭了陶涛论文中的后记内容。</p>\n<p class=\"art_p\" cms-style=\"font-L\">如，陶涛在其硕士学位论文后记部分中写道：……我相信，“自由”虽不创造生命，却赋予生命以意义。对于生命意义的追寻，是我选择伦理学作为专业的原因；而选择“自由”作为毕业论文的主题，则是我努力进入伦理学殿堂的尝试……我爱这篇论文，犹如皮格马利翁热爱他的雕像。皮格马利翁仅需向爱神寻求帮助，便可将雕像变为挚爱的美人；而我能够完成此文，却离不开太多无私的支持……康德曾说“我己经给自己预先勾画出我要执著前进的轨道。我将步入我的进程，没有什么能阻止我继续走下去。”那年，他22岁。</p>\n<p class=\"art_p\" cms-style=\"font-L\">而高君路则在其论文的致谢中写道：……我相信，“自由”虽不创造生命，却赋予生命以意义。对于生命意义的追寻，是我选择伦理学作为专业的原因；而选择“自由”作为毕业论文的主题，则是我努力进入伦理学殿堂的尝试……我爱这篇论文，犹如皮格马利翁热爱他的雕像。皮格马利翁仅需向爱神寻求帮助，便可将雕像变为挚爱的美人；而我能够完成此文，却离不开太多无私的支持……康德曾说：“我己经给自己预先勾画出我要执著前进的轨道。我将步入我的进程，没有什么能阻止我继续走下去。”那年，他22岁。</p>\n<p class=\"art_p\" cms-style=\"font-L\">根据上述两段文字可以发现，内容几乎完全一致，甚至原本专业为外国哲学、研究方向为德国古典哲学的研究生高君路，在致谢中，专业也变成了“伦理学”。</p>\n<p class=\"art_p\" cms-style=\"font-L\">澎湃新闻记者分别致电湖北大学哲学学院及研究生院办公室，对方均表示针对高君路论文涉嫌抄袭的问题，核实后将联系记者。</p><p style=\"text-align:right;\" class=\"article-editor\">责任编辑：刘德宾 SN222</p>	\n	\n<div id=\"wx_pic\" style=\"margin:0 auto;display:none;\">\n	<img src=\"//n.sinaimg.cn/default/2fb77759/20151125/320X320.png\">\n</div>\n</section>'),(114,113,'<section class=\"art_pic_card art_content\">\n<p class=\"art_p\">原标题：首届中国品牌商品展亮相哥伦比亚</p>\n<p class=\"art_p\">来源：央视新闻客户端</p>\n<div sax-type=\"proxy\" class=\"j_native_opq191126 box\" data-inserttype=\"0\" style=\"margin:20px 0\" data-id=\"201711dingdingeb\"></div><p class=\"art_p\"><img id=\"0\" src=\"//n.sinaimg.cn/translate/271/w650h421/20191121/2038-iipztff8083849.png\" alt=\"\"><span class=\"img_descr\"></span></p>\n<p class=\"art_p\"><img id=\"1\" src=\"//n.sinaimg.cn/translate/94/w539h355/20191121/12e0-iipztff8083848.png\" alt=\"\"><span class=\"img_descr\"></span></p>\n<p class=\"art_p\" cms-style=\"font-L\">当地时间20日，由中国商务部、哥伦比亚贸易、工业和旅游部共同主办的首届中国品牌商品展在哥伦比亚首都波哥大开幕。重庆市和波哥大市共同作为本次展览的主宾国。</p>\n<p class=\"art_p\" cms-style=\"font-L\">在为期三天的展览期间，共有45家中国汽车、医疗等不同行业的企业，以及20余家哥伦比亚企业参展。</p>\n<p class=\"art_p\" cms-style=\"font-L\">主办方表示，今年哥伦比亚参加中国进博会并设立国家馆，中国品牌商品展也第一次走进哥伦比亚，在两国交建近40周年之际，日益紧密经贸往来有助于积极落实习近平主席与杜克总统在今年7月达成的一系列重要共识，共同推动中哥关系进一步发展。</p>\n<p class=\"art_p\" cms-style=\"font-L\">近年来，随着中哥两国友好关系快速发展，两国在各领域合作不断深入，双边贸易额持续增长。据介绍，2018年中哥货物贸易总额达146亿美元，同比增长29.2%。其中，中方出口87.2亿美元，同比增长17.2%。（央视记者 高雪）</p><p style=\"text-align:right;\" class=\"article-editor\">责任编辑：刘德宾 SN222</p>	\n	\n<div id=\"wx_pic\" style=\"margin:0 auto;display:none;\">\n	<img src=\"//n.sinaimg.cn/default/2fb77759/20151125/320X320.png\">\n</div>\n</section>'),(115,114,'<section class=\"art_pic_card art_content\">\n<p class=\"art_p\">原标题：“假画”也值钱？《蒙娜丽莎》复制品拍出430万元</p>\n<p class=\"art_p\" cms-style=\"font-L\">中新网11月21日电 综合报道，日前，一幅达·芬奇名作《蒙娜丽莎》的复制品在苏富比拍卖行售出，成交价格55.25万欧元（约合人民币430万元）。</p>\n<a href=\"JavaScript:void(0)\">\r\n										<figure class=\"art_img_mini j_p_gallery\" data-type=\"simple\">\r\n											<img class=\"art_img_mini_img j_fullppt_cover\" src=\"data:image/png;base64,iVBORw0KGgoAAAANSUhEUgAAAAQAAAADAQMAAACOOjyFAAAAA1BMVEUAAACnej3aAAAAAXRSTlMAQObYZgAAAApJREFUCNdjAAMAAAYAAegKKqQAAAAASUVORK5CYII=\" data-src=\"//n.sinaimg.cn/sinacn20191121ac/598/w698h700/20191121/7911-iipztff8086052.jpg\" alt=\"苏富比拍卖行关于这幅画作的说明。（图片来源：苏富比网页截图）\">\r\n										<img class=\"j_fullppt\" src=\"data:image/png;base64,iVBORw0KGgoAAAANSUhEUgAAAAQAAAADAQMAAACOOjyFAAAAA1BMVEUAAACnej3aAAAAAXRSTlMAQObYZgAAAApJREFUCNdjAAMAAAYAAegKKqQAAAAASUVORK5CYII=\" data-src=\"//n.sinaimg.cn/sinacn20191121ac/598/w698h700/20191121/7911-iipztff8086052.jpg\" alt=\"苏富比拍卖行关于这幅画作的说明。（图片来源：苏富比网页截图）\" disabeld-show=\"true\" style=\"display:none\">\r\n											<h2 class=\"art_img_tit\">苏富比拍卖行关于这幅画作的说明。（图片来源：苏富比网页截图）</h2>\r\n										</figure>\r\n									</a>\n<p class=\"art_p\" cms-style=\"font-L\">据称，这幅复制品创作于17世纪，最初估价为7万到9万欧元。最终的成交价远远高于估计。专家称，这是一幅质量上乘之作。有意思的是，复制品比达芬奇的原画还略大。</p>\n<p class=\"art_p\" cms-style=\"font-L\">苏富比拍卖行董事鲍克·科能（Baukje Coenen）在一份声明中表示，这一结果证明了“这幅标志性画作的持久魅力”。</p>\n<p class=\"art_p\" cms-style=\"font-L\">《蒙娜丽莎》真迹藏于巴黎卢浮宫。</p>	\n	\n<div id=\"wx_pic\" style=\"margin:0 auto;display:none;\">\n	<img src=\"//n.sinaimg.cn/default/2fb77759/20151125/320X320.png\">\n</div>\n</section>'),(116,116,'<section class=\"art_pic_card art_content\">\n<p class=\"art_p\">原标题：今明天北京气温回升</p>\n<p class=\"art_p\" cms-style=\"font-L\">中国天气网讯 预计今明（21-22日）两天，北京市白天的气温将会稳步回升，在10℃左右，但是夜间的气温依旧低迷。明天夜间，北部地区可能会有小雨；周六夜间，北部山区将会有雨夹雪；而到周日时，北京市将会迎来新一轮的降温，提醒市民注意保暖。</p>\n<p class=\"art_p\" cms-style=\"font-L\">监测显示，昨天清晨5时左右， 南郊观象台最低气温为零下3.9℃，截至目前，这是今年下半年出现的最低温度。昨天白天，北京最高温度为7.7℃，较前一天有小幅度上升，感觉稍微暖和一些。</p>\n<a href=\"JavaScript:void(0)\">\r\n									<figure class=\"art_img_mini j_p_gallery\" data-type=\"simple\">\r\n										<img class=\"art_img_mini_img j_fullppt_cover\" src=\"data:image/png;base64,iVBORw0KGgoAAAANSUhEUgAAAAQAAAADAQMAAACOOjyFAAAAA1BMVEUAAACnej3aAAAAAXRSTlMAQObYZgAAAApJREFUCNdjAAMAAAYAAegKKqQAAAAASUVORK5CYII=\" data-src=\"//n.sinaimg.cn/news/crawl/59/w550h309/20191121/f713-iipztff8086386.jpg\" alt=\"今早，北京寒意十足。（图/王晓）\">\r\n									<img class=\"j_fullppt\" src=\"data:image/png;base64,iVBORw0KGgoAAAANSUhEUgAAAAQAAAADAQMAAACOOjyFAAAAA1BMVEUAAACnej3aAAAAAXRSTlMAQObYZgAAAApJREFUCNdjAAMAAAYAAegKKqQAAAAASUVORK5CYII=\" data-src=\"//n.sinaimg.cn/news/crawl/59/w550h309/20191121/f713-iipztff8086386.jpg\" alt=\"今早，北京寒意十足。（图/王晓）\" disabeld-show=\"true\" style=\"display:none\">\r\n										<h2 class=\"art_img_tit\">今早，北京寒意十足。（图/王晓）</h2>\r\n									</figure>\r\n								</a>\n<p class=\"art_p\" cms-style=\"font-L\">预计今明两天，北京市白天的气温将会稳步回升，但是夜间气温依旧低迷。根据北京市气象台今早6时发布的最新预报，今天白天多云，北转南风2、3级，最高气温8℃，上班时气温0-2℃；夜间多云，南转北风1、2级，最低气温零下1℃。</p>\n<p class=\"art_p\" cms-style=\"font-L\">明天白天，最高气温预计在10℃左右；明天夜间，北部地区可能会有小雨，市民出门需注意携带雨具。</p>\n<div class=\"img_wrapper\">\n<a href=\"JavaScript:void(0)\">\r\n									<figure class=\"art_img_mini j_p_gallery\" data-type=\"simple\">\r\n										<img class=\"art_img_mini_img j_fullppt_cover\" src=\"data:image/png;base64,iVBORw0KGgoAAAANSUhEUgAAAAQAAAADAQMAAACOOjyFAAAAA1BMVEUAAACnej3aAAAAAXRSTlMAQObYZgAAAApJREFUCNdjAAMAAAYAAegKKqQAAAAASUVORK5CYII=\" data-src=\"//n.sinaimg.cn/news/crawl/25/w550h275/20191121/6822-iipztff8086406.png\" alt=\"\">\r\n									<img class=\"j_fullppt\" src=\"data:image/png;base64,iVBORw0KGgoAAAANSUhEUgAAAAQAAAADAQMAAACOOjyFAAAAA1BMVEUAAACnej3aAAAAAXRSTlMAQObYZgAAAApJREFUCNdjAAMAAAYAAegKKqQAAAAASUVORK5CYII=\" data-src=\"//n.sinaimg.cn/news/crawl/25/w550h275/20191121/6822-iipztff8086406.png\" alt=\"\" disabeld-show=\"true\" style=\"display:none\">\r\n										<h2 class=\"art_img_tit\"></h2>\r\n									</figure>\r\n								</a>\n</div>\n<p class=\"art_p\" cms-style=\"font-L\">而到了周六，白天的天空云量较多，夜间北部山区将会有雨夹雪，北风3、4级；周日白天天气逐渐转晴，北风4级左右，将会带来新一轮的降温，提醒市民需注意保暖，谨防感冒。</p><p style=\"text-align:right;\" class=\"article-editor\">责任编辑：刘德宾 SN222</p>	\n	\n<div id=\"wx_pic\" style=\"margin:0 auto;display:none;\">\n	<img src=\"//n.sinaimg.cn/default/2fb77759/20151125/320X320.png\">\n</div>\n</section>'),(117,117,'<section class=\"art_pic_card art_content\">\n<p class=\"art_p\">来源：气象北京</p>\n<p class=\"art_p\">市气象台21日6时发布：今天白天多云，北转南风二三级，最高气温8℃，上班时气温0到2℃；夜间多云，南转北风一二级，最低气温零下1℃。未来两天天空云量较多，气温逐渐回升。但早晚气温低，早出晚归注意保暖；空气干燥，需注意用火用电安全，谨防火灾。</p>\n<a href=\"JavaScript:void(0)\">\r\n									<figure class=\"art_img_mini j_p_gallery\" data-type=\"simple\">\r\n										<img class=\"art_img_mini_img j_fullppt_cover\" src=\"data:image/png;base64,iVBORw0KGgoAAAANSUhEUgAAAAQAAAADAQMAAACOOjyFAAAAA1BMVEUAAACnej3aAAAAAXRSTlMAQObYZgAAAApJREFUCNdjAAMAAAYAAegKKqQAAAAASUVORK5CYII=\" data-src=\"//n.sinaimg.cn/news/transform/699/w550h149/20191121/5813-iipztff8064448.png\" alt=\"\">\r\n									<img class=\"j_fullppt\" src=\"data:image/png;base64,iVBORw0KGgoAAAANSUhEUgAAAAQAAAADAQMAAACOOjyFAAAAA1BMVEUAAACnej3aAAAAAXRSTlMAQObYZgAAAApJREFUCNdjAAMAAAYAAegKKqQAAAAASUVORK5CYII=\" data-src=\"//n.sinaimg.cn/news/transform/699/w550h149/20191121/5813-iipztff8064448.png\" alt=\"\" disabeld-show=\"true\" style=\"display:none\">\r\n										<h2 class=\"art_img_tit\"></h2>\r\n									</figure>\r\n								</a><p style=\"text-align:right;\" class=\"article-editor\">责任编辑：刘德宾 SN222</p>	\n	\n<div id=\"wx_pic\" style=\"margin:0 auto;display:none;\">\n	<img src=\"//n.sinaimg.cn/default/2fb77759/20151125/320X320.png\">\n</div>\n</section>'),(118,104,'<section class=\"art_pic_card art_content\">\n<p class=\"art_p\">原标题：涉黑嫌疑人当庭指认检察官为“保护伞”，双方当庭“互呛”</p>\n\n<p class=\"art_p\" cms-style=\"font-L\">新京报讯 11月18日，尹光德涉黑案在重庆大足区法院首次开庭。庭审中，尹光德当庭指认主诉检察官唐浩为其“保护伞”并发生双方“互呛”。原计划的庭审被迫中止。目前，重庆扫黑办已介入调查。</p>\n<p class=\"art_p\" cms-style=\"font-L\">昨日，大足区检察院一名工作人员表示，如果调查结果显示被告人与检察官有关系，那么就要更换此案的公诉人，起诉书是否要重新拟定“都很难说”。</p>\n<a href=\"JavaScript:void(0)\">\r\n										<figure class=\"art_img_mini j_p_gallery\" data-type=\"simple\">\r\n											<img class=\"art_img_mini_img j_fullppt_cover\" src=\"data:image/png;base64,iVBORw0KGgoAAAANSUhEUgAAAAQAAAADAQMAAACOOjyFAAAAA1BMVEUAAACnej3aAAAAAXRSTlMAQObYZgAAAApJREFUCNdjAAMAAAYAAegKKqQAAAAASUVORK5CYII=\" data-src=\"//n.sinaimg.cn/translate/665/w400h265/20191121/b185-iipztff7586892.jpg\" alt=\"唐浩（右一）曾在今年1月底收到群众送来的锦旗。图/大足区人民检察院官方微信\">\r\n										<img class=\"j_fullppt\" src=\"data:image/png;base64,iVBORw0KGgoAAAANSUhEUgAAAAQAAAADAQMAAACOOjyFAAAAA1BMVEUAAACnej3aAAAAAXRSTlMAQObYZgAAAApJREFUCNdjAAMAAAYAAegKKqQAAAAASUVORK5CYII=\" data-src=\"//n.sinaimg.cn/translate/665/w400h265/20191121/b185-iipztff7586892.jpg\" alt=\"唐浩（右一）曾在今年1月底收到群众送来的锦旗。图/大足区人民检察院官方微信\" disabeld-show=\"true\" style=\"display:none\">\r\n											<h2 class=\"art_img_tit\">唐浩（右一）曾在今年1月底收到群众送来的锦旗。图/大足区人民检察院官方微信</h2>\r\n										</figure>\r\n									</a>\n<p class=\"art_p\" cms-style=\"font-L strong-Bold\">被指保护伞 检察官承认与被告人相熟</p>\n<p class=\"art_p\" cms-style=\"font-L\">大足区法院一名工作人员称，11月18日是此案的第一次开庭。在宣读起诉书环节很顺利，但在下午法庭进行调查程序时出现“意外”。</p>\n<p class=\"art_p\" cms-style=\"font-L\">据一名参与庭审的人士回忆，庭上，主诉检察官唐浩进行了询问。不过，审判长要求其改变带有倾向性的提问方式。尹光德的辩护律师同样对唐浩带有偏向性的提问方式当庭质疑，并要求审判长对其进行制止。</p>\n<p class=\"art_p\" cms-style=\"font-L\">唐浩的提问方式并未因此改变。此后便发生了令众人意外的一幕。尹光德当庭“情绪有些失控”，并指责唐浩：“我一直把你当大哥，我们以前关系那么好，你现在还把我往死里弄，你就不适合当这个案子的公诉人”。</p>\n<p class=\"art_p\" cms-style=\"font-L\">尹光德的发言很快被主审法官叫停，要求其发言与本案有关内容。但尹光德现场坚称，“上述内容亦与本案有关，与唐浩之间存在利害关系。”</p>\n<p class=\"art_p\" cms-style=\"font-L\">尹光德当庭表示，唐浩曾要求与其一起办公司，后因股东不同意，尹光德就送给唐浩一万块钱现金。尹光德称，他们平时经常在一起喝酒、吃饭和娱乐：“如果我是黑社会老大，那么你就是黑社会老大的保护伞嘛。”</p>\n<p class=\"art_p\" cms-style=\"font-L\">对此，唐浩当庭承认，其确实与尹光德是熟人，“但收他钱的情况跟本案无关，你应该向纪检委反映。”</p>\n<p class=\"art_p\" cms-style=\"font-L\">审判长表示，如尹光德及其辩护人提出明确的回避理由和事实，法院将其提交大足区人民检察院，由检察长决定唐浩是否回避。</p>\n<p class=\"art_p\" cms-style=\"font-L\">随后庭审继续，在当天下午的庭审中，唐浩继续担任第一公诉人。</p>\n<a href=\"JavaScript:void(0)\">\r\n										<figure class=\"art_img_mini j_p_gallery\" data-type=\"simple\">\r\n											<img class=\"art_img_mini_img j_fullppt_cover\" src=\"data:image/png;base64,iVBORw0KGgoAAAANSUhEUgAAAAQAAAADAQMAAACOOjyFAAAAA1BMVEUAAACnej3aAAAAAXRSTlMAQObYZgAAAApJREFUCNdjAAMAAAYAAegKKqQAAAAASUVORK5CYII=\" data-src=\"//n.sinaimg.cn/translate/667/w400h267/20191121/bd3b-iipztff7586855.jpg\" alt=\"大足区检察院的起诉书显示，尹光德一案的主诉检察官为唐浩。受访者供图\">\r\n										<img class=\"j_fullppt\" src=\"data:image/png;base64,iVBORw0KGgoAAAANSUhEUgAAAAQAAAADAQMAAACOOjyFAAAAA1BMVEUAAACnej3aAAAAAXRSTlMAQObYZgAAAApJREFUCNdjAAMAAAYAAegKKqQAAAAASUVORK5CYII=\" data-src=\"//n.sinaimg.cn/translate/667/w400h267/20191121/bd3b-iipztff7586855.jpg\" alt=\"大足区检察院的起诉书显示，尹光德一案的主诉检察官为唐浩。受访者供图\" disabeld-show=\"true\" style=\"display:none\">\r\n											<h2 class=\"art_img_tit\">大足区检察院的起诉书显示，尹光德一案的主诉检察官为唐浩。受访者供图</h2>\r\n										</figure>\r\n									</a>\n<p class=\"art_p\" cms-style=\"font-L strong-Bold\">被告人曾被刑拘后又“偷越国境”</p>\n<p class=\"art_p\" cms-style=\"font-L\">大足区检察院一名工作人员介绍，受此事影响，原计划庭审被迫中止，待有关部门调查后再开庭，目前时间未定。如果调查结果显示，主诉检察官确实与被告人尹光德存在利害关系，那么案件就会被“推倒”，“更换公诉人这个是避免不了的了。”</p>\n<p class=\"art_p\" cms-style=\"font-L\">尹光德的检方起诉书显示，该份起诉书由重庆市大足区人民检察院拟定，落款时间为2019年9月10日。起诉书长达50页。在公章处，几名检察官和检察官助理的名字按照先后顺序排列，其中第一个便是本案的主诉检察官“唐浩”。</p>\n<p class=\"art_p\" cms-style=\"font-L\">一名不愿具名的检察官称，被告人尹光德曾因赌博、贩卖毒品、容留他人吸毒、非法持有毒品受到相应的行政、刑事处罚。</p>\n<p class=\"art_p\" cms-style=\"font-L\">起诉书显示，今年1月6日，尹光德因涉嫌寻衅滋事罪，被大足区公安局刑事拘留。</p>\n<p class=\"art_p\" cms-style=\"font-L\">值得注意的是，就在尹光德被拘次日，他因“以其他方式偷越国（边）境”，又被警方行政拘留10日。大足区公安局一名工作人员回忆，其当时并非羁押状态，“被刑拘后，就改成监视居住”。</p>\n<p class=\"art_p\" cms-style=\"font-L\">1月16日，尹光德被检方批捕。</p>\n<p class=\"art_p\" cms-style=\"font-L strong-Bold\">检方指控被告人占股赌场 成立催债公司</p>\n<p class=\"art_p\" cms-style=\"font-L\">检察院公诉书显示，尹光德为首的涉黑组织层级分明、分工明确，实行分级管理，形成了“必须听大哥的话”、“遇事一起上”、“听招呼、懂规矩”、“树立强制地位、打压竞争对手”、“帮大哥扛事情”等不成文的组织规约和组织管理。</p>\n<p class=\"art_p\" cms-style=\"font-L\">起诉书显示，经依法审查查明，2013年12月，尹光德出狱后，强行在大足区地下赌场占股。次月，尹光德纠集人员强行占股并将他人砍伤，标志着以尹光德为首的黑社会性质组织成立。</p>\n<p class=\"art_p\" cms-style=\"font-L\">此外，尹光德还成立讨债公司、利用组织影响力进行经济活动等方式敛财860余万元，形成了24人参加的黑社会性质组织。起诉书指控，2014年以来，尹光德等人为维护组织利益、扩张势力范围、树立非法权威，先后实施了开设赌场、寻衅滋事、敲诈勒索、非法拘禁、故意伤害、诈骗、强迫交易等违法犯罪活动，致9人轻伤、13人轻微伤。</p>\n<p class=\"art_p\" cms-style=\"font-L strong-Bold\">回应：扫黑办已成立调查组介入调查</p>\n<p class=\"art_p\" cms-style=\"font-L\">20日上午，重庆市扫黑办相关负责人介绍，针对“重庆市大足区一涉黑案件被告人当庭指认主诉检察官为‘保护伞’”的情况，重庆市扫黑办已成立联合调查组，依法依纪开展调查工作，相关调查情况将适时向社会公布。</p>\n<p class=\"art_p\" cms-style=\"font-L\">据大足区人民检察院公开资料显示，唐浩是该院检察一部检察官。检察一部主要负责“危害国家安全、危害公共安全、扰乱公共秩序、侵犯公民人身民主权利、侵犯财产和危害国防利益犯罪案件的审查逮捕、审查起诉、立案监督、侦查活动监督、审判监督和羁押必要性审查等刑事检察工作；负责社会治安综合治理和相应案件的司法救助工作。”</p>\n<p class=\"art_p\" cms-style=\"font-L\">根据介绍，唐浩曾在今年1月底，因办案挽回损失有成效，大足区一家企业代表，还到检察院向唐浩送上了一面锦旗。</p>\n<p class=\"art_p\" cms-style=\"font-L strong-Bold\">对话：“被告人辩护律师事先并不知情”</p>\n<p class=\"art_p\" cms-style=\"font-L\">20日下午，新京报记者联系参与审理过程的步舒明（化名），他表示，在开庭前的庭前会议上，大足区法院曾就非法证据排除和是否申请回避等问题询问过尹光德方面，但他们当时并未指出涉及检察官唐浩的相关问题。</p>\n<p class=\"art_p\" cms-style=\"font-L\">新京报：案件审理原计划是怎样的？</p>\n<p class=\"art_p\" cms-style=\"font-L\">步舒明：原计划审理5天，事发当天是开庭的第一天，发生这样的事情，包括我在内，都感到很错愕，现场被告人与主诉检察官的对话，让人瞠目结舌。</p>\n<p class=\"art_p\" cms-style=\"font-L\">新京报：唐浩是如何有“倾向性”进行提问的？</p>\n<p class=\"art_p\" cms-style=\"font-L\">步舒明：庭审时，唐浩表现得有些“咄咄逼人”，用了一些“指使他人”、“安排他人”的词语。尹光德认为自己没有干过这些事情。唐浩提问就说他“你安排了”、“你指使了”，尹光德对这种带指控的发问方式反应有些激动。他认为自己没做，两人随后吵了起来。</p>\n<p class=\"art_p\" cms-style=\"font-L\">新京报：被告人的辩护律师对现场发生的情况事先了解吗？</p>\n<p class=\"art_p\" cms-style=\"font-L\">步舒明：辩护律师是被告人家属聘请的，事先不了解这个情况。尹光德应该也没想到会和“熟人”到庭上“撕裂”，最终双方在庭上吵起来。</p>\n<p class=\"art_p\" cms-style=\"font-L\">新京报：法庭是否保障过尹光德的回避权？</p>\n<p class=\"art_p\" cms-style=\"font-L\">步舒明：我第一反应是莫名其妙，因为之前已经保障过他的回避权，也向其提出来过，如果公诉人或者参加庭审的人，与他存在利害关系，包括在庭前会时，他都未提出来。他说，不需要申请回避。</p>\n<p class=\"art_p\" cms-style=\"font-L\">新京报：尹光德在庭上的发言大概多久？</p>\n<p class=\"art_p\" cms-style=\"font-L\">步舒明：唐浩问他，“你跟谁熟”，尹光德就回答跟唐浩最熟，“相比同案犯之间，根本就没有跟你熟”之类的话，说跟唐浩一起吃饭、喝酒，还帮过他，反复讲。他当时一直在讲很多细节。后来主审法官询问其是否申请主诉检察官回避，他才最终停下来。</p>\n<p class=\"art_p\" cms-style=\"font-L\">新京报：庭审中止对此前的准备有哪些影响？</p>\n<p class=\"art_p\" cms-style=\"font-L\">步舒明：这个案子的重心不在前面，重磅内容其实都在后面。如果相关调查结果出来，确认回避，那就会有新的检察官参与进来，不排除审理程序重新来过。</p>\n<p class=\"art_p\" cms-style=\"font-L\">新京报记者 李一凡</p><div class=\"plugins_readMore_docplugin from_subject\" data-content=\'{\"docs\":[{\"url\":\"https:\\/\\/news.sina.cn\\/sh\\/2019-11-20\\/detail-iihnzhfz0563670.d.html\",\"title\":\"他指认检察官: 说我是黑老大 那你是黑老大的老大\",\"newsId\":\"ihnzhfz0563670-comos-news-cms\"},{\"url\":\"https:\\/\\/news.sina.cn\\/gn\\/2019-11-19\\/detail-iihnzhfz0351293.d.html\",\"title\":\"黑老大当庭指认检察官：当你是大哥 你往死里弄我\",\"newsId\":\"ihnzhfz0351293-comos-news-cms\"},{\"url\":\"https:\\/\\/video.sina.cn\\/news\\/2019-11-21\\/detail-iihnzahi2459242.d.html\",\"title\":\"视频-黑老大当庭指认检察官后续：检察官被调查，黑老大妻子爆双方恩怨\",\"newsId\":\"ihnzahi2459242-comos-video-cms\"},{\"url\":\"https:\\/\\/news.sina.cn\\/gn\\/2019-11-20\\/detail-iihnzhfz0352999.d.html\",\"title\":\"黑老大当庭指认检察官是保护伞 曾尝试偷越国边境\",\"newsId\":\"ihnzhfz0352999-comos-news-cms\"},{\"url\":\"https:\\/\\/news.sina.cn\\/sh\\/2019-11-19\\/detail-iihnzahi2011615.d.html\",\"title\":\"“黑老大”当庭指认：主诉检察官是我的保护伞\",\"newsId\":\"ihnzahi2011615-comos-news-cms\"}],\"url\":\"http:\\/\\/news.sina.cn\\/zt_d\\/baohusan1120\",\"newsId\":\"HB-1-super_subject\\/index-subject-ihnzahi2054898\",\"text\":\"进入专题\"}\'></div>	\n	\n<div id=\"wx_pic\" style=\"margin:0 auto;display:none;\">\n	<img src=\"//n.sinaimg.cn/default/2fb77759/20151125/320X320.png\">\n</div>\n</section>'),(119,122,'<section class=\"art_pic_card art_content\">\n<p class=\"art_p\">原标题：想达到美国“理想盟友”标准，难度不小咧……</p>\n<p class=\"art_p\" cms-style=\"font-L\">“韩国是一个富裕的国家，能够也应该承担更多。”（South Korea is a wealthy country。 They can and should contribute more。）</p>\n<p class=\"art_p\" cms-style=\"font-L align-Justify\">11月15日，到访韩国的美国国防部长马克·埃斯珀向盟友公开施压，要求首尔大幅提高2020年美军驻留经费。据悉，美方的“开价”是从目前的8.8亿美元提高到47亿美元，相当于增加400%。</p>\n<a href=\"JavaScript:void(0)\">\r\n									<figure class=\"art_img_mini j_p_gallery\" data-type=\"simple\">\r\n										<img class=\"art_img_mini_img j_fullppt_cover\" src=\"data:image/png;base64,iVBORw0KGgoAAAANSUhEUgAAAAQAAAADAQMAAACOOjyFAAAAA1BMVEUAAACnej3aAAAAAXRSTlMAQObYZgAAAApJREFUCNdjAAMAAAYAAegKKqQAAAAASUVORK5CYII=\" data-src=\"//n.sinaimg.cn/translate/123/w1074h649/20191121/9c65-iipztff8042508.jpg\" alt=\"　　▲当地时间2019年11月15日，韩国首尔，韩国总统文在寅会见到访的美国国防部长埃斯珀一行。（视觉中国）\">\r\n									<img class=\"j_fullppt\" src=\"data:image/png;base64,iVBORw0KGgoAAAANSUhEUgAAAAQAAAADAQMAAACOOjyFAAAAA1BMVEUAAACnej3aAAAAAXRSTlMAQObYZgAAAApJREFUCNdjAAMAAAYAAegKKqQAAAAASUVORK5CYII=\" data-src=\"//n.sinaimg.cn/translate/123/w1074h649/20191121/9c65-iipztff8042508.jpg\" alt=\"　　▲当地时间2019年11月15日，韩国首尔，韩国总统文在寅会见到访的美国国防部长埃斯珀一行。（视觉中国）\" disabeld-show=\"true\" style=\"display:none\">\r\n										<h2 class=\"art_img_tit\">　　▲当地时间2019年11月15日，韩国首尔，韩国总统文在寅会见到访的美国国防部长埃斯珀一行。（视觉中国）</h2>\r\n									</figure>\r\n								</a>\n<p class=\"art_p\" cms-style=\"font-L align-Justify\">韩方早料到美方会开口“要钱”，却没想到是“狮子大开口”。据美国哥伦比亚广播公司网站报道，在埃斯珀的演讲结束之后，47名韩国议员签署了一份联合声明，要求美国明确解释其要求韩国增加防卫费分担的依据。与此同时，媒体针对美国的指责也不断飞来：“脆弱的盟友”（flaky ally）、“贪婪的美国人”（greedy Americans）、“拦路抢劫”（highway robbery）……</p>\n<p class=\"art_p\" cms-style=\"font-L align-Justify\">然而在美国总统<a href=\"https:%5C/%5C/news.sina.cn%5C/news_zt%5C/keyword.d.html?k=%E7%89%B9%E6%9C%97%E6%99%AE\">特朗普</a>看来，韩国理应“更给力”。他曾多次公开抱怨，美国在“不公平的”联盟（unfair alliance）中承担了太多。据路透社此前报道，特朗普指责“全世界几乎所有国家都占了美国很大的便宜……连与美国签署条约的日本也是。”哥伦比亚广播公司近日的报道还指出，特朗普一直以来将韩国视为双边关系的“主要滥用者”（a “major abuser”）。</p>\n<a href=\"JavaScript:void(0)\">\r\n									<figure class=\"art_img_mini j_p_gallery\" data-type=\"simple\">\r\n										<img class=\"art_img_mini_img j_fullppt_cover\" src=\"data:image/png;base64,iVBORw0KGgoAAAANSUhEUgAAAAQAAAADAQMAAACOOjyFAAAAA1BMVEUAAACnej3aAAAAAXRSTlMAQObYZgAAAApJREFUCNdjAAMAAAYAAegKKqQAAAAASUVORK5CYII=\" data-src=\"//n.sinaimg.cn/translate/196/w1080h716/20191121/5fc2-iipztff8042524.jpg\" alt=\"　　▲当地时间2019年5月27日，日本东京，美国总统特朗普与日本首相安倍晋三出席美日首脑会谈。（视觉中国）\">\r\n									<img class=\"j_fullppt\" src=\"data:image/png;base64,iVBORw0KGgoAAAANSUhEUgAAAAQAAAADAQMAAACOOjyFAAAAA1BMVEUAAACnej3aAAAAAXRSTlMAQObYZgAAAApJREFUCNdjAAMAAAYAAegKKqQAAAAASUVORK5CYII=\" data-src=\"//n.sinaimg.cn/translate/196/w1080h716/20191121/5fc2-iipztff8042524.jpg\" alt=\"　　▲当地时间2019年5月27日，日本东京，美国总统特朗普与日本首相安倍晋三出席美日首脑会谈。（视觉中国）\" disabeld-show=\"true\" style=\"display:none\">\r\n										<h2 class=\"art_img_tit\">　　▲当地时间2019年5月27日，日本东京，美国总统特朗普与日本首相<a href=\"https:%5C/%5C/news.sina.cn%5C/news_zt%5C/keyword.d.html?k=%E5%AE%89%E5%80%8D%E6%99%8B%E4%B8%89\">安倍晋三</a>出席美日首脑会谈。（视觉中国）</h2>\r\n									</figure>\r\n								</a>\n<p class=\"art_p\" cms-style=\"font-L align-Justify\">美国《国家利益》双月刊网站一篇文章的标题似乎道出了特朗普的心声：美国有求助者，没有盟友（The United States Has Supplicants， Not Allies）。</p>\n<p class=\"art_p\" cms-style=\"font-L align-Justify\">文章说，全世界到处都是美国保护“朋友”的单方面承诺。这些朋友中没有一个为美国提供任何有益的保护作为回报。它们在任何意义上都不是美国的“盟友”。“求助者”一词更适合它们。</p>\n<p class=\"art_p\" cms-style=\"font-L align-Justify strong-Bold\">（The world is littered with the remains of unilateral American commitments to protect “friends” around the world。 None of these friends offer any useful protection to the United States in return。 They are not in any meaningful sense “allies” of the United States。 Supplicants is more like it。）</p>\n<p class=\"art_p\" cms-style=\"font-L align-Justify\">那么对美国而言，真正的盟友是什么样的？《外交政策》网站在一篇题为《如何辨别我们是否处于一个优质联盟之中》（How to Tell if You’re in a Good Alliance）的文章似乎给出了特朗普想要的答案。该文认为，理想情况下，一个“好的盟友”应该具备如下条件：</p>\n<p class=\"art_p\" cms-style=\"font-L align-Justify\">1。经济强大，有军事能力，或者控制着其他战略资产，这样它就能对联盟的整体实力做出有意义的贡献。</p>\n<p class=\"art_p\" cms-style=\"font-L align-Justify strong-Bold\">（A good ally is economically strong and military capable， or it controls other strategic assets， so that it can contribute meaningfully to the overall strength of the alliance。）</p>\n<p class=\"art_p\" cms-style=\"font-L align-Justify\">2。政治稳定。</p>\n<p class=\"art_p\" cms-style=\"font-L align-Justify strong-Bold\">（A good ally is politically stable。）</p>\n<p class=\"art_p\" cms-style=\"font-L align-Justify\">3。其利益与我方利益大致吻合。</p>\n<p class=\"art_p\" cms-style=\"font-L align-Justify strong-Bold\">（A good ally has interests that are roughly compatible with one’s own。）</p>\n<p class=\"art_p\" cms-style=\"font-L align-Justify\">4。不过多干涉我方国内政治，不公开偏袒某一个政治派别。（大体）诚实，不撒谎，或故意向我方情报机构提供错误的信息。</p>\n<p class=\"art_p\" cms-style=\"font-L align-Justify strong-Bold\">（A good ally doesn’t interfere too much in one’s own domestic politics and doesn’t overtly favor one political faction over another。 A good ally is （mostly） truthful and doesn’t lie to you or deliberately feed faulty information to your intelligence agencies。 ）</p>\n<p class=\"art_p\" cms-style=\"font-L align-Justify\">基于以上标准，文章指出，美国的大多数亚洲伙伴在政治上是稳定的，经济上也是繁荣的，但它们的军事实力不达标。</p>\n<a href=\"JavaScript:void(0)\">\r\n									<figure class=\"art_img_mini j_p_gallery\" data-type=\"simple\">\r\n										<img class=\"art_img_mini_img j_fullppt_cover\" src=\"data:image/png;base64,iVBORw0KGgoAAAANSUhEUgAAAAQAAAADAQMAAACOOjyFAAAAA1BMVEUAAACnej3aAAAAAXRSTlMAQObYZgAAAApJREFUCNdjAAMAAAYAAegKKqQAAAAASUVORK5CYII=\" data-src=\"//n.sinaimg.cn/translate/218/w840h178/20191121/1bf8-iipztff8042522.jpg\" alt=\"▲报道标题截图\">\r\n									<img class=\"j_fullppt\" src=\"data:image/png;base64,iVBORw0KGgoAAAANSUhEUgAAAAQAAAADAQMAAACOOjyFAAAAA1BMVEUAAACnej3aAAAAAXRSTlMAQObYZgAAAApJREFUCNdjAAMAAAYAAegKKqQAAAAASUVORK5CYII=\" data-src=\"//n.sinaimg.cn/translate/218/w840h178/20191121/1bf8-iipztff8042522.jpg\" alt=\"▲报道标题截图\" disabeld-show=\"true\" style=\"display:none\">\r\n										<h2 class=\"art_img_tit\">▲报道标题截图</h2>\r\n									</figure>\r\n								</a>\n<p class=\"art_p\" cms-style=\"font-L align-Justify\">在路路看来，特朗普正试图通过要求盟友承担更多防卫费，来“补偿”美国提供的军事支持。《外交政策》网站的报道援引美国传统基金会学者、前中情局分析师布鲁斯·克林纳的话表示，美国其他盟友在不久的将来可能会面临类似的要求。对韩国提出要求只是一个开始，之后，这一美国对盟友要求的新模板还将适用于日本，以及美国驻军的其他地区。</p>\n<p class=\"art_p\" cms-style=\"font-L align-Justify\">然而，即便是单单防卫费这一件事，美国也很难让盟友满足自己的要求。据韩联社11月19日报道，韩美旨在签署第11份防卫费分担特别协定（SMA）的第三轮谈判因双方“严重的意见分歧”最终以破裂收场。</p>\n<p class=\"art_p\" cms-style=\"font-L align-Justify\">也有观点认为，特朗普政府不应对盟友过分施压。美国一位现任官员表示：“这完全误解了联盟的价值，违背了政府重新定位、专注于与大国竞争的战略。”（It completely misunderstands the value of alliances and runs counter to the administration’s strategy of reorienting to focus on so-called great power competition。）前中情局分析师布鲁斯·克林纳坦言：“这种要求，不论是从数量上还是方式上，都可能引发一些美国历史上最亲密盟友的反美情绪。”（This kind of demand， not only the exorbitant number， but the way it is being done， could trigger anti-Americanism in some of the United States’ historically closest allies。）</p>\n<p class=\"art_p\" cms-style=\"font-L align-Justify\">话说回来，如果按《外交政策》一文的标准来定义一个“好的盟友”，那么路路以为，至少在第四条标准上，美国自身也并不达标。只想着“严于律人”，如何行得通？</p>\n<p style=\"text-align:right;\" class=\"article-editor\">责任编辑：刘德宾 SN222</p>	\n	\n<div id=\"wx_pic\" style=\"margin:0 auto;display:none;\">\n	<img src=\"//n.sinaimg.cn/default/2fb77759/20151125/320X320.png\">\n</div>\n</section>'),(120,115,'<section class=\"art_pic_card art_content\">\n<p class=\"art_p\">原标题：美弹劾听证会上高官爆料，称遵循总统命令向乌施压，<a href=\"https:%5C/%5C/news.sina.cn%5C/news_zt%5C/keyword.d.html?k=%E7%89%B9%E6%9C%97%E6%99%AE\">特朗普</a>回应</p>\n<a href=\"JavaScript:void(0)\">\r\n									<figure class=\"art_img_mini j_p_gallery\" data-type=\"simple\">\r\n										<img class=\"art_img_mini_img j_fullppt_cover\" src=\"data:image/png;base64,iVBORw0KGgoAAAANSUhEUgAAAAQAAAADAQMAAACOOjyFAAAAA1BMVEUAAACnej3aAAAAAXRSTlMAQObYZgAAAApJREFUCNdjAAMAAAYAAegKKqQAAAAASUVORK5CYII=\" data-src=\"//n.sinaimg.cn/translate/70/w522h348/20191121/274f-iipztff8110865.jpg\" alt=\"图源：BBC\">\r\n									<img class=\"j_fullppt\" src=\"data:image/png;base64,iVBORw0KGgoAAAANSUhEUgAAAAQAAAADAQMAAACOOjyFAAAAA1BMVEUAAACnej3aAAAAAXRSTlMAQObYZgAAAApJREFUCNdjAAMAAAYAAegKKqQAAAAASUVORK5CYII=\" data-src=\"//n.sinaimg.cn/translate/70/w522h348/20191121/274f-iipztff8110865.jpg\" alt=\"图源：BBC\" disabeld-show=\"true\" style=\"display:none\">\r\n										<h2 class=\"art_img_tit\">图源：BBC</h2>\r\n									</figure>\r\n								</a>\n<p class=\"art_p\" cms-style=\"font-L\">海外网11月21日电 美国联邦众议院日前展开关键一周的特朗普弹劾调查公开听证会。当地时间20日，美国驻欧盟大使桑德兰作证时直言，他遵循特朗普的命令向乌克兰施压，要求乌方对美总统的竞争对手拜登进行调查，引发广泛关注。特朗普随后迅速回应，称自己曾告诉桑德兰“我什么都不想要”。</p>\n<p class=\"art_p\" cms-style=\"font-L\">综合CNBC、BBC等媒体20日报道，在当天的开场陈词中，桑德兰表示，自己在“美国总统的明确指示下”与特朗普的私人律师朱利安尼一起工作。“简单地说，我们发挥了作用。我们都知道，如果拒绝与朱利安尼合作，我们将失去巩固美国和乌克兰间关系的重要机会。因此，我们遵循了总统的命令。”</p>\n<p class=\"art_p\" cms-style=\"font-L\">这位高官表示，自己在朱利安尼转达的指令下施压乌克兰政府，以使乌方对拜登进行调查。他还确认了自己7月26日曾与特朗普通电话讨论乌克兰调查议题。不过，桑德兰也提到，他从未直接从特朗普那里听说过，要用军事援助来换取相关调查的展开。</p>\n<p class=\"art_p\" cms-style=\"font-L\">美媒指出，桑德兰被认为是调查最重要的证人之一，因为他曾在7月中旬至9月中旬期间，与特朗普就对乌政策进行过数次直接沟通。而对这位官员的证词，特朗普随后也作出回应。</p>\n<a href=\"JavaScript:void(0)\">\r\n									<figure class=\"art_img_mini j_p_gallery\" data-type=\"simple\">\r\n										<img class=\"art_img_mini_img j_fullppt_cover\" src=\"data:image/png;base64,iVBORw0KGgoAAAANSUhEUgAAAAQAAAADAQMAAACOOjyFAAAAA1BMVEUAAACnej3aAAAAAXRSTlMAQObYZgAAAApJREFUCNdjAAMAAAYAAegKKqQAAAAASUVORK5CYII=\" data-src=\"//n.sinaimg.cn/translate/127/w565h362/20191121/fbe9-iipztff8110866.jpg\" alt=\"特朗普的笔记内容（图源：GETTY）\">\r\n									<img class=\"j_fullppt\" src=\"data:image/png;base64,iVBORw0KGgoAAAANSUhEUgAAAAQAAAADAQMAAACOOjyFAAAAA1BMVEUAAACnej3aAAAAAXRSTlMAQObYZgAAAApJREFUCNdjAAMAAAYAAegKKqQAAAAASUVORK5CYII=\" data-src=\"//n.sinaimg.cn/translate/127/w565h362/20191121/fbe9-iipztff8110866.jpg\" alt=\"特朗普的笔记内容（图源：GETTY）\" disabeld-show=\"true\" style=\"display:none\">\r\n										<h2 class=\"art_img_tit\">特朗普的笔记内容（图源：GETTY）</h2>\r\n									</figure>\r\n								</a>\n<p class=\"art_p\" cms-style=\"font-L\">在白宫南草坪上，特朗普手持一份笔记向媒体发表讲话，称自己曾反复就乌克兰议题告诉美驻欧盟大使，“自己什么都不想要”。“桑德兰在电话中问我‘您想要什么？’我的回答是，‘我什么都不想要，什么都不要。我不要什么交换。只是告诉（乌克兰总统泽连斯基）要做正确的事。’”美媒还曝光称，特朗普的笔记上就写着这几行大字。</p>\n<p class=\"art_p\" cms-style=\"font-L\">美国众议院议长佩洛西9月宣布启动众议院对特朗普的弹劾调查，起因是一名情报界人士匿名检举特朗普在7月同泽连斯基通话时，要求对方调查美国前副总统、民主党总统竞选人拜登及其儿子亨特。特朗普还被指冻结一笔对乌军事援助以施压乌克兰，并试图掩盖相关行为。</p>\n<p class=\"art_p\" cms-style=\"font-L\">民主党指责特朗普滥用职权谋求私利，寻求外国势力干预明年总统选举，同时损害美国安全利益。特朗普则坚称自己没有过错，与乌克兰之间“没有利益交换”，他要求乌方调查拜登父子是为了<a href=\"https:%5C/%5C/news.sina.cn%5C/news_zt%5C/keyword.d.html?k=%E5%8F%8D%E8%85%90\">反腐</a>败。拜登则否认相关的指控。（海外网 张霓）</p><p style=\"text-align:right;\" class=\"article-editor\">责任编辑：刘德宾 SN222</p><div class=\"plugins_readMore_docplugin from_subject\" data-content=\'{\"docs\":[{\"url\":\"https:\\/\\/news.sina.cn\\/gj\\/2019-11-24\\/detail-iihnzhfz1290400.d.html\",\"title\":\"敏感时期博尔顿重返“推特” 指认白宫封禁其账号\",\"newsId\":\"ihnzhfz1290400-comos-news-cms\"},{\"url\":\"https:\\/\\/news.sina.cn\\/gj\\/2019-11-24\\/detail-iihnzahi2951753.d.html\",\"title\":\"美弹劾案:共和党一高层为查拜登或曾与乌官员接触\",\"newsId\":\"ihnzahi2951753-comos-news-cms\"},{\"url\":\"https:\\/\\/news.sina.cn\\/gj\\/2019-11-24\\/detail-iihnzhfz1360958.d.html\",\"title\":\"特朗普弹劾案：一组织公布百页文件或支持弹劾证词\",\"newsId\":\"ihnzhfz1360958-comos-news-cms\"},{\"url\":\"https:\\/\\/news.sina.cn\\/gj\\/2019-11-23\\/detail-iihnzhfz1200797.d.html\",\"title\":\"特朗普再就弹劾调查为自己辩解\",\"newsId\":\"ihnzhfz1200797-comos-news-cms\"},{\"url\":\"https:\\/\\/news.sina.cn\\/2019-11-22\\/detail-iihnzahi2611389.d.html\",\"title\":\"白宫：特朗普望参议院进行弹劾审判 期待拜登作证\",\"newsId\":\"ihnzahi2611389-comos-news-cms\"}],\"url\":\"http:\\/\\/news.sina.cn\\/zt_d\\/tanhe1\",\"newsId\":\"HB-1-super_subject\\/index-subject-icezueu8174392\",\"text\":\"进入专题\"}\'></div>	\n	\n<div id=\"wx_pic\" style=\"margin:0 auto;display:none;\">\n	<img src=\"//n.sinaimg.cn/default/2fb77759/20151125/320X320.png\">\n</div>\n</section>'),(121,124,'<section class=\"art_pic_card art_content\">\n<p class=\"art_p\">原标题：高通预测2021年5G手机出货量翻番 或达到4.5亿部</p>\n<p class=\"art_p\" cms-style=\"font-L\">全球重要芯片供应商美国高通公司19日发布预测说，2021年全球5G手机出货量可能达到4.5亿部，至少是2020年的两倍，2022年出货量可能进一步增长至7.5亿部。</p>\n<p class=\"art_p\" cms-style=\"font-L\">高通先前预测，2020年全球5G手机出货量在1.75亿至2.25亿部之间。</p>\n<p class=\"art_p\" cms-style=\"font-L\">高通说，5G技术应用速度将比4G更快。而且，下一代5G智能手机上网速度更快、延迟更短，用户体验效果将达到甚至超过使用WiFi网络的水平。</p>\n<p class=\"art_p\" cms-style=\"font-L\">鉴于高通与手机制造商之间的密切关系，行业分析师非常重视高通不定期发布的智能手机预测数据。</p>\n<p class=\"art_p\" cms-style=\"font-L\">高通主要从事专利授权和手机基带芯片出售业务。随着5G技术迅速应用和5G手机销量增加，高通及其他手机芯片供应商将成为主要受益者。（陆爱华）[新华社微特稿]</p><p style=\"text-align:right;\" class=\"article-editor\">责任编辑：刘德宾 SN222</p>	\n	\n<div id=\"wx_pic\" style=\"margin:0 auto;display:none;\">\n	<img src=\"//n.sinaimg.cn/default/2fb77759/20151125/320X320.png\">\n</div>\n</section>'),(122,125,'<section class=\"art_pic_card art_content\">\n<p class=\"art_p\">原标题：欧盟围绕吸纳新成员吵翻天 法国主张提高入盟门槛</p>\n<p class=\"art_p\" cms-style=\"font-L\">欧洲联盟成员国19日围绕吸纳新成员事宜举行闭门会议，但分歧较大，争论激烈。</p>\n<p class=\"art_p\" cms-style=\"font-L\">消息人士披露，法国主张提高入盟门槛，似乎有意给西巴尔干国家入盟进程使绊子，意大利、奥地利等国则倾向于尽快吸纳更多成员加入欧盟。</p>\n<p class=\"art_p\" cms-style=\"font-L strong-Bold\">[提高入盟门槛？]</p>\n<p class=\"art_p\" cms-style=\"font-L\">欧盟成员国19日在总部所在地比利时首都布鲁塞尔召开会议，闭门磋商入盟门槛等事宜。</p>\n<p class=\"art_p\" cms-style=\"font-L\">一名不愿公开姓名的欧盟成员国外交官会后告诉法新社记者，多数成员国赞成尽快启动阿尔巴尼亚、北马其顿等西巴尔干国家的入盟谈判；只是法国唱反调，提出应该先提高入盟门槛，然后才能准许更多成员加入欧盟。</p>\n<p class=\"art_p\" cms-style=\"font-L\">按照这名外交官的说法，法国抛出的提议显然是为阻挠北马其顿等国入盟进程，“有关改革入盟程序的讨论不应成为欧盟推迟吸纳新成员或阻挠某些国家入盟的借口”。</p>\n<p class=\"art_p\" cms-style=\"font-L\">西巴尔干国家包括塞尔维亚、克罗地亚、阿尔巴尼亚、北马其顿、波黑、黑山等国家。其中克罗地亚2013年加入欧盟，其他西巴尔干国家虽不同程度地开启加入欧盟的进程，但进展缓慢。</p>\n<p class=\"art_p\" cms-style=\"font-L strong-Bold\">[欧盟仍欲扩员]</p>\n<p class=\"art_p\" cms-style=\"font-L\">眼下正逢欧盟机构领导人换届之际。欧盟轮值主席国芬兰的欧洲事务部长蒂蒂·图普赖宁19日否认欧盟会立刻对法国的提议举行投票表决，表示要等新一届欧盟委员会12月1日上任后再作考虑。</p>\n<p class=\"art_p\" cms-style=\"font-L\">法国总统埃马纽埃尔·马克龙本月早些时候接受媒体采访时说，不仅法国，还有其他一些欧盟国家对阿尔巴尼亚、波黑等国入盟存有疑虑。他说：“在欧盟完成自身改革以前，我不希望新成员加入欧盟。”</p>\n<p class=\"art_p\" cms-style=\"font-L\">按照图普赖宁的说法，“我们举行圆桌讨论，当然听见法国的提议……有些国家表示赞同，有些国家表达疑虑”，但欧盟“完全致力于”吸纳更多成员入盟。</p>\n<p class=\"art_p\" cms-style=\"font-L\">奥地利、捷克、意大利、波兰、斯洛伐克和斯洛文尼亚六国联合致信即将卸任的欧盟委员会主席让-克洛德·容克，呼吁明年3月启动阿尔巴尼亚和北马其顿的入盟谈判，“若想巩固欧盟，就离不开西巴尔干国家的加入”。（杨舒怡）（新华社专特稿）</p><p style=\"text-align:right;\" class=\"article-editor\">责任编辑：刘德宾 SN222</p>	\n	\n<div id=\"wx_pic\" style=\"margin:0 auto;display:none;\">\n	<img src=\"//n.sinaimg.cn/default/2fb77759/20151125/320X320.png\">\n</div>\n</section>'),(123,126,'<section class=\"art_pic_card art_content\">\n<p class=\"art_p\">原标题：土耳其称年内将多数“<a href=\"https:%5C/%5C/news.sina.cn%5C/news_zt%5C/keyword.d.html?k=%E4%BC%8A%E6%96%AF%E5%85%B0%E5%9B%BD\">伊斯兰国</a>”成员遣返回欧洲</p>\n<p class=\"art_p\" cms-style=\"font-L\">土耳其官员19日说，将在年底前把土方羁押的大部分极端组织“伊斯兰国”成员遣返回原籍国，主要是欧洲国家。</p>\n<p class=\"art_p\" cms-style=\"font-L\">美国国防部同一天警告，“伊斯兰国”利用近期叙利亚北部局势混乱重整旗鼓，可能将酝酿对西方国家发动新的袭击。</p>\n<p class=\"art_p\" cms-style=\"font-L strong-Bold\">[送走多数]</p>\n<p class=\"art_p\" cms-style=\"font-L\">土耳其内政部长苏莱曼·索伊卢说，遣返人员的数量取决于具体程序所耗费的时间，“我认为我们将在年底前送走他们中的大部分”。土方近期在叙利亚东北部抓获287名武装人员，另外羁押的嫌疑人数以百计。</p>\n<p class=\"art_p\" cms-style=\"font-L\">索伊卢告诉路透社记者，土方希望本周遣返6至7人，正联系爱尔兰、荷兰等国。土方上周开始遣返所羁押的“伊斯兰国”成员回国，包括10名德国人、1名美国人和1名英国人。</p>\n<p class=\"art_p\" cms-style=\"font-L\">19日，土耳其遣返的两名“伊斯兰国”女性成员抵达荷兰阿姆斯特丹机场后当即遭警方逮捕，面临参与恐怖组织罪名指控。</p>\n<p class=\"art_p\" cms-style=\"font-L\">遣返目的地多数是欧洲国家，土方指认这些国家接收速度太慢。一些欧洲国家不愿接收加入“伊斯兰国”的本国公民，取消一些武装人员及其家属的国籍。索伊卢说，取消国籍的做法违反国际法。</p>\n<p class=\"art_p\" cms-style=\"font-L\">欧洲方面正寻求把数以千计的“伊斯兰国”武装人员从叙利亚的监狱转移至伊拉克。这些监狱由叙利亚库尔德武装控制，欧洲国家担心土耳其10月越境打击库尔德武装可能导致部分武装人员和他们的家属从监狱逃走。</p>\n<p class=\"art_p\" cms-style=\"font-L strong-Bold\">[趁虚而入]</p>\n<p class=\"art_p\" cms-style=\"font-L\">美国国防部督察长办公室19日发布的一份报告显示，“伊斯兰国”利用土耳其进入叙利亚东北部发动军事行动和美军驻军减少的机会重整旗鼓，加强策划海外袭击的能力。</p>\n<p class=\"art_p\" cms-style=\"font-L\">美国10月初在土耳其军事行动前宣布从叙利亚撤出全部驻军，承受来自国内外的压力。美方后续宣称留守部分美军在叙利亚北部保护油田。</p>\n<p class=\"art_p\" cms-style=\"font-L\">报告说，“伊斯兰国”可能获得“时间和空间”，为袭击西方国家做准备并支持其19个海外分支。长期来看，这一组织可能寻求重新控制叙利亚部分人口密集地区，并在全球扩大影响力。</p>\n<p class=\"art_p\" cms-style=\"font-L\">依据报告，美方继续对以库尔德武装为主的“叙利亚民主军”提供军事支持，但已停止提供培训。这支武装截至今年9月有10万战斗人员。</p>\n<p class=\"art_p\" cms-style=\"font-L\">“叙利亚民主军”是美国打击“伊斯兰国”的盟友，但土耳其认定其主力库尔德武装是土耳其境内分裂组织库尔德工人党的分支，将其定性为“恐怖组织”。（王雪梅）（新华社专特稿）</p><p style=\"text-align:right;\" class=\"article-editor\">责任编辑：刘德宾 SN222</p>	\n	\n<div id=\"wx_pic\" style=\"margin:0 auto;display:none;\">\n	<img src=\"//n.sinaimg.cn/default/2fb77759/20151125/320X320.png\">\n</div>\n</section>'),(124,127,'<section class=\"art_pic_card art_content\">\n<p class=\"art_p\">原标题：美伊关系紧张之际 美航母经霍尔木兹海峡进入海湾</p>\n<p class=\"art_p\" cms-style=\"font-L\">美国和伊朗关系持续紧张之际，美国“亚伯拉罕·林肯”号航母战斗群19日穿过霍尔木兹海峡进入海湾水域。</p>\n<p class=\"art_p\" cms-style=\"font-L\">按照法新社说法，这是伊朗今年6月击落一架美国无人驾驶飞机后，美国航母首次经过霍尔木兹海峡。</p>\n<p class=\"art_p\" cms-style=\"font-L\">美国海军当天发布声明称，“亚伯拉罕·林肯”号航母按照预定日程前往海湾。美国国防部一名不愿公开姓名的官员说，美国军方与伊朗海岸警卫队的交流“安全、专业”。美军航母战斗群上一次通过霍尔木兹海峡是在4月。</p>\n<p class=\"art_p\" cms-style=\"font-L\">霍尔木兹海峡是进出海湾的唯一航道，海湾产油国严重依赖这一通道出口原油。伊朗多次威胁，如果敌国如美国作出敌对行动，伊朗将封锁霍尔木兹海峡。</p>\n<p class=\"art_p\" cms-style=\"font-L\">美方声明说，美军行动旨在“确保海湾地区贸易畅通、海上运输安全和稳定”。</p>\n<p class=\"art_p\" cms-style=\"font-L\">美伊关系近几个月持续紧张。以应对伊朗“威胁”为由，美国5月在中东地区增强军事部署，包括派遣“亚伯拉罕·林肯”号航空母舰战斗群。海湾地区今年夏天发生多起油轮遇袭事件，美国归咎于伊朗，伊朗指认美国做局陷害。伊朗6月击落美国无人机后，美方在最后一刻叫停报复行动。</p>\n<p class=\"art_p\" cms-style=\"font-L\">美伊敌对加剧缘于美国去年5月单方面宣布退出<a href=\"https:%5C/%5C/news.sina.cn%5C/news_zt%5C/keyword.d.html?k=%E4%BC%8A%E6%9C%97%E6%A0%B8%E9%97%AE%E9%A2%98\">伊朗核问题</a>全面协议。美方后续恢复和追加对伊朗制裁，今年5月开始全面封堵伊朗原油出口。作为回应，伊朗自5月起分阶段中止履行伊核协议部分条款。</p>\n<p class=\"art_p\" cms-style=\"font-L\">伊朗方面本月初宣布中止履行协议第四阶段措施，向福尔多核设施1000多台离心机注入铀气。国际原子能机构后续证实，伊朗在福尔多核设施恢复铀浓缩活动。</p>\n<p class=\"art_p\" cms-style=\"font-L\">美国国务卿迈克·蓬佩奥18日宣布，美方从12月15日起恢复关联福尔多核设施的制裁，取消对非美国企业与伊朗合作在福尔多核设施开展民用项目的豁免。</p>\n<p class=\"art_p\" cms-style=\"font-L\">法国19日就这一决定表达遗憾，俄罗斯同一天予以严厉谴责。俄罗斯国家原子能公司与伊朗方面在福尔多核设施有合作。（王雪梅）（新华社专特稿）</p><p style=\"text-align:right;\" class=\"article-editor\">责任编辑：刘德宾 SN222</p><div class=\"plugins_readMore_docplugin from_subject\" data-content=\'{\"docs\":[{\"url\":\"https:\\/\\/news.sina.cn\\/gn\\/2019-11-22\\/detail-iihnzahi2560872.d.html\",\"title\":\"伊朗未申报点被测到“加工铀” IAEA呼吁充分合作\",\"newsId\":\"ihnzahi2560872-comos-news-cms\"},{\"url\":\"https:\\/\\/news.sina.cn\\/gj\\/2019-11-20\\/detail-iihnzahi2074613.d.html\",\"title\":\"美伊局势再紧张？美“林肯号”航母首次进波斯湾\",\"newsId\":\"ihnzahi2074613-comos-news-cms\"},{\"url\":\"https:\\/\\/news.sina.cn\\/2019-11-16\\/detail-iihnzahi1305472.d.html\",\"title\":\"伊朗原子能组织：未来几天伊朗铀浓缩能力将提升\",\"newsId\":\"ihnzahi1305472-comos-news-cms\"},{\"url\":\"https:\\/\\/news.sina.cn\\/gj\\/2019-11-10\\/detail-iicezzrr8423166.d.html\",\"title\":\"伊朗原子能组织发言人：有能力生产60%浓缩铀\",\"newsId\":\"icezzrr8423166-comos-news-cms\"},{\"url\":\"https:\\/\\/news.sina.cn\\/gj\\/2019-11-11\\/detail-iicezuev8560455.d.html\",\"title\":\"伊朗布什尔核电站启动第二座核反应堆建设\",\"newsId\":\"icezuev8560455-comos-news-cms\"}],\"url\":\"http:\\/\\/news.sina.cn\\/zt_d\\/meiyi0507\",\"newsId\":\"HB-1-super_subject\\/index-subject-hvhiqax7167887\",\"text\":\"进入专题\"}\'></div>	\n	\n<div id=\"wx_pic\" style=\"margin:0 auto;display:none;\">\n	<img src=\"//n.sinaimg.cn/default/2fb77759/20151125/320X320.png\">\n</div>\n</section>'),(125,128,'<section class=\"art_pic_card art_content\">\n<p class=\"art_p\">原标题：弹劾<a href=\"https:%5C/%5C/news.sina.cn%5C/news_zt%5C/keyword.d.html?k=%E7%89%B9%E6%9C%97%E6%99%AE\">特朗普</a>公开听证第三场 白宫官员称“惊到了”</p>\n<p class=\"art_p\" cms-style=\"font-L\">美国国会众议院情报委员会19日举行针对总统唐纳德·特朗普弹劾调查的第三次公开听证会。4名已经在闭门听证阶段作过证的白宫和政府前任及现任官员露面作证，陈述他们所了解的“电话门”风波并接受议员问话。</p>\n<p class=\"art_p\" cms-style=\"font-L\">一名证人回忆听到特朗普与乌克兰总统弗拉基米尔·泽连斯基今年7月的一通电话时，用“震惊”一词描述自己当时的感受。</p>\n<p class=\"art_p\" cms-style=\"font-L strong-Bold\">[“不敢相信自己的耳朵”]</p>\n<p class=\"art_p\" cms-style=\"font-L\">当天的听证会分两场，一场的证人是副总统迈克·彭斯的外交政策助理珍妮弗·<a href=\"https:%5C/%5C/news.sina.cn%5C/news_zt%5C/keyword.d.html?k=%E5%A8%81%E5%BB%89\">威廉</a>姆斯和白宫头号乌克兰事务专家、陆军中校亚历山大·温德曼；另一场的证人为国家安全委员会前俄罗斯事务顾问蒂姆·莫里森和政府前乌克兰问题特使库尔特·沃尔克。</p>\n<p class=\"art_p\" cms-style=\"font-L\">特朗普给泽连斯基打那通引来弹劾调查之祸的电话时，前三人作为白宫和国务院的团队成员亲耳听到两人通话内容，只有沃尔克不在场，但他作为乌克兰问题特使经手过后续事宜。</p>\n<p class=\"art_p\" cms-style=\"font-L\">第一个作证的威廉姆斯说，她认为这通电话“不寻常”，因为总统与外国领导人的通话“似乎涉及到（美国）国内政治事务”。</p>\n<p class=\"art_p\" cms-style=\"font-L\">身着军装、佩戴勋章的温德曼用词更直白，称那通电话“不妥当”。他这样说：“老实讲，我（听到总统通话时）不敢相信自己的耳朵。那种感觉很可能是有一些震惊，某种程度上，我对乌克兰政策最坏的担忧现在成真了。”</p>\n<p class=\"art_p\" cms-style=\"font-L\">温德曼说，出于职责，他事后向上级部门国家安全委员会报告了他的担心。</p>\n<p class=\"art_p\" cms-style=\"font-L\">刚从国家安全委员会离职的莫里森说，他不认为那通电话本身有不合法之处，但是担心通话内容一旦泄露，可能引发政治风波。</p>\n<p class=\"art_p\" cms-style=\"font-L\">沃尔克则用“当时不知道”回答几乎一切质询。他称，自己不知道冻结乌克兰军援与调查贪腐有关，不知道调查贪腐与2020年总统选举民主党籍竞选人乔·拜登及其儿子有关。“要是他早弄清这些关系”，当时就会提出反对。</p>\n<p class=\"art_p\" cms-style=\"font-L\">这通电话今年8月由一名情报官员检举，特朗普据称在电话中对泽连斯基施压，让他提供拜登父子的“黑料”（拜登儿子受聘于一家乌克兰天然气公司），以换取美方解冻一笔近4亿美元军事援助。民主党人控制的众议院9月24日启动弹劾调查，指认特朗普滥用公权谋取个人政治利益。</p>\n<p class=\"art_p\" cms-style=\"font-L strong-Bold\">[社交媒体攻势]</p>\n<p class=\"art_p\" cms-style=\"font-L\">尽管4名证人并没有抖出新料，白宫还是发动凌厉的社交媒体攻势，在“推特”上实时反驳证人的证词并质疑他们的可信度。</p>\n<p class=\"art_p\" cms-style=\"font-L\">彭斯办公室发表声明，与威廉姆斯“划清界限”。声明称，威廉姆斯的主要工作是为彭斯搜集有关乌克兰的材料，她的顶头上司是彭斯的下级，并不直接向彭斯汇报，她与彭斯“几乎不互动”。</p>\n<p class=\"art_p\" cms-style=\"font-L\">特朗普的社交网络助理丹·斯卡维诺则把矛头对准仍在白宫任职的温德曼，称乌克兰政府邀请温德曼出任该国国防部长，而且“三顾茅庐”，暗示温德曼对美国的忠诚度可疑。</p>\n<p class=\"art_p\" cms-style=\"font-L\">温德曼回答议员问话时证实，这确实是真事，但他当时“立即予以回绝”，并且向军队上级和情报部门汇报。</p>\n<p class=\"art_p\" cms-style=\"font-L\">温德曼1975年在乌克兰出生，3岁随家人移民美国，从军20年，现任国安会欧洲事务主管。</p>\n<p class=\"art_p\" cms-style=\"font-L\">特朗普先前把上述二人称作“特朗普黑”团伙。两人在听证会上予以回斥。威廉姆斯称她没想到总统会这么叫她，温德曼则回应说“我从不搞派系”。</p>\n<p class=\"art_p\" cms-style=\"font-L\">特朗普和他的长子当天再次抨击众议院举行的听证会，称民主党人“私设公堂”“丢人现眼”。</p>\n<p class=\"art_p\" cms-style=\"font-L\">特朗普18日说，考虑就众议院针对他的弹劾调查提供证词。（王宏彬）（新华社专特稿）</p><p style=\"text-align:right;\" class=\"article-editor\">责任编辑：刘德宾 SN222</p><div class=\"plugins_readMore_docplugin from_subject\" data-content=\'{\"docs\":[{\"url\":\"https:\\/\\/news.sina.cn\\/gj\\/2019-11-24\\/detail-iihnzhfz1290400.d.html\",\"title\":\"敏感时期博尔顿重返“推特” 指认白宫封禁其账号\",\"newsId\":\"ihnzhfz1290400-comos-news-cms\"},{\"url\":\"https:\\/\\/news.sina.cn\\/gj\\/2019-11-24\\/detail-iihnzahi2951753.d.html\",\"title\":\"美弹劾案:共和党一高层为查拜登或曾与乌官员接触\",\"newsId\":\"ihnzahi2951753-comos-news-cms\"},{\"url\":\"https:\\/\\/news.sina.cn\\/gj\\/2019-11-24\\/detail-iihnzhfz1360958.d.html\",\"title\":\"特朗普弹劾案：一组织公布百页文件或支持弹劾证词\",\"newsId\":\"ihnzhfz1360958-comos-news-cms\"},{\"url\":\"https:\\/\\/news.sina.cn\\/gj\\/2019-11-23\\/detail-iihnzhfz1200797.d.html\",\"title\":\"特朗普再就弹劾调查为自己辩解\",\"newsId\":\"ihnzhfz1200797-comos-news-cms\"},{\"url\":\"https:\\/\\/news.sina.cn\\/2019-11-22\\/detail-iihnzahi2611389.d.html\",\"title\":\"白宫：特朗普望参议院进行弹劾审判 期待拜登作证\",\"newsId\":\"ihnzahi2611389-comos-news-cms\"}],\"url\":\"http:\\/\\/news.sina.cn\\/zt_d\\/tanhe1\",\"newsId\":\"HB-1-super_subject\\/index-subject-icezueu8174392\",\"text\":\"进入专题\"}\'></div>	\n	\n<div id=\"wx_pic\" style=\"margin:0 auto;display:none;\">\n	<img src=\"//n.sinaimg.cn/default/2fb77759/20151125/320X320.png\">\n</div>\n</section>'),(126,129,'<section class=\"art_pic_card art_content\">\n<p class=\"art_p\">原标题：以色列战机空袭叙利亚 打击伊朗和叙政府军目标</p>\n<p class=\"art_p\" cms-style=\"font-L\">以色列军方20日说，以军战机当天对叙利亚境内多处伊朗和叙利亚政府军目标实施大规模轰炸。叙利亚官方媒体称，叙军拦截并摧毁大部分以色列导弹，两名平民丧生，另有多人受伤。</p>\n<p class=\"art_p\" cms-style=\"font-L\">以军发言人说，以军战机空袭了几十个伊朗伊斯兰革命卫队海外行动分队“圣城旅”和叙利亚政府军在叙境内的军事目标，包括地对空导弹发射炮台、指挥中心、武器仓库和军事基地。</p>\n<p class=\"art_p\" cms-style=\"font-L\">以军发言人说，以军空袭是对一天前“圣城旅”从叙利亚向以色列发射火箭弹的回应。以军19日在以方控制的戈兰高地拦截4枚火箭弹。</p>\n<p class=\"art_p\" cms-style=\"font-L\">按照以方说法，以军20日空袭期间，叙利亚政府军发射一枚防空导弹，以军随后轰炸了叙方几座导弹发射炮台。</p>\n<p class=\"art_p\" cms-style=\"font-L\">阿拉伯叙利亚通讯社同一天援引军方官员的话报道，叙军防空系统拦截并摧毁大多数以军战机发射的导弹，袭击目标位于首都大马士革周边，叙方两名平民死亡，另有多人受伤。</p>\n<p class=\"art_p\" cms-style=\"font-L\">美国和以色列指认伊朗向叙利亚、伊拉克等国输送军事人员和武器，扰乱地区局势。伊朗予以否认，说派少量军事顾问是应这些国家要求。（王宏彬）[新华社微特稿]</p><p style=\"text-align:right;\" class=\"article-editor\">责任编辑：刘德宾 SN222</p><div class=\"plugins_readMore_docplugin from_subject\" data-content=\'{\"docs\":[{\"url\":\"https:\\/\\/news.sina.cn\\/gj\\/2019-11-23\\/detail-iihnzahi2768027.d.html\",\"title\":\"土耳其国防部长：已在叙北部完成设立“安全区”\",\"newsId\":\"ihnzahi2768027-comos-news-cms\"},{\"url\":\"https:\\/\\/news.sina.cn\\/gj\\/2019-11-22\\/detail-iihnzhfz0864874.d.html\",\"title\":\"20万难民相继离开伊斯坦布尔 包括10万叙利亚难民\",\"newsId\":\"ihnzhfz0864874-comos-news-cms\"},{\"url\":\"https:\\/\\/news.sina.cn\\/gj\\/2019-11-16\\/detail-iihnzahi1258216.d.html\",\"title\":\"叙总统：可收编叙库武拒绝分裂国家 美国必须撤军\",\"newsId\":\"ihnzahi1258216-comos-news-cms\"},{\"url\":\"https:\\/\\/news.sina.cn\\/2019-11-15\\/detail-iihnzahi1170934.d.html\",\"title\":\"叙总统：叙利亚不会同意分裂 战争应使人民强大\",\"newsId\":\"ihnzahi1170934-comos-news-cms\"},{\"url\":\"https:\\/\\/news.sina.cn\\/2019-11-15\\/detail-iihnzahi1091419.d.html\",\"title\":\"美国务卿召集31国官员开会 呼吁叙政府军停火\",\"newsId\":\"ihnzahi1091419-comos-news-cms\"}],\"url\":\"http:\\/\\/news.sina.cn\\/zt_d\\/xuliya0916\",\"newsId\":\"HB-1-super_subject\\/index-subject-icezzrq6187466\",\"text\":\"进入专题\"}\'></div>	\n	\n<div id=\"wx_pic\" style=\"margin:0 auto;display:none;\">\n	<img src=\"//n.sinaimg.cn/default/2fb77759/20151125/320X320.png\">\n</div>\n</section>'),(127,130,'<section class=\"art_pic_card art_content\">\n<p class=\"art_p\">原标题：一位新华社记者突然走了，外套还搭在椅背上！</p>\n<p class=\"art_p\"><img id=\"0\" src=\"//n.sinaimg.cn/translate/600/w600h800/20191121/9266-iipztff8033016.jpg\" alt=\"\"></p>\n<p class=\"art_p\" cms-style=\"font-L align-Justify\">明天和意外，你永远不知道哪一个先来。</p>\n<p class=\"art_p\" cms-style=\"font-L align-Justify\">一夜未眠，万千往事都到眼前。</p>\n<p class=\"art_p\" cms-style=\"font-L\">因为就在昨天，一位老同事突然走了，留下一张照片在同事间刷屏：黑色外套还搭在他的转椅背上，但他永远走了，心梗突发再也不能回来。</p>\n<p class=\"art_p\" cms-style=\"font-L\">没法不悲痛，毕竟他还远没到退休的年龄，毕竟我们还有过很多的共同经历，共同当新华社的驻外记者，当编辑，写特稿，互相毫不留情的讥讽……</p>\n<p class=\"art_p\" cms-style=\"font-L\">但徐勇，真不是一个普通的新华社记者。</p>\n<p class=\"art_p\" cms-style=\"font-L align-Justify\">看到很多年轻同事的追忆，追忆徐勇改稿时的严厉，甚至经常性被他骂哭。</p>\n<p class=\"art_p\" cms-style=\"font-L align-Justify\">但骂人是有资历的。他一直在写作，当记者时写，当编辑时也写，当国际新闻专特稿负责人时，也还在写。</p>\n<p class=\"art_p\" cms-style=\"font-L\">以前，还多少有几十块钱稿费；后来再没有稿费了，他也写。</p>\n<p class=\"art_p\" cms-style=\"font-L align-Justify\">在新华社在中央媒体中，一直这样在第一线写作的记者或编辑，应该也不少；但像他这样拼、这样资历还写一些小稿件的人，真的不多。</p>\n<p class=\"art_p\" cms-style=\"font-L align-Justify strong-Bold\">这一点，我很敬佩他。</p>\n<p class=\"art_p\" cms-style=\"font-L align-Justify\">我开始写国际特稿时，相对时间较早，反正比他要写得更多一些。一天写个1000字，是家常便饭。他是编辑，更多是约稿，约我们写稿，看你写得好，会偶尔夸几句，更多时候是骂人，中文夹杂着英文，骂这个编辑写得实在太差，骂那个头头怎么总还有低级文字错误。</p>\n<p class=\"art_p\" cms-style=\"font-L\">哪个人前不说人，哪个背后没人说。这也是当时的切身感受。</p>\n<p class=\"art_p\" cms-style=\"font-L align-Justify\">新华社报道有新华社报道的体例，但新华社国际特稿也有新华社国际特稿的风格，后者因为长期是徐勇在主管，很多是深深打上徐勇烙印的。</p>\n<p class=\"art_p\" cms-style=\"font-L align-Justify\">比如：</p>\n<p class=\"art_p\" cms-style=\"font-L align-Justify strong-Bold\">短句，能短则短。</p>\n<p class=\"art_p\" cms-style=\"font-L align-Justify strong-Bold\">少用形容词，多用直接引语。</p>\n<p class=\"art_p\" cms-style=\"font-L align-Justify strong-Bold\">穿插使用背景，避免长篇累牍。</p>\n<p class=\"art_p\" cms-style=\"font-L align-Justify\">这样的风格，锻炼了很多新华社的年轻人。他们写的国际新闻，普遍洗练，干净，一目了然。</p>\n<p class=\"art_p\" cms-style=\"font-L align-Justify strong-Bold\">很大程度上，这不就是现在的新媒体风格吗？</p>\n<p class=\"art_p\" cms-style=\"font-L align-Justify\">所以说，新华社做新媒体，其实是有基因的。</p>\n<p class=\"art_p\" cms-style=\"font-L align-Justify\">但徐勇很固执，一些年轻同事就回忆，他改稿很严厉，“的地得不要留，形容词要删掉”。你不听从，往往要接受他一顿训斥。</p>\n<p class=\"art_p\" cms-style=\"font-L align-Justify\">20年前，围绕着特稿文章风格，我记得和他争吵过很多次。最后谁也说不服谁，自诩文章很好的他，气得哼哼唧唧。年轻的我还补刀：我真不佩服你的文章，但我佩服你长期默默资助贫困的学生……</p>\n<p class=\"art_p\" cms-style=\"font-L align-Justify\">这件事，很多人可能还不知道，但是他亲口告诉我的：他资助了几个西部的小女孩，一年给他们补贴多少多少。</p>\n<p class=\"art_p\" cms-style=\"font-L align-Justify\">当时大家手头都不宽裕，我还处于一人吃饱全家不饿的阶段，但真的，对他立刻肃然起敬。这样的记者，应该也不多。</p>\n<p class=\"art_p\" cms-style=\"font-L\">当时大家都很单纯，虽然我比他小不少，虽然不善言辞的我时常说话不中听，但他似乎也从未放在心中，该嘲讽时会毫不留情嘲讽，当年我去耶路撒冷常驻，他主动开车送我到了首都国际机场。</p>\n<p class=\"art_p\" cms-style=\"font-L align-Justify\">车很小，行李挤得满满当当，瘦削的他在前面弯着腰开车，我在后座挤得只能坐半个身子。当时心里真的很感动，他从来没当过我的领导，算起来，我也只是一个同部门的小辈，能这样送你去机场的人，真的能有几个？</p>\n<p class=\"art_p\" cms-style=\"font-L align-Justify\">后来，大家各自在海外常驻，偶尔有联系，更多只能看到彼此的稿件。再后来，偶尔在单位碰到，他依然瘦削，依然喜欢抽烟，依然总是弓着个身，很多头发都白了。</p>\n<p class=\"art_p\" cms-style=\"font-L align-Justify\">那么帅那么年轻的人，也渐渐地老了。</p>\n<div sax-type=\"proxy\" class=\"j_native_opq191126 box\" data-inserttype=\"0\" style=\"margin:20px 0\" data-id=\"201711dingdingeb\"></div><p class=\"art_p\"><img id=\"1\" src=\"//n.sinaimg.cn/translate/290/w1080h810/20191121/34d2-iipztff8033017.jpg\" alt=\"\"></p>\n<p class=\"art_p\" cms-style=\"font-L\">但我万万没想到，就在昨天，他突然心梗走了。只剩下他常穿的那件黑外套，还搭在自己工位的椅背上。</p>\n<p class=\"art_p\" cms-style=\"font-L\">不禁悲从中来，长夜漫漫，一遍一遍地刷朋友圈，看同事们的各种悲伤。</p>\n<p class=\"art_p\" cms-style=\"font-L align-Justify\">看到一位领导的感慨：</p>\n<p class=\"art_p\" cms-style=\"font-L align-Justify\">且不说众人赞你的博学</p>\n<p class=\"art_p\" cms-style=\"font-L align-Justify\">且不说众人忆你的博爱</p>\n<p class=\"art_p\" cms-style=\"font-L align-Justify\">且不说众人叹你的搏命</p>\n<p class=\"art_p\" cms-style=\"font-L align-Justify\">单说</p>\n<p class=\"art_p\" cms-style=\"font-L align-Justify\">凌晨一点你在工作平面</p>\n<p class=\"art_p\" cms-style=\"font-L align-Justify\">总要默默地</p>\n<p class=\"art_p\" cms-style=\"font-L align-Justify\">挨个关上其他工作片</p>\n<p class=\"art_p\" cms-style=\"font-L align-Justify\">下班后未灭的灯</p>\n<p class=\"art_p\" cms-style=\"font-L align-Justify\">单说</p>\n<p class=\"art_p\" cms-style=\"font-L align-Justify\">改完稿子你躬身座位上</p>\n<p class=\"art_p\" cms-style=\"font-L align-Justify\">总是仔细地</p>\n<p class=\"art_p\" cms-style=\"font-L align-Justify\">逐页挑出废纸箱子里</p>\n<p class=\"art_p\" cms-style=\"font-L align-Justify\">背面还能用的纸</p>\n<p class=\"art_p\" cms-style=\"font-L align-Justify\">谁能告诉我</p>\n<p class=\"art_p\" cms-style=\"font-L align-Justify\">这样的职业人</p>\n<p class=\"art_p\" cms-style=\"font-L align-Justify\">你走了</p>\n<p class=\"art_p\" cms-style=\"font-L align-Justify\">还有谁</p>\n<p class=\"art_p\" cms-style=\"font-L align-Justify\">也是在昨天，和几位老友相聚，他们聊起京城媒体圈的是是非非。我静静地听着，因为长期驻外，虽同样是记者，但身边很多情况，是不大一样的。</p>\n<p class=\"art_p\" cms-style=\"font-L align-Justify\">归来路上，就听到了这个噩耗。</p>\n<p class=\"art_p\" cms-style=\"font-L align-Justify\">徐勇是一个不普通的新华社记者，但其实也是一个普通的新华社国际编辑。他就是这样兢兢业业地工作，哪怕很资深了，还在写稿改稿；他也有很多牢骚话，但从来不忘自己本职工作，总是在打磨着自己的稿件。</p>\n<p class=\"art_p\"><img id=\"2\" src=\"//n.sinaimg.cn/translate/200/w600h400/20191121/fb76-iipztff8033024.jpg\" alt=\"\"></p>\n<p class=\"art_p\" cms-style=\"font-L align-Justify\">这些年，因为写牛弹琴公号，不少朋友询问，你每天写那么多，苦不苦？</p>\n<p class=\"art_p\" cms-style=\"font-L align-Justify\">坦率地说，这不是我最苦的时候。最苦最累的时候，是我当驻外记者的时候。</p>\n<p class=\"art_p\" cms-style=\"font-L align-Justify\">每天，各种各样忙不完的工作。在耶路撒冷工作的时候，正是<a href=\"https:%5C/%5C/news.sina.cn%5C/news_zt%5C/keyword.d.html?k=%E5%B7%B4%E4%BB%A5%E5%86%B2%E7%AA%81\">巴以冲突</a>最激烈的时候，三天两头的爆炸，有时候在家里听到“哐当”一声，肯定又自杀式爆炸了，走出去一看，就是血肉模糊的场景。刚开始还各种恶心、不适应，后来也有点麻木了，有一次，正在理发呢，剪到一半，爆炸了，赶紧飞奔去采访报道了……</p>\n<p class=\"art_p\" cms-style=\"font-L align-Justify\">作为驻外记者，我们要写中英文报道，中文要写快讯、简讯、详讯、综述、新闻分析、评论、特写，英文还有更多的滚动，往往写到你看着电脑，就像看着前世的冤家。</p>\n<p class=\"art_p\" cms-style=\"font-L align-Justify\">在所有记者中，毫不夸张，最辛苦的就是新华社的记者了。当时我们特别羡慕报纸记者，报纸有版面，你写太多也不会有那么多版面，过了截稿时间也就不用忙了；哪像新华社，没有版面的限制，没有发稿时间的限制，你就是一个发稿机器。</p>\n<p class=\"art_p\" cms-style=\"font-L align-Justify\">徐勇也肯定一样，他后来长期在旧金山驻外，写了一篇又一篇的稿件。回国后，继续写着新华社的国际特稿。</p>\n<p class=\"art_p\" cms-style=\"font-L align-Justify\">辗转反侧中，又翻找出他散落在互联网的文章，读着他简短洗练的文字，仿佛看到他就在面前……</p>\n<p class=\"art_p\" cms-style=\"font-L\">人世无常，不该走的人，却总是这样匆匆走过。留下哀伤的我，黑夜里匆匆写下这篇苍白的文章，继续供他批评嘲讽。</p>\n<p class=\"art_p\" cms-style=\"font-L align-Justify\">记者编辑，真不能太拼太熬夜，真要注意身体啊！</p>\n<p class=\"art_p\" cms-style=\"font-L align-Justify\">看到一位同事泣语：那么喜欢一直在路上的徐勇，以这种方式离开，或许，他真的太不喜欢退休。</p>\n<p class=\"art_p\" cms-style=\"font-L align-Justify\">但到那边，还是先休息休息吧！</p>	\n	\n<div id=\"wx_pic\" style=\"margin:0 auto;display:none;\">\n	<img src=\"//n.sinaimg.cn/default/2fb77759/20151125/320X320.png\">\n</div>\n</section>'),(128,131,'<section class=\"art_pic_card art_content\">\n<p class=\"art_p\">原标题：杭州女子捅伤丈夫，抢救室外大喊“要等老公”！家属称她受家暴已有两三年</p>\n<p class=\"art_p\"><span></span>来源：钱江晚报</p>\n<p class=\"art_p\">昨天傍晚五点半左右，市民周先生给钱江晚报·小时新闻报料，杭州市中医院刚刚收到一名被刀捅伤的男子，男子伤势不轻，目前还不清楚其他情况。</p>\n<p class=\"art_p\">傍晚5点48分，小时新闻记者赶到杭州市中医院急诊室时，看到抢救室门前围了不少人，还有执勤人员。</p>\n<a href=\"JavaScript:void(0)\">\r\n									<figure class=\"art_img_mini j_p_gallery\" data-type=\"simple\">\r\n										<img class=\"art_img_mini_img j_fullppt_cover\" src=\"data:image/png;base64,iVBORw0KGgoAAAANSUhEUgAAAAQAAAADAQMAAACOOjyFAAAAA1BMVEUAAACnej3aAAAAAXRSTlMAQObYZgAAAApJREFUCNdjAAMAAAYAAegKKqQAAAAASUVORK5CYII=\" data-src=\"//n.sinaimg.cn/news/crawl/59/w550h309/20191121/6bfe-iipztff8033104.jpg\" alt=\"\">\r\n									<img class=\"j_fullppt\" src=\"data:image/png;base64,iVBORw0KGgoAAAANSUhEUgAAAAQAAAADAQMAAACOOjyFAAAAA1BMVEUAAACnej3aAAAAAXRSTlMAQObYZgAAAApJREFUCNdjAAMAAAYAAegKKqQAAAAASUVORK5CYII=\" data-src=\"//n.sinaimg.cn/news/crawl/59/w550h309/20191121/6bfe-iipztff8033104.jpg\" alt=\"\" disabeld-show=\"true\" style=\"display:none\">\r\n										<h2 class=\"art_img_tit\"></h2>\r\n									</figure>\r\n								</a>\n<p class=\"art_p\">知情人士告诉小时新闻记者，靠墙蹲着的女子，就是抢救室里男子的老婆，是她捅的刀。</p>\n<p class=\"art_p\">记者注意到，这位穿黑色外套的女子，看起来40多岁的样子，边和民警讲述事发经过，边靠在墙上抽泣。从简短的对话中，记者听到女子在说“当时也不知道怎么想的，昏了头，我拿了刀，没想到一下子捅到心脏的位置……”，语气非常内疚。</p>\n<a href=\"JavaScript:void(0)\">\r\n									<figure class=\"art_img_mini j_p_gallery\" data-type=\"simple\">\r\n										<img class=\"art_img_mini_img j_fullppt_cover\" src=\"data:image/png;base64,iVBORw0KGgoAAAANSUhEUgAAAAQAAAADAQMAAACOOjyFAAAAA1BMVEUAAACnej3aAAAAAXRSTlMAQObYZgAAAApJREFUCNdjAAMAAAYAAegKKqQAAAAASUVORK5CYII=\" data-src=\"//n.sinaimg.cn/news/crawl/162/w550h412/20191121/e303-iipztff8033115.jpg\" alt=\"\">\r\n									<img class=\"j_fullppt\" src=\"data:image/png;base64,iVBORw0KGgoAAAANSUhEUgAAAAQAAAADAQMAAACOOjyFAAAAA1BMVEUAAACnej3aAAAAAXRSTlMAQObYZgAAAApJREFUCNdjAAMAAAYAAegKKqQAAAAASUVORK5CYII=\" data-src=\"//n.sinaimg.cn/news/crawl/162/w550h412/20191121/e303-iipztff8033115.jpg\" alt=\"\" disabeld-show=\"true\" style=\"display:none\">\r\n										<h2 class=\"art_img_tit\"></h2>\r\n									</figure>\r\n								</a>\n<div sax-type=\"proxy\" class=\"j_native_opq191126 box\" data-inserttype=\"0\" style=\"margin:20px 0\" data-id=\"201711dingdingeb\"></div><p class=\"art_p\">傍晚6点，民警准备把女子带离医院，这时女子突然情绪有点激动，大喊“我要等我老公”。</p>\n<p class=\"art_p\">小时新闻记者在急诊室门口遇到了女子的亲属，据亲属介绍，正在抢救的是女子的老公，还有一个20来岁的女儿。“经常家暴，已经有两三年了，今天也是吵架的时候，情急之下，伤了人。”家属说，也有人劝女子好聚好散，离了算了，但女的舍不得，一直没离。</p>\n<p class=\"art_p\">目前男子还在抢救，伤情较重，女方的两个家属去手术室了。</p>\n<p class=\"art_p\">具体情况，小时新闻也将继续关注。</p>\n<p class=\"art_p\">记者 杨一凡</p>	\n	\n<div id=\"wx_pic\" style=\"margin:0 auto;display:none;\">\n	<img src=\"//n.sinaimg.cn/default/2fb77759/20151125/320X320.png\">\n</div>\n</section>'),(129,132,'<section class=\"art_pic_card art_content\">\n<p class=\"art_p\">原标题：亩产1365公斤！<a href=\"https:%5C/%5C/news.sina.cn%5C/news_zt%5C/keyword.d.html?k=%E8%A2%81%E9%9A%86%E5%B9%B3\">袁隆平</a>团队长江中游双季稻产量创新高</p>\n<a href=\"JavaScript:void(0)\">\r\n										<figure class=\"art_img_mini j_p_gallery\" data-type=\"simple\">\r\n											<img class=\"art_img_mini_img j_fullppt_cover\" src=\"data:image/png;base64,iVBORw0KGgoAAAANSUhEUgAAAAQAAAADAQMAAACOOjyFAAAAA1BMVEUAAACnej3aAAAAAXRSTlMAQObYZgAAAApJREFUCNdjAAMAAAYAAegKKqQAAAAASUVORK5CYII=\" data-src=\"//n.sinaimg.cn/translate/408/w690h518/20191121/cf96-iipztff7999574.jpg\" alt=\" 今年，双季稻合计均亩产1365公斤，创下了我国双季稻产量新高。 本文图片 @科技日报\">\r\n										<img class=\"j_fullppt\" src=\"data:image/png;base64,iVBORw0KGgoAAAANSUhEUgAAAAQAAAADAQMAAACOOjyFAAAAA1BMVEUAAACnej3aAAAAAXRSTlMAQObYZgAAAApJREFUCNdjAAMAAAYAAegKKqQAAAAASUVORK5CYII=\" data-src=\"//n.sinaimg.cn/translate/408/w690h518/20191121/cf96-iipztff7999574.jpg\" alt=\" 今年，双季稻合计均亩产1365公斤，创下了我国双季稻产量新高。 本文图片 @科技日报\" disabeld-show=\"true\" style=\"display:none\">\r\n											<h2 class=\"art_img_tit\"> 今年，双季稻合计均亩产1365公斤，创下了我国双季稻产量新高。 本文图片 @科技日报</h2>\r\n										</figure>\r\n									</a>\n<p class=\"art_p\">科技日报长沙11月20日消息，超级稻高产，众所周知，但它好吃、绿色吗？20日，记者从湖南杂交水稻研究中心获悉，中国工程院院士袁隆平团队主持承担的“十三五”国家粮食丰产增效科技创新重点研发计划——“湖南双季稻周年绿色优质丰产增效技术集成与示范”项目有了新进展：项目技术体系集成的生物和物理等非化学防治技术，不仅能大幅降低化学农药用量，还通过结合水稻优质丰产、全程机械化等栽培技术，实现了水稻安全、优质、丰产和高效的全程绿色生产。今年，双季稻合计均亩产1365公斤，创下了我国双季稻产量新高。</p>\n<p class=\"art_p\">中心副主任张玉烛介绍，团队在湖南省常德市临澧县建立了万亩超级稻工程化示范区。其中，双季超级稻模式示范面积2500亩，早稻种植的是高产品种株两优819和株两优173；晚稻则选用了高产国标二级优质稻品种Y两优911。“示范片水稻种植，以赤眼蜂防治水稻虫害为主，配套了扇吸式益害分离诱虫灯保益控害、稻田天敌保护及生境调控、合理补施有机肥、辅助生物农药防病及生物肥防草害控制等技术，全程都是绿色生产技术体系。”</p>\n<div sax-type=\"proxy\" class=\"j_native_opq191126 box\" data-inserttype=\"0\" style=\"margin:20px 0\" data-id=\"201711dingdingeb\"></div><p class=\"art_p\"><img id=\"1\" src=\"//n.sinaimg.cn/translate/408/w690h518/20191121/3e71-iipztff7999573.jpg\" alt=\"\"><span class=\"img_descr\"></span></p>\n<p class=\"art_p\">据悉，在今年7月和11月湖南省农学会组织的早、晚稻现场测产验收中，早稻均亩产591.7公斤，晚稻均亩产773.3公斤，两季稻合计均亩产1365公斤，创造了我国双季稻产量新高。这一“成绩”，比普通双季稻高产区增产约30%，比湖南双季稻均亩产增产约50%。与此同时，示范片节肥、节本、经济生态效益也尤为显著。据计算，早稻亩均比大面积增产259.7公斤，每亩增收623.3元。晚稻每亩均产比大面积增产290公斤，每亩增收730.8元。两季算下来，每亩增收1354.1元。</p>\n<p class=\"art_p\">来源：科技日报</p><div class=\"plugins_readMore_docplugin from_subject\" data-content=\'{\"docs\":[{\"url\":\"https:\\/\\/news.sina.cn\\/gn\\/2019-11-25\\/detail-iihnzahi3259996.d.html\",\"title\":\"习近平会见统一俄罗斯党代表团\",\"newsId\":\"ihnzahi3259996-comos-news-cms\"},{\"url\":\"https:\\/\\/news.sina.cn\\/2019-11-26\\/detail-iihnzhfz1705820.d.html\",\"title\":\"北京大学副校长田刚当选中国数学会理事长\",\"newsId\":\"ihnzhfz1705820-comos-news-cms\"},{\"url\":\"https:\\/\\/news.sina.cn\\/gn\\/2019-11-26\\/detail-iihnzahi3352177.d.html\",\"title\":\"教育部:“制定控辍保学”不让适龄儿童因贫困辍学\",\"newsId\":\"ihnzahi3352177-comos-news-cms\"},{\"url\":\"https:\\/\\/news.sina.cn\\/gn\\/2019-11-26\\/detail-iihnzhfz1720883.d.html\",\"title\":\"千年国宝流失海外 这两件古文物即将“回家”\",\"newsId\":\"ihnzhfz1720883-comos-news-cms\"},{\"url\":\"https:\\/\\/news.sina.cn\\/gn\\/2019-11-26\\/detail-iihnzahi3347479.d.html\",\"title\":\"长江流域重点水域禁捕初见成效 水生生物安全了\",\"newsId\":\"ihnzahi3347479-comos-news-cms\"}],\"url\":\"http:\\/\\/news.sina.cn\\/news_zt\\/szyw\",\"newsId\":\"\",\"text\":\"进入专题\"}\'></div>	\n	\n<div id=\"wx_pic\" style=\"margin:0 auto;display:none;\">\n	<img src=\"//n.sinaimg.cn/default/2fb77759/20151125/320X320.png\">\n</div>\n</section>'),(130,133,'<section class=\"art_pic_card art_content\">\n<p class=\"art_p\">原标题：老挝发生5.8级地震 震源深度10千米</p>\n<p class=\"art_p\"><img id=\"0\" src=\"//n.sinaimg.cn/translate/233/w590h443/20191121/97f8-iipztff7988387.jpg\" alt=\"\"></p>\n<p class=\"art_p\">中新网11月21日电 据中国地震台网正式测定：11月21日05时03分在老挝（北纬19.65度，东经101.25度）发生5.8级地震，震源深度10千米。</p>	\n	\n<div id=\"wx_pic\" style=\"margin:0 auto;display:none;\">\n	<img src=\"//n.sinaimg.cn/default/2fb77759/20151125/320X320.png\">\n</div>\n</section>'),(131,134,'<section class=\"art_pic_card art_content\">\n<p class=\"art_p\">原标题：巴西溃坝事故300天仍发现遇难者 死亡人数升至254人</p>\n<p class=\"art_p\">中新社圣保罗11月20日电 （记者 莫成雄）巴西米纳斯吉拉斯州民防部门当地时间20日通报说，该州1月底发生的矿坝溃坝事故遇难人数已上升至254人，目前仍有16人失踪。</p>\n<div sax-type=\"proxy\" class=\"j_native_opq191126 box\" data-inserttype=\"0\" style=\"margin:20px 0\" data-id=\"201711dingdingeb\"></div><p class=\"art_p\">民防部门称，溃坝矿区的搜寻工作20日已进入第300天，当天在距离矿坝决口5.5公里处，搜救人员在泥石流中又发现一位遇难者的遗体，由于时间长久，遇难者性别难辨。这是巴西最大的一次搜救行动，超过了2011年里约热内卢塞拉纳地区发生山体滑坡事故后的搜寻工作时间。</p>\n<p class=\"art_p\">在过去的300天中，为搜寻溃坝事故中的遇难者，当地每天都出动一百多名搜救人员使用数十台重型挖掘机械以及嗅探犬、无人机和直升机等开展搜寻工作。挖掘范围涉及溃坝矿区的餐厅、房屋、货运站、停车场、铁路区域和尾矿堆积场等20多个场所。目前，搜寻工作仍在进行，何时结束仍未可知。</p>	\n	\n<div id=\"wx_pic\" style=\"margin:0 auto;display:none;\">\n	<img src=\"//n.sinaimg.cn/default/2fb77759/20151125/320X320.png\">\n</div>\n</section>'),(132,135,'<section class=\"art_pic_card art_content\">\n<p class=\"art_p\">原标题：美驻欧盟大使：<a href=\"https:%5C/%5C/news.sina.cn%5C/news_zt%5C/keyword.d.html?k=%E7%89%B9%E6%9C%97%E6%99%AE\">特朗普</a>与乌克兰存在交易</p>\n<p class=\"art_p\">当地时间20日，美国众议院情报委员会弹劾调查听证会继续举行。当日参加听证的是乌克兰电话门中扮演关键角色的人物——美国驻欧盟大使戈登·桑德兰。他是迄今为止唯一可以直接与特朗普接触的证人。听证会上，他表示美国总统存在与乌克兰的交易。如果乌克兰不展开政治上对特朗普有益的公开调查，就无法获得军事援助，“这件事情不是秘密”。</p>\n<p class=\"art_p\">桑德兰在听证会上表示，他和同事收到的特朗普个人律师朱利亚尼关于寻求乌克兰宣布调查拜登的指令是直接来自美国总统。他还表示，特朗普政府中的很多高级别官员比如副总统彭斯、国务卿蓬佩奥等都知道此事。不过桑德兰表示，他和特朗普从未具体谈论过军事援助。</p>\n<div sax-type=\"proxy\" class=\"j_native_opq191126 box\" data-inserttype=\"0\" style=\"margin:20px 0\" data-id=\"201711dingdingeb\"></div><p class=\"art_p\">众议院情报委员会主席亚当·希夫称，桑德兰的证词是弹劾调查中迄今为止的“最重要证据”，证明特朗普将自身政治需求置于美国利益之上。</p>\n<p class=\"art_p\">特朗普在当日观看了部分桑德兰的听证会。特朗普表示，“我不太认识这个人”。特朗普还表示在此前与桑德兰的对话中提到过，“我什么都不想要，我不想要交易，告诉乌克兰总统做正确的事情。”</p>\n<p class=\"art_p\">对桑德兰的听证会之后，助理国防部长帮办劳拉·库珀、政治事务副国务卿戴维·黑尔继续参加当日的听证会。（央视记者 赵淼）</p><div class=\"plugins_readMore_docplugin from_subject\" data-content=\'{\"docs\":[{\"url\":\"https:\\/\\/news.sina.cn\\/gj\\/2019-11-24\\/detail-iihnzhfz1290400.d.html\",\"title\":\"敏感时期博尔顿重返“推特” 指认白宫封禁其账号\",\"newsId\":\"ihnzhfz1290400-comos-news-cms\"},{\"url\":\"https:\\/\\/news.sina.cn\\/gj\\/2019-11-24\\/detail-iihnzahi2951753.d.html\",\"title\":\"美弹劾案:共和党一高层为查拜登或曾与乌官员接触\",\"newsId\":\"ihnzahi2951753-comos-news-cms\"},{\"url\":\"https:\\/\\/news.sina.cn\\/gj\\/2019-11-24\\/detail-iihnzhfz1360958.d.html\",\"title\":\"特朗普弹劾案：一组织公布百页文件或支持弹劾证词\",\"newsId\":\"ihnzhfz1360958-comos-news-cms\"},{\"url\":\"https:\\/\\/news.sina.cn\\/gj\\/2019-11-23\\/detail-iihnzhfz1200797.d.html\",\"title\":\"特朗普再就弹劾调查为自己辩解\",\"newsId\":\"ihnzhfz1200797-comos-news-cms\"},{\"url\":\"https:\\/\\/news.sina.cn\\/2019-11-22\\/detail-iihnzahi2611389.d.html\",\"title\":\"白宫：特朗普望参议院进行弹劾审判 期待拜登作证\",\"newsId\":\"ihnzahi2611389-comos-news-cms\"}],\"url\":\"http:\\/\\/news.sina.cn\\/zt_d\\/tanhe1\",\"newsId\":\"HB-1-super_subject\\/index-subject-icezueu8174392\",\"text\":\"进入专题\"}\'></div>	\n	\n<div id=\"wx_pic\" style=\"margin:0 auto;display:none;\">\n	<img src=\"//n.sinaimg.cn/default/2fb77759/20151125/320X320.png\">\n</div>\n</section>'),(133,136,'<section class=\"art_pic_card art_content\">\n<p class=\"art_p\">原标题：中国新疆文化交流团访问科威特</p>\n<p class=\"art_p\" cms-style=\"font-L\">新华社科威特城11月20日电（记者王薇　聂云鹏）中国新疆文化交流团19日至20日访问科威特，与科威特各界人士进行交流，介绍新疆在维护社会稳定、增强民族团结、促进宗教和谐以及反恐、去极端化斗争等方面取得的显著成效。</p>\n<p class=\"art_p\" cms-style=\"font-L\">访问科威特期间，交流团会见了科外交部官员，接受了科威特国家电视台以及《消息报》采访，还与科威特大学专家学者举行座谈，就新疆的反恐和去极端化形势、民族宗教政策、职业技能教育培训工作等展开广泛交流。</p>\n<p class=\"art_p\" cms-style=\"font-L\">交流团在座谈中播放了有关新疆反恐形势的电视短片，揭露了恐怖主义给新疆各族人民带来的严重伤害。交流团表示，近年来，新疆采取了一系列有力措施，坚决打击恐怖主义，深入开展去极端化工作，有力铲除了暴恐活动滋生蔓延的土壤，形成了一些有益经验和做法，得到国际社会的广泛认可和肯定。目前，新疆社会安定祥和，经济快速发展，人民安居乐业，为维护新疆社会稳定和长治久安打下了坚实基础。</p>\n<p class=\"art_p\" cms-style=\"font-L\">中国新疆文化交流团已于17日至18日访问卡塔尔。在结束对科威特访问后，交流团前往沙特阿拉伯与当地各界进行交流。</p><p style=\"text-align:right;\" class=\"article-editor\">责任编辑：刘德宾 SN222</p>	\n	\n<div id=\"wx_pic\" style=\"margin:0 auto;display:none;\">\n	<img src=\"//n.sinaimg.cn/default/2fb77759/20151125/320X320.png\">\n</div>\n</section>'),(134,137,'<section class=\"art_pic_card art_content\">\n<p class=\"art_p\">原标题：中小学复课香港反思教育漏洞 港人士：加强国家身份认同感刻不容缓</p>\n<p class=\"art_p\" cms-style=\"font-L\">[环球时报赴香港特派记者 杨升 王雯雯 白云怡 叶蓝]经历了数日的暴力和停课，香港中小学20日复课，受到破坏的香港中文大学和香港大学重开，理工大学的冲突虽然仍在持续，但已经有不少人“自首”。港媒20日评论称，经过这次事件，希望学生和社会人士都能清醒过来，明白违法暴力思维和行动如何戕害学生并对社会造成多么严重的伤害，痛定思痛、彻底离弃暴力，让学生和社会都重新走上健康成长发展之路。</p>\n<p class=\"art_p\" cms-style=\"font-L strong-Bold\">复课日交通受阻</p>\n<p class=\"art_p\" cms-style=\"font-L\">全港中小学20日复课。据香港星岛日报网报道，部分示威者在网上鼓动堵塞交通，导致20日早上港铁等通勤设施混乱。香港教育局局长杨润雄当日称，20日有个别地区曾发生堵路事件，其中有部分学生参与，并可能因此违反法例。另外，网上流传一段疑似香港家长投诉的电话录音，称土瓜湾的中华基督教会基道中学强迫学生罢课，不允许家长接走子女。</p>\n<p class=\"art_p\" cms-style=\"font-L\">香港“01”网注意到，曾被黑衣暴徒及部分学生“占领”并破坏的中大和港大也20日重开。中大表示即日起实施出入管理措施，大学教职员、学生及校友进入校园前必须出示“中大通”或校友图书证等证明身份，否则须向保安人员登记资料，校方保留拒绝行人或司机进入校园的权力。港大20日也恢复大部分运作，但只开放给职员及学生，他们进入校内同样需持有证件，否则需经西闸的检查站进入。</p>\n<p class=\"art_p\" cms-style=\"font-L strong-Bold\">警方在理大拘捕登记千人</p>\n<p class=\"art_p\" cms-style=\"font-L\">至于备受关注的理工大学，据香港《星岛日报》20日报道，截至19日晚，警方在理大及附近拘捕和登记约1100人，自愿离开者约800人，其中约300人是未成年人。据警方初步分析，自愿离开者中大部分不是理大学生。警方表示，暂时不会设自愿离开的最后期限，且不会进入校园。</p>\n<p class=\"art_p\" cms-style=\"font-L\">《环球时报》记者20日进入香港理工大学，在校园内见到的大部分人员都是媒体记者和清洁工。学校破坏情况严重，诸多设施被砸或被喷上激进标语。记者同时还看到大量未使用的燃烧瓶、头盔、护目镜、水和食物等物料，还有两架暴徒自制的投石机或大型弹弓。当天在理大附近一些街道路口，有2至4名防暴警察看守。如果有行人通过，警察会查验证件并询问过往目的，必要时也会查看包内物品。</p>\n<p class=\"art_p\" cms-style=\"font-L\">中午，多名中学校长及浸会大学教职员再到校园，尝试接触留守学生。保安局局长李家超称，行动的立场没有改变，任何18岁以下的人如果仍在理工大学内，只需要将自己交给警方处理；警方登记其资料后，他不会被拘捕，且警方在调查之后才会跟进其案件。至于18岁以上的人士，警方会以暴动罪拘捕他，调查后按实际情况处理个案。20日，涉及理工大学示威事件的12男3女在观塘裁判法院接受应讯。他们的年龄介于16岁至45岁，其中包括6名学生。</p>\n<p class=\"art_p\" cms-style=\"font-L strong-Bold\">各界谴责某些高校成暴力基地</p>\n<p class=\"art_p\" cms-style=\"font-L\">香港各界对近日校内暴力活动提出严厉谴责。教联会会长黄均瑜称，在暴力活动持续的情况下，大学管理层一直未能对学生给出清晰指引，导致一些人被暴徒蛊惑，学校成为暴徒的聚集地，最终一发不可收拾。他说，虽然此前停课，但老师更应坚守岗位、密切关注学生动向，避免酿成悲剧。香港教育工作者联会黄楚标学校校长黄锦良称，经过这次事件，教育机构应反思校园教育存在的漏洞和问题，把加强学生的国家民族身份认同感落到实处已成为刻不容缓的重要议题，“香港、国家、世界是一个共同体，我们的同学应当从心底燃起对国家、对民族的自豪感，这离不开对中华文化和现实国情有全面客观的认识”。</p>\n<p class=\"art_p\" cms-style=\"font-L\">有高校校友也表达了忧虑。中文大学崇基书院校友发起联署称，“历代前贤开山辟地、筚路蓝缕建立的铮铮校誉，数十届20多万校友在香港及世界各地奋斗打拼得来的‘中大名牌’，尽毁于汽油弹下”。1493名中大内地研究生联名发表文章称，“港人本是华夏同胞，学校本该是一片净土……凡有血有肉、有道德底线之人，无不对此等暴徒切齿痛恨”，并列举学校纵容暴徒的“十大罪状”。</p>\n<p class=\"art_p\" cms-style=\"font-L\">“修例风波”同时也严重影响了香港学生的升学。英国剑桥大学宣布，决定取消今年原定于11月29日及30日举行的香港区面试，直到另行通知。相关数据显示，香港2012年至2016年，平均每年有461人报考剑桥大学，被录取的学生平均每年有76人。</p>\n<p class=\"art_p\" cms-style=\"font-L\">《星岛日报》20日发表社论称，暴力分子连日来软硬兼施招揽学生加入破坏行动，有计划地制造和散播虚幻的“革命理想及仇恨”，激进分子动之以“手足之情”，灌输所谓“义气思想”，令学生渐失理智。但从理大校园近日发生的抢夺食物事件以及部分黑衣人的外逃，“可见所谓手足情义随时烟消云散”。文章称，一些政客和组织满口“正义”，对青少年参与暴力行为不但不反对、不割席，还予以肯定甚至美化，纵容、鼓励、推动更多青少年走上暴力破坏的前线，令他们面对伤亡和被捕的厄运，“这些台前幕后的人和组织，要为学生这几天经历的悲惨遭遇以及将来可能付出的法律代价，负上最大责任”。</p>\n<p class=\"art_p\" cms-style=\"font-L\">　</p><p style=\"text-align:right;\" class=\"article-editor\">责任编辑：刘德宾 SN222</p><div class=\"plugins_readMore_docplugin from_subject\" data-content=\'{\"docs\":[{\"url\":\"https:\\/\\/news.sina.cn\\/gn\\/2019-11-26\\/detail-iihnzhfz1808869.d.html\",\"title\":\"杨洁篪：中方坚决反对和强烈谴责美通过涉港法案\",\"newsId\":\"ihnzhfz1808869-comos-news-cms\"},{\"url\":\"https:\\/\\/news.sina.cn\\/gn\\/2019-11-26\\/detail-iihnzahi3419424.d.html\",\"title\":\"林郑月娥：表达任何诉求不应诉诸暴力\",\"newsId\":\"ihnzahi3419424-comos-news-cms\"},{\"url\":\"https:\\/\\/news.sina.cn\\/gn\\/2019-11-26\\/detail-iihnzahi3371019.d.html\",\"title\":\"港府就“禁蒙面法违宪”提出上诉\",\"newsId\":\"ihnzahi3371019-comos-news-cms\"},{\"url\":\"https:\\/\\/news.sina.cn\\/gn\\/2019-11-26\\/detail-iihnzhfz1813290.d.html\",\"title\":\"港理大校方搜寻留守暴徒暂无果 校内遍布危险品\",\"newsId\":\"ihnzhfz1813290-comos-news-cms\"},{\"url\":\"https:\\/\\/news.sina.cn\\/gn\\/2019-11-26\\/detail-iihnzahi3462252.d.html\",\"title\":\"港府：红磡海底隧道将于27日凌晨5点恢复开通\",\"newsId\":\"ihnzahi3462252-comos-news-cms\"}],\"url\":\"http:\\/\\/news.sina.cn\\/zt_d\\/hongkong0802\",\"newsId\":\"HB-1-super_subject\\/index-subject-hytcitm8757960\",\"text\":\"进入专题\"}\'></div>	\n	\n<div id=\"wx_pic\" style=\"margin:0 auto;display:none;\">\n	<img src=\"//n.sinaimg.cn/default/2fb77759/20151125/320X320.png\">\n</div>\n</section>'),(135,138,'<section class=\"art_pic_card art_content\">\n<p class=\"art_p\">原标题：美知名中国事务观察家彼得·沃克：理解中国，美国需反思五大问题</p>\n<p class=\"art_p\" cms-style=\"font-L\">[环球时报记者 闫韫明]“过去40多年，中国与美国的接触和对美认识呈井喷状态……而直到最近，美国对了解中国都兴趣缺缺。”美国知名中国事务观察家彼得·沃克（中文名吴子）这样谈论中美相互认知的不均衡状况。彼得·沃克是全球管理咨询公司麦肯锡荣休高级合伙人，也是推动美国各界了解中国的华美协进社董事会成员。过去这些年，彼得·沃克与中国官方及商界来往频密，而对中国的特别关注，促使他十几年来定期访华多达八九十次。正是根据自己几十年来对中美文化的研究和理解，他于近期推出新书《强大、不同、平等：克服中美间的差异与误解》。就当下中美关系发展中存在的问题和困难，《环球时报》记者对他进行了专访。</p>\n<p class=\"art_p\" cms-style=\"font-L strong-Bold\">贸易战——“糟糕的决定”</p>\n<p class=\"art_p\" cms-style=\"font-L\">环球时报：您在新作中称经济领域是一个“真正的战场”。那么目前的中美经贸摩擦是不是一场“真正的战争”呢？</p>\n<p class=\"art_p\" cms-style=\"font-L\">沃克：美国发起的这场贸易战的确是一场“真正的战争”。但经济专家和商界领袖大多认为发起这场“战争”是一个糟糕决定，会造成两败俱伤的结果。尽管<a href=\"https:%5C/%5C/news.sina.cn%5C/news_zt%5C/keyword.d.html?k=%E7%89%B9%E6%9C%97%E6%99%AE\">特朗普</a>坚称“贸易战很容易打赢”，但事实上，是美国消费者，而不是特朗普所声称的中国在为美国对华加征的高关税埋单。</p>\n<p class=\"art_p\" cms-style=\"font-L\">政府增加关税的核心理由是“使制造业就业机会重回美国”，但预期的结果并没有出现，美国公司的就业机会转而流向其他低成本国家，主要是东南亚国家。</p>\n<p class=\"art_p\" cms-style=\"font-L\">除了这些短期影响，美国的做法还使得中国加倍努力摆脱在贸易上对美国的依赖，并加速推行“中国制造”计划。如果说美国打贸易战的目的是以牺牲中国人的利益为代价来提振自身经济，从长远看，只会适得其反。如果美国经济陷入困境，2020年大选将迫使华盛顿撤回关税。美国向来支持自由贸易，这一立场很可能会随着政府更迭而重新确立。</p>\n<p class=\"art_p\" cms-style=\"font-L\">环球时报：有观点认为，中美贸易问题和两国在其他领域的分歧会使两国陷入冷战，您是否同意？</p>\n<p class=\"art_p\" cms-style=\"font-L\">沃克：贸易战已经引发一场可能长期持续的经济——而不是军事——冷战。其实造成这种局面的根本原因已经超越贸易范畴。美国在多个领域公开批评和恐吓中国，并试图将自己的意愿强加到中国身上。这些做法必然会进一步坚定中国进行抵抗的决心，并且会拉长这场经济冷战的战线。</p>\n<p class=\"art_p\" cms-style=\"font-L\">环球时报：为什么很多美国政客对中国有冷战思维？</p>\n<p class=\"art_p\" cms-style=\"font-L\">沃克：首先，过去150年，美国都是全球经济领头羊，但未来几十年，这个位置可能不得不让给中国。一些政客无法接受这一趋势，试图不惜一切代价防止它变成现实。全球大多数经济学家都认为中国最终必将占据优势，随着这种趋势越来越明显，美国政客的态度可能会更加强硬。第二，美国政坛对中国历史文化知之甚少，他们不接受中国的强政府模式，不理解这是中国历史文化发展的自然结果。与之相比，中国对美国的理解则深入得多。</p>\n<p class=\"art_p\" cms-style=\"font-L strong-Bold\">认知差——100万与2500万</p>\n<p class=\"art_p\" cms-style=\"font-L\">环球时报：是什么原因导致了中美在相互认知上的不平衡？</p>\n<p class=\"art_p\" cms-style=\"font-L\">沃克：很大程度上可以用历史和文化因素来解释。在中国历史上，这个国家大部分时间处于世界领先地位。但由于错过了一场给美西方带来剧变的工业革命，中国失去了优势。19世纪以来，中国外遭西方侵略，内受动荡折磨，直到1978年实施改革开放政策，把重心放在制造业和科技上，才加速了中国发展。中国迅速向西方学习经验，成为出口制造业的全球领导者。除了经济上的举措，中国还鼓励优秀学生到西方留学，特别是到美国学习。目前超过35万中国留学生在美国大学学习。美国的时尚潮流、电影和音乐已经完全渗透到中国市场。而且几乎所有中国学校都设有英语课程。总之，过去40多年，中国与美国的接触和对美认识呈井喷状态。</p>\n<p class=\"art_p\" cms-style=\"font-L\">而直到最近，美国对了解中国都兴趣缺缺，其认识来源仅限于一些传教士、学者和跨国公司。近3年来，美国政府公开宣布中国与俄罗斯一同构成对美国的战略威胁，并试图通过贸易战遏制中国崛起、限制中国获取美国先进技术。这种“觉醒”是最近才出现的，而且只是集中在经济竞争方面。可以说，美国在了解中国的文化、历史以及其行为动因方面付出的努力非常少。</p>\n<p class=\"art_p\" cms-style=\"font-L\">绝大多数美国人，包括高层政府官员，多年来都持有这样一个想法：他们相信中国最终必将转变为一个民主国家。但如果你了解中国历史文化是根植于集体主义而非个人主义，如果你了解中国的儒家价值观，你会发现中国以及中国大陆的人民，对除基层级别以外的选举民主都没多少兴趣。事实上，声誉颇高的皮尤研究基金会的调查显示，在世界主要国家当中，中国政府获得的民众支持率是最高的。</p>\n<p class=\"art_p\" cms-style=\"font-L\">虽然美国现在试图遏制中国，但几乎没有任何证据显示它有了解中国的意愿。只有少数美国人（大概100万）访问过中国，然而去过美国的中国人超过2500万。会讲英语的中国人的数量更是远超能说普通话的美国人。</p>\n<p class=\"art_p\" cms-style=\"font-L\">“面子”，也就是个人声誉、荣誉是中国文化的基石。但美国政府在贸易问题和香港问题上的表现仿佛“面子”这种东西完全不存在，它一直在威胁中国去接受它的意愿。哪怕他们对中国文化只有一点点理解，也应该明白中国人并不会屈服于这种压力。</p>\n<p class=\"art_p\" cms-style=\"font-L\">总而言之，美国缺乏对中国的理解并不意味着它缺乏集体智慧或善意。美国成为全球性大国已有近150年，它只是还没有看到了解中国的紧迫性。希望美国的态度能从目前的遏制和对抗转变为建设性地参与到下一个阶段的中美关系当中。</p>\n<p class=\"art_p\" cms-style=\"font-L strong-Bold\">相互了解——一条漫漫长路</p>\n<p class=\"art_p\" cms-style=\"font-L\">环球时报：在目前民粹主义上升的背景下，很多美国人似乎仍然不愿意去了解中国。</p>\n<p class=\"art_p\" cms-style=\"font-L\">沃克：的确，不仅绝大多数美国人对中国知之甚少，我们政府也缺乏对中国的了解，而且它将中国定位为“敌人”，会导致民众不太可能更有加深对中国了解的意愿。鉴于此，美国人了解中国还要走一条漫漫长路。在美国，我就此与各种各样的人聊过，我相信最乐于了解中国的群体是年轻、受过教育的美国人。他们理解中国对于他们所处的这个世界的重要性，也对探索一些核心问题充满好奇。这些核心问题包括：</p>\n<p class=\"art_p\" cms-style=\"font-L\">如果中国人的自由受到限制，为什么中国政府能获得比其他大国更高的民众支持率？</p>\n<p class=\"art_p\" cms-style=\"font-L\">美国政府将中国定位为重大军事威胁，那么如何解释中国人口是美国的四倍，国防预算却只占美国的一小部分？如何解释在过去20年，美国在海外战争上花费了超过10万亿美元，而中国却几乎分文未花？</p>\n<p class=\"art_p\" cms-style=\"font-L\">我们受的教育告诉我们，中央政府宏观调控的经济体系明显落后于资本主义体系，那么为什么俄罗斯失败了，而中国却取得了成功？</p>\n<p class=\"art_p\" cms-style=\"font-L\">中国的教育制度广受诟病，很多人认为中国教育只重视死记硬背，不重视批判性思维，那么为什么很多在美中国留学生的表现优于美国学生？</p>\n<p class=\"art_p\" cms-style=\"font-L\">美国经常在环境问题上批评中国，那么如何解释中国在可再生能源、高铁、改善主要城市空气质量以及恪守《巴黎协定》方面的全球领导地位（而美国却退出了《巴黎协定》）？</p>\n<p class=\"art_p\" cms-style=\"font-L\">无论如何，美国了解中国的过程会比较缓慢，希望我最近出版的新书能有所贡献。随着时间的推移，事实必将取代没有根据的断言。最后，如果一个不再将世界秩序视为零和游戏的（美国）新政府上台，可能会加速缩小美中之间的认知差距。</p>\n<p class=\"art_p\" cms-style=\"font-L\">环球时报：您对短期和长期的中美关系有何预测？</p>\n<p class=\"art_p\" cms-style=\"font-L\">沃克：短期来看，贸易战将伤害美中双方利益。美中对比的话，由于拥有中央政府对所有杠杆的控制力以及灵活性，中国的承受能力会更强，也能得到越来越多民众支持。短期内美国将做何反应我不太清楚，但经济下行以及由加征关税引发的通胀上升可能会对特朗普明年大选的选情产生负面影响。</p>\n<p class=\"art_p\" cms-style=\"font-L\">长期来看，中国将继续减少对美依赖。鉴于其快速发展的消费市场和城市化带来的机遇，中国经济将继续坚挺。而且美国每教育出一位科学家、数学家或工程师，中国能教育出16位，中国的经济前景是有保障的。而美国将继续面临教育和基础设施投资不足、军费预算增加等带来的挑战，更严峻的挑战还有社会的高度分裂、功能失调的党派政治。经济及企业让美国持续保持强势，但如今逆风在增强。</p><p style=\"text-align:right;\" class=\"article-editor\">责任编辑：刘德宾 SN222</p>	\n	\n<div id=\"wx_pic\" style=\"margin:0 auto;display:none;\">\n	<img src=\"//n.sinaimg.cn/default/2fb77759/20151125/320X320.png\">\n</div>\n</section>'),(136,139,'<section class=\"art_pic_card art_content\">\n<p class=\"art_p\">中国地震台网正式测定：11月21日05时03分在老挝（北纬19.65度，东经101.25度）发生5.8级地震，震源深度10千米。（ @中国地震台网 ）</p>\n<a href=\"JavaScript:void(0)\">\r\n									<figure class=\"art_img_mini j_p_gallery\" data-type=\"simple\">\r\n										<img class=\"art_img_mini_img j_fullppt_cover\" src=\"data:image/png;base64,iVBORw0KGgoAAAANSUhEUgAAAAQAAAADAQMAAACOOjyFAAAAA1BMVEUAAACnej3aAAAAAXRSTlMAQObYZgAAAApJREFUCNdjAAMAAAYAAegKKqQAAAAASUVORK5CYII=\" data-src=\"//wx2.sinaimg.cn/large/718036c9ly1g957k7zqdfj20m80godkz.jpg\" alt=\"\">\r\n									<img class=\"j_fullppt\" src=\"data:image/png;base64,iVBORw0KGgoAAAANSUhEUgAAAAQAAAADAQMAAACOOjyFAAAAA1BMVEUAAACnej3aAAAAAXRSTlMAQObYZgAAAApJREFUCNdjAAMAAAYAAegKKqQAAAAASUVORK5CYII=\" data-src=\"//wx2.sinaimg.cn/large/718036c9ly1g957k7zqdfj20m80godkz.jpg\" alt=\"\" disabeld-show=\"true\" style=\"display:none\">\r\n										<h2 class=\"art_img_tit\"></h2>\r\n									</figure>\r\n								</a>\n<a href=\"JavaScript:void(0)\">\r\n									<figure class=\"art_img_mini j_p_gallery\" data-type=\"simple\">\r\n										<img class=\"art_img_mini_img j_fullppt_cover\" src=\"data:image/png;base64,iVBORw0KGgoAAAANSUhEUgAAAAQAAAADAQMAAACOOjyFAAAAA1BMVEUAAACnej3aAAAAAXRSTlMAQObYZgAAAApJREFUCNdjAAMAAAYAAegKKqQAAAAASUVORK5CYII=\" data-src=\"//n.sinaimg.cn/news/transform/238/w550h488/20191121/4847-iipztff7928796.png\" alt=\"\">\r\n									<img class=\"j_fullppt\" src=\"data:image/png;base64,iVBORw0KGgoAAAANSUhEUgAAAAQAAAADAQMAAACOOjyFAAAAA1BMVEUAAACnej3aAAAAAXRSTlMAQObYZgAAAApJREFUCNdjAAMAAAYAAegKKqQAAAAASUVORK5CYII=\" data-src=\"//n.sinaimg.cn/news/transform/238/w550h488/20191121/4847-iipztff7928796.png\" alt=\"\" disabeld-show=\"true\" style=\"display:none\">\r\n										<h2 class=\"art_img_tit\"></h2>\r\n									</figure>\r\n								</a>	\n	\n<div id=\"wx_pic\" style=\"margin:0 auto;display:none;\">\n	<img src=\"//n.sinaimg.cn/default/2fb77759/20151125/320X320.png\">\n</div>\n</section>'),(137,140,'<section class=\"art_pic_card art_content\">\n<p class=\"art_p\">原标题：台湾华映公司宣布破产，其显示器产量曾排名世界前三</p>\n<p class=\"art_p\" cms-style=\"font-L\">[环球时报综合报道]台湾大同集团旗下的华映公司日前宣布破产，台当局将先为其垫付工资。岛内媒体称，这是台湾史上垫偿金额最高、人数最多的案件。</p>\n<p class=\"art_p\" cms-style=\"font-L\">台湾《联合晚报》20日称，华映公司8月和9月的工资迄今未依约支付，共1842名劳工被积欠工资，“劳动部”垫偿基金将先垫付，粗估金额约8亿元新台币，最迟明年春节前发给员工。</p>\n<p class=\"art_p\" cms-style=\"font-L\">据了解，台“劳基法”规定，劳工被积欠的工资、退休金与资遣费可由“垫偿基金”先行垫付。有“劳动部”官员称，华映的土地状况其实不错，以杨梅厂为例，土地厂房最新估价有40多亿元新台币，但法定抵押权大概只有20亿元，因此华映处理资产并不难。</p>\n<p class=\"art_p\" cms-style=\"font-L\">华映的全称为“中华映管股份有限公司”，成立于1971年5月，是世界最重要的显示器制造厂和岛内“面板五虎”之一。它是台湾早期研发视讯产品关键零组件显像管的重要厂商，其显示器产量曾为全球前三，并因此将台湾推向“显示器王国”的世界舞台。1997年华映引进日本技术，为台湾显示器进入平面化拉开序幕。有岛内媒体甚至称它为“显示器的黄埔军校”。</p>\n<p class=\"art_p\" cms-style=\"font-L\">今年3月，华映宣布裁员2500人，占全厂4500名劳工的一半以上，是台湾面板业有史以来最大规模的裁员行动，在岛内引起震动。今年9月，华映的土地、厂房、机器设备各项资产均遭法院查封，无法继续运营生产。《联合报》评论称，桃园市今年相继传出华映、润泰全、嘉联益、定颖科技大厂等裁员或关厂，许多中小企业工厂频传歇业。文章认为，岛内缺水、缺电、缺工、缺地、缺人才的“五缺”问题无解，岛内未来景气不乐观。（张雯雯）</p><p style=\"text-align:right;\" class=\"article-editor\">责任编辑：刘德宾 SN222</p>	\n	\n<div id=\"wx_pic\" style=\"margin:0 auto;display:none;\">\n	<img src=\"//n.sinaimg.cn/default/2fb77759/20151125/320X320.png\">\n</div>\n</section>'),(138,141,'<section class=\"art_pic_card art_content\">\n<p class=\"art_p\">原标题：陈致中带“台独”旗上玉山 分析指其捞取政治资本意图昭然若揭</p>\n<p class=\"art_p\">[环球时报综合报道]台湾地区前领导人<a href=\"https:%5C/%5C/news.sina.cn%5C/news_zt%5C/keyword.d.html?k=%E9%99%88%E6%B0%B4%E6%89%81\">陈水扁</a>之子、高雄市议员陈致中带着象征陈水扁的“扁娃”，在台湾最高峰玉山高举“台独”旗还发文炫耀，行径引发岛内各界猛批。</p>\n<p class=\"art_p\">据台湾《中国时报》20日报道，陈水扁19日在脸书发文称，“阿扁登玉山，扁娃先行，让台湾独立的声浪响彻云霄！”附图是两张陈致中带着“扁娃”，在海拔3952米的玉山主峰石碑旁高举“台独”旗子的照片。</p>\n<p class=\"art_p\">台北市议员李明贤在脸书上称，两周前有民众在玉山撒冥纸，玉山管理处再次宣告“从事政治或破坏环境的行为一律禁止，可依国家公园法最高开罚3000元新台币”。他称，2018年有人带五星红旗上玉山主峰拍照，结果台“内政部”修订公园事项，新增规定“除聚落范围外，园区内禁止足以引发社会争议或冲突的政治行为”。因此，陈致中带着“台独”旗上山，“内政部”应依照规定开罚。</p>\n<div sax-type=\"proxy\" class=\"j_native_opq191126 box\" data-inserttype=\"0\" style=\"margin:20px 0\" data-id=\"201711dingdingeb\"></div><p class=\"art_p\">对此，陈致中20日在高雄巿议会回应，扬言即使被罚，也“甘之如饴”。刚被“台独”小党“一边一国行动党”推出参选台“不分区立委”的陈水扁也出来附和，声称如果该党进入“国会”，也要带旗上山。</p>\n<p class=\"art_p\">不少岛内网民在相关新闻下痛骂，“你有自由推‘台独’，别人不能推统一，这叫民主的言论自由吗”“台湾的法律遇到陈水扁一家都会转弯”。台“内政部营建署”表示，这起事件已经引起社会争议，疑似违反玉山公园相关规定，依规定，陈致中需20天内陈述说明意见，将再依法裁处。“营建署”表示，欢迎世界各地游客来公园欣赏美景、从事休闲活动，但不欢迎政治性活动。由于正值选举期间，“营建署”提醒，游玩时请勿带入政治性活动。台湾“内政部次长”陈宗彦表示，一切依法办理。依照现行规定，首次违规可罚1500元新台币，第二次可开罚3000元。</p>\n<p class=\"art_p\">民进党上台后，党内大佬纷纷扶持自己的子女上位。包括陈水扁之子陈致中、驻日代表谢长廷之子谢维洲、“行政院长”苏贞昌之女苏巧慧以及前“行政院长”游锡堃之子游秉陶等，都选过议员和“立委”。其中陈致中因父亲的关系，一直受到质疑。早前他因涉嫌买春案被舆论抨击，前不久他在高雄市议会质询副市长叶匡时，拼命追打韩国瑜买房一事，完全忘记自己家族是“超豪宅家族”。有分析称，此次陈致中带“台独”旗上玉山，捞取政治资本的意图昭然若揭。（崔明轩）</p>	\n	\n<div id=\"wx_pic\" style=\"margin:0 auto;display:none;\">\n	<img src=\"//n.sinaimg.cn/default/2fb77759/20151125/320X320.png\">\n</div>\n</section>'),(139,142,'<section class=\"art_pic_card art_content\">\n<p class=\"art_p\">原标题：不到一年，以色列可能要进行第三次大选</p>\n<p class=\"art_p\">[环球时报综合报道]据美联社20日报道，被称为以色列总理内塔尼亚胡“命运掌控者”的政坛元老利伯曼20日发表声明，称其领导的“以色列是我们的家园”党不会支持内塔尼亚胡或蓝白党候选人甘茨任何一方担任以色列总理，或导致以色列不得不进行12个月内的第三次大选。</p>\n<div sax-type=\"proxy\" class=\"j_native_opq191126 box\" data-inserttype=\"0\" style=\"margin:20px 0\" data-id=\"201711dingdingeb\"></div><p class=\"art_p\">依据以色列法律，被总统选中的人须在28天内完成组阁，内塔尼亚胡组阁失败后，以色列总统里夫林授权甘茨必须在20日之前完成组阁。但利伯曼表示，他无意将以色列拖入第三次大选的泥潭中，这一切只能怪以色列政治人物缺乏领导力。利伯曼同时称，他相信以色列有能力避免再次大选，如果有议员能在接下来的三周内组建联合政府的话。如果没有议员完成这一艰巨任务，那么第三次大选将在2020年3月自动触发。</p>\n<p class=\"art_p\">据《耶路撒冷邮报》20日报道，内塔尼亚胡已再次向甘茨伸出合作的橄榄枝，甘茨预计将在20日晚给出答复。</p><div class=\"plugins_readMore_docplugin from_subject\" data-content=\'{\"docs\":[{\"url\":\"https:\\/\\/news.sina.cn\\/gj\\/2019-11-23\\/detail-iihnzhfz1116984.d.html\",\"title\":\"内塔尼亚胡被正式起诉 以色列政治危机恐加剧\",\"newsId\":\"ihnzhfz1116984-comos-news-cms\"},{\"url\":\"https:\\/\\/news.sina.cn\\/2019-11-22\\/detail-iihnzhfz0913349.d.html\",\"title\":\"以色列总理内塔尼亚胡遭正式起诉 或加深政局混乱\",\"newsId\":\"ihnzhfz0913349-comos-news-cms\"},{\"url\":\"https:\\/\\/news.sina.cn\\/2019-11-21\\/detail-iihnzahi2279197.d.html\",\"title\":\"以色列蓝白党领导人甘茨宣布组阁失败\",\"newsId\":\"ihnzahi2279197-comos-news-cms\"},{\"url\":\"https:\\/\\/news.sina.cn\\/2019-09-25\\/detail-iicezueu8351233.d.html\",\"title\":\"以色列公布议会选举结果 蓝白党成议会第一大党\",\"newsId\":\"icezueu8351233-comos-news-cms\"},{\"url\":\"https:\\/\\/news.sina.cn\\/gj\\/2019-09-25\\/detail-iicezzrq8368040.d.html\",\"title\":\"以大选最终结果出炉：利库德集团落后蓝白党1席\",\"newsId\":\"icezzrq8368040-comos-news-cms\"}],\"url\":\"http:\\/\\/news.sina.cn\\/zt_d\\/stateofisrael\",\"newsId\":\"HB-1-super_subject\\/index-subject-icezzrq7790616\",\"text\":\"进入专题\"}\'></div>	\n	\n<div id=\"wx_pic\" style=\"margin:0 auto;display:none;\">\n	<img src=\"//n.sinaimg.cn/default/2fb77759/20151125/320X320.png\">\n</div>\n</section>'),(140,143,'<section class=\"art_pic_card art_content\">\n<p class=\"art_p\">原标题：弱势德国就要来了吗</p>\n<p class=\"art_p\">郑春荣</p>\n<p class=\"art_p\" cms-style=\"font-L\">当前，法国在马克龙领导下，日益显现出欧盟内领导者的角色，而作为传统法德双引擎之一的德国却相形见绌。欧洲一些国家的媒体和学者纷纷断言，德国的“巅峰时代”已经终结，似乎弱势德国的出现已是必然。</p>\n<p class=\"art_p\" cms-style=\"font-L\">的确，德国近年来经历了多方面的变化，其在欧盟内的领导力已不如从前，从欧债危机应对中的超强角色，已然跌落到<a href=\"https:%5C/%5C/news.sina.cn%5C/news_zt%5C/keyword.d.html?k=%E6%AC%A7%E6%B4%B2%E9%9A%BE%E6%B0%91\">欧洲难民</a>危机应对中的无力地位。其后，德国经历了其历史上最长的组阁过程，虽然德国总理<a href=\"https:%5C/%5C/news.sina.cn%5C/news_zt%5C/keyword.d.html?k=%E9%BB%98%E5%85%8B%E5%B0%94\">默克尔</a>能够勉强延续其第四个总理任期，但是，在她不再担任基民盟主席以及宣布执政到2021年不再谋求连任后，她在国内已经成为“跛脚鸭”，受到多方面力量的掣肘，在欧盟与国际层面的光环也有所褪色。更令观察家担心的是，放眼德国各主流政党政要，看不到未来德国进入后默克尔时代，有谁能还拥有像默克尔这样的影响力。</p>\n<p class=\"art_p\" cms-style=\"font-L\">德国在欧盟内一直是以稳定著称的国家，然而，这种稳定性中如今也注入了不确定性。由于历史的原因，德国曾经对右翼民粹主义政党具有免疫力，但随着德国另类选择党的崛起，德国在这方面也“正常化”了。与欧盟其他国家一样，它正遭受着右翼民粹主义的侵袭，却没有应对的良方。大党衰落，政党格局碎片化，这将很可能成为德国政党格局相当长时间里的“新常态”。</p>\n<p class=\"art_p\" cms-style=\"font-L\">作为德国实力支撑的经济，也在不确定的世界经济形势下，出现了走软的迹象。虽然根据联邦统计局的数据，德国GDP在2019年二季度出现负增长（-0.2%）后，第三季度并未连续下降，而是保住了0.1%的增长率，但是，德国的经济展望整体上不容乐观，出口增速放缓，制造业下滑，这给德国敲响了警钟。</p>\n<p class=\"art_p\" cms-style=\"font-L\">德国老百姓的不安也在上升。即使在经济发展状况较好的前几年，德国国内的贫富差距也有所扩大。尤其是德国东部老百姓没有获得感、幸福感，出于对政府不满的抗议，老百姓把选票纷纷投给了德国另类选择党。这也是德国本届政府将“国家新团结”列为执政目标之一的原因。然而，从目前另类选择党在德国东部的持续强势来看，主流政党依然未能赢回这些流失的选民。</p>\n<p class=\"art_p\" cms-style=\"font-L\">政治上的失稳、经济上的走软以及民意上的少助，这一切渐变导致德国变得较之以往更加内顾，这意味着德国政府内部的纷争在增加，德国能够在欧盟内和国际上投入的资源也将受限，政府的作为也将更多地受到国内民意的牵制。尽管德国的政治精英有着承担更多全球责任的渴望与冲动，然而，德国老百姓会越发觉得政府有点力不从心。</p>\n<p class=\"art_p\" cms-style=\"font-L\">然而，即使德国出现了上述的种种症状，我们仍然不能断然做出弱势德国就要到来的结论。首先，从欧盟内部来看，德国依然是政局相当稳定、经济实力最强的国家。德国政治学家沃尔夫冈·梅克尔曾预测，在未来10年里，德国的全民党将彻底消亡，包括社民党应安于10%左右的得票率。这样的新格局并不会带来德国的“不可治理”，而是要求德国各主流政党习惯于新的合作模式。</p>\n<p class=\"art_p\" cms-style=\"font-L\">其次，在1990年两德统一后，德国也曾经陷入过经济增长停滞、失业率高企、国际竞争力丧失的困境，一度被讥讽为“欧洲的病夫”。但是，正是这个“病夫”，在总理施罗德领导下经历痛苦的“2010议程”改革，重新崛起为欧洲的领导力量，这表明德国社会有着很强的发展韧性。因此，有理由预期，即使经济在未来将面临暂时的困难，德国仍将能够依赖其充满弹性的社会市场经济，随着全球经济形势的回暖，率先走出困境。</p>\n<p class=\"art_p\" cms-style=\"font-L\">德国政治学家赫尔弗里德·明克勒曾经撰文表示，“如果德国在承担欧洲中心大国的任务上失败了，那么欧洲（工程）就会失败”。明克勒同时指出，德国要做到这一点，国内必须没有民粹主义的束缚，民众也必须更为拥欧，且比欧洲边缘国家更多地深信欧洲工程的好处。虽然德国的国内条件与此要求相比已发生了一些变化，尤其是右翼民粹主义的肆虐，但是，德国仍然肩负着“欧洲中心大国”的责任。</p>\n<p class=\"art_p\" cms-style=\"font-L\">虽然马克龙领导下的法国在欧盟内风头正劲，而德国引擎降速，但是，法国国内仍然问题重重，在很大程度上，马克龙是希望借助欧盟改革来解决其国内问题。因此，法国在欧盟内想要真正发挥领导力，依然离不开德国的支持和配合。换个角度看，德国在欧盟内领导力如今有所下降，这将有助于法德之间的关系更加对称，更有利于法德共同在危机四伏的欧盟内至少发挥稳定器的作用。▲</p>\n<p class=\"art_p\" cms-style=\"font-L\">（作者是同济大学德国研究中心主任、教授）</p><p style=\"text-align:right;\" class=\"article-editor\">责任编辑：刘德宾 SN222</p>	\n	\n<div id=\"wx_pic\" style=\"margin:0 auto;display:none;\">\n	<img src=\"//n.sinaimg.cn/default/2fb77759/20151125/320X320.png\">\n</div>\n</section>'),(141,145,'<section class=\"art_pic_card art_content\">\n<p class=\"art_p\">原标题：被暴徒烧的李伯仍昏迷，妻子说，我每天要告诉他：要加油，要撑住！</p>\n<p class=\"art_p\">11月11日，香港马鞍山一名57岁李姓男子（人称“李伯”）遭暴徒淋易燃液后点火烧伤。20日，李伯的妻子在香港接受环球时报-环球网等多家媒体的联合采访时说，医生诊断李伯全身五成被烧伤，自出事后，李伯便没有醒过来，一直处在昏迷中。在和媒体的对话中，李太太数度落泪，表示自己支持李伯当时阻止暴徒搞破坏的行为，只是没有想到暴徒竟如此“无人性”。</p>\n<a href=\"JavaScript:void(0)\">\r\n									<figure class=\"art_img_mini j_p_gallery\" data-type=\"simple\">\r\n										<img class=\"art_img_mini_img j_fullppt_cover\" src=\"data:image/png;base64,iVBORw0KGgoAAAANSUhEUgAAAAQAAAADAQMAAACOOjyFAAAAA1BMVEUAAACnej3aAAAAAXRSTlMAQObYZgAAAApJREFUCNdjAAMAAAYAAegKKqQAAAAASUVORK5CYII=\" data-src=\"//n.sinaimg.cn/news/crawl/728/w550h978/20191120/fb30-iipztff7369774.jpg\" alt=\"\">\r\n									<img class=\"j_fullppt\" src=\"data:image/png;base64,iVBORw0KGgoAAAANSUhEUgAAAAQAAAADAQMAAACOOjyFAAAAA1BMVEUAAACnej3aAAAAAXRSTlMAQObYZgAAAApJREFUCNdjAAMAAAYAAegKKqQAAAAASUVORK5CYII=\" data-src=\"//n.sinaimg.cn/news/crawl/728/w550h978/20191120/fb30-iipztff7369774.jpg\" alt=\"\" disabeld-show=\"true\" style=\"display:none\">\r\n										<h2 class=\"art_img_tit\"></h2>\r\n									</figure>\r\n								</a>\n<p class=\"art_p\">据李太太介绍说，上周六，医生刚给李伯做了双手植皮手术，18日，又做了头部植皮手术。在这期间，李伯的肺部一度出现不正常反应，目前稍微稳定了一些，但仍在ICU中。最近这些日子，自己每天都会去医院陪伴李伯，尽管他在昏迷中全无回应，但自己仍然不停地对他说，“要加油”，“要撑住”，告诉他世界上还有许多人在关心他，鼓励他。</p>\n<p class=\"art_p\">李太太告诉在场记者，李伯出事那天，自己在路上堵了两小时才到办公室，还没做什么，女儿就发给了她那段视频，并紧急打电话告诉她，“爸爸被人淋‘火水’，然后被人烧”。从那一刻到现在，她都没法接受这个现实，只要一想起此事就忍不住落泪，吃不下饭，也睡不着觉，实在太累时才勉强能睡一两个小时。</p>\n<p class=\"art_p\">据李太太说，李伯平时并不热衷政治议题，但是一个正义感很强的人，对国家很有感情，也有关心香港的时局。那天，他可能是真的看不下去暴徒的所作所为才站出来阻拦。她介绍说，最近几个月的社会混乱也给他们家庭的生活带来很大影响，李伯原本是开挖掘机的，但最近几个月都没法开工，收入只有原来的三分之一。</p>\n<p class=\"art_p\">据香港媒体“东网”报道，自李伯被火烧伤后，香港警方经追查后于18日分别在机场警区及湾仔警区，以涉嫌非法集结拘捕一女子陈海云（33岁）及一男子邝耀文（39岁），暂控各一项“公众地方作出扰乱秩序行为”罪，案件20日审讯。两名被告各准许以现金1000港元保释，期间不得再踏足涉案天桥。案件押后明年1月29日等警方进一步调查再讯，包括翻查相关视频及寻找目击证人等。</p>\n<p class=\"art_p\">尽管如此，李太太称她仍然相信香港司法会给李伯一个公正的交代，她也希望当时在附近的目击者可以站出来，提供当时泼易燃液体和点火的两人的证据。 如果有机会，她亦想对凶手说，“不要再害人了！一个人生下来，被你这样烧，将心比心，如果是你被这样烧，你又会怎样想呢？”</p>\n<div sax-type=\"proxy\" class=\"j_native_opq191126 box\" data-inserttype=\"0\" style=\"margin:20px 0\" data-id=\"201711dingdingeb\"></div><p class=\"art_p\">在接受媒体采访时，李太太全程戴着墨镜与口罩。她告诉记者，这是由于自己害怕被“起底”。她称自己最近已很少出门，即使出去也都戴着口罩，因为很怕被人认出，“怕自己受伤，也怕别人受伤”。</p>\n<p class=\"art_p\">“香港已变得让人很害怕，我都希望他们（暴徒）尽快收手。李先生已经受伤，不要让更多的人也因此受伤。”李太太对在场的记者们说，现在走在香港的大街上她都觉得很危险，“可能突然间就有一帮人冲出来，又打人又骂人，多走一阵子都会害怕。”</p>\n<p class=\"art_p\">李伯出事后，全国各地网友为其开展了募捐行动。据香港《大公报》20日报道，为援助李伯和另外一位被暴徒用砖头砸到不幸逝世的罗伯及其家属，有多家媒体和慈善机构发起“香港李伯罗伯专项救助基金”，目标是一个月内筹善款200万元人民币，以帮助两位老伯的家人渡过难关。许多爱心人士很快伸出援手，这个目标在8小时即已达成。</p>\n<a href=\"JavaScript:void(0)\">\r\n									<figure class=\"art_img_mini j_p_gallery\" data-type=\"simple\">\r\n										<img class=\"art_img_mini_img j_fullppt_cover\" src=\"data:image/png;base64,iVBORw0KGgoAAAANSUhEUgAAAAQAAAADAQMAAACOOjyFAAAAA1BMVEUAAACnej3aAAAAAXRSTlMAQObYZgAAAApJREFUCNdjAAMAAAYAAegKKqQAAAAASUVORK5CYII=\" data-src=\"//n.sinaimg.cn/news/crawl/140/w550h1190/20191120/f376-iipztff7369798.jpg\" alt=\"\">\r\n									<img class=\"j_fullppt\" src=\"data:image/png;base64,iVBORw0KGgoAAAANSUhEUgAAAAQAAAADAQMAAACOOjyFAAAAA1BMVEUAAACnej3aAAAAAXRSTlMAQObYZgAAAApJREFUCNdjAAMAAAYAAegKKqQAAAAASUVORK5CYII=\" data-src=\"//n.sinaimg.cn/news/crawl/140/w550h1190/20191120/f376-iipztff7369798.jpg\" alt=\"\" disabeld-show=\"true\" style=\"display:none\">\r\n										<h2 class=\"art_img_tit\"></h2>\r\n									</figure>\r\n								</a>\n<p class=\"art_p\">在捐款页面下，很多网友留下了鼓励李伯的留言。有网民留言道，“感谢您的付出与正义，感谢您勇敢地站出来对抗邪恶”，也有人强烈谴责暴徒伤人性命，希望将凶手绳之于法。对此，李太太说，她还不知道有这么多好心人士愿意捐款给李伯，但她很感动，很感谢香港和内地朋友的关心。</p>\n<a href=\"JavaScript:void(0)\">\r\n									<figure class=\"art_img_mini j_p_gallery\" data-type=\"simple\">\r\n										<img class=\"art_img_mini_img j_fullppt_cover\" src=\"data:image/png;base64,iVBORw0KGgoAAAANSUhEUgAAAAQAAAADAQMAAACOOjyFAAAAA1BMVEUAAACnej3aAAAAAXRSTlMAQObYZgAAAApJREFUCNdjAAMAAAYAAegKKqQAAAAASUVORK5CYII=\" data-src=\"//n.sinaimg.cn/news/crawl/192/w447h545/20191120/711e-iipztff7369820.jpg\" alt=\"\">\r\n									<img class=\"j_fullppt\" src=\"data:image/png;base64,iVBORw0KGgoAAAANSUhEUgAAAAQAAAADAQMAAACOOjyFAAAAA1BMVEUAAACnej3aAAAAAXRSTlMAQObYZgAAAApJREFUCNdjAAMAAAYAAegKKqQAAAAASUVORK5CYII=\" data-src=\"//n.sinaimg.cn/news/crawl/192/w447h545/20191120/711e-iipztff7369820.jpg\" alt=\"\" disabeld-show=\"true\" style=\"display:none\">\r\n										<h2 class=\"art_img_tit\"></h2>\r\n									</figure>\r\n								</a>\n<p class=\"art_p\">李伯出事后，一直在接触和协助李伯家人的香港立法会议员葛珮帆当天也对媒体表示，希望警方可以成功缉凶，将“这些丧心病狂的人”绳之以法。</p>\n<p class=\"art_p\">“这段时间，除了李先生，还有罗伯也被砖头砸中身亡。每天在街上，我们都会见到‘私了’的行为。”这名女议员再次呼吁香港民众和暴力割席，不要再纵容这样野蛮的行为，“我们不想香港市民生活在‘黑色暴力’之下，也希望这段黑暗的日子能早日过去”。</p>\n<p class=\"art_p\">环球时报-环球网赴香港特派记者/白云怡 杨升 王雯雯</p><div class=\"plugins_readMore_docplugin from_subject\" data-content=\'{\"docs\":[{\"url\":\"https:\\/\\/news.sina.cn\\/gn\\/2019-11-26\\/detail-iihnzhfz1808869.d.html\",\"title\":\"杨洁篪：中方坚决反对和强烈谴责美通过涉港法案\",\"newsId\":\"ihnzhfz1808869-comos-news-cms\"},{\"url\":\"https:\\/\\/news.sina.cn\\/gn\\/2019-11-26\\/detail-iihnzahi3419424.d.html\",\"title\":\"林郑月娥：表达任何诉求不应诉诸暴力\",\"newsId\":\"ihnzahi3419424-comos-news-cms\"},{\"url\":\"https:\\/\\/news.sina.cn\\/gn\\/2019-11-26\\/detail-iihnzahi3371019.d.html\",\"title\":\"港府就“禁蒙面法违宪”提出上诉\",\"newsId\":\"ihnzahi3371019-comos-news-cms\"},{\"url\":\"https:\\/\\/news.sina.cn\\/gn\\/2019-11-26\\/detail-iihnzhfz1813290.d.html\",\"title\":\"港理大校方搜寻留守暴徒暂无果 校内遍布危险品\",\"newsId\":\"ihnzhfz1813290-comos-news-cms\"},{\"url\":\"https:\\/\\/news.sina.cn\\/gn\\/2019-11-26\\/detail-iihnzahi3462252.d.html\",\"title\":\"港府：红磡海底隧道将于27日凌晨5点恢复开通\",\"newsId\":\"ihnzahi3462252-comos-news-cms\"}],\"url\":\"http:\\/\\/news.sina.cn\\/zt_d\\/hongkong0802\",\"newsId\":\"HB-1-super_subject\\/index-subject-hytcitm8757960\",\"text\":\"进入专题\"}\'></div>	\n	\n<div id=\"wx_pic\" style=\"margin:0 auto;display:none;\">\n	<img src=\"//n.sinaimg.cn/default/2fb77759/20151125/320X320.png\">\n</div>\n</section>'),(142,147,'<section class=\"art_pic_card art_content\">\n<p class=\"art_p\">原标题：沙特阿美市值轻松碾压苹果，“最赚钱公司”成就最壕IPO</p>\n<p class=\"art_p\" cms-style=\"font-L\">在沙特首都利雅得一座富丽堂皇的宫殿里，一些国际知名的投资银行家纷纷步入，他们既有些兴奋又有些无奈，而更多的则是不安。</p>\n<p class=\"art_p\" cms-style=\"font-L\">银行家们11月16日集体出现在沙特的目的，是提交世界上最赚钱的公司——沙特阿拉伯国家石油公司（SAUDI ARAMCO，下称“沙特阿美”）最终的上市建议书。</p>\n<p class=\"art_p\" cms-style=\"font-L\">然而经过了5个小时的漫长等待，他们最终只换来了与沙特政府官员10分钟的会晤，并且沙特政府并没有当场作出决定。他们只得收拾行囊返回他们在全世界各地的家中静候消息。</p>\n<p class=\"art_p\"><img id=\"0\" src=\"//n.sinaimg.cn/translate/160/w600h360/20191120/76fc-iipztff7347777.png\" alt=\"\"><span class=\"img_descr\"></span></p>\n<p class=\"art_p\" cms-style=\"font-L\">翌日，银行家们终于知道了他们努力的结果。11月17日，沙特阿美更新了招股书，决定出售公司股份总数的1.5%，并将估值区间定在1.6万亿美元至1.7万亿美元之间，按此区间计算，此次IPO将最多募集到256亿美元的资金。</p>\n<p class=\"art_p\" cms-style=\"font-L\">虽然募股规模和公司估值较之前双双缩水，但这仍将是历史上最大规模的首次公开募股（IPO），并有机会打破阿里巴巴在2014年登陆纽交所时，所创下250亿美元的历史纪录。</p>\n<p class=\"art_p\" cms-style=\"font-L\">虽然结果与预期相差悬殊，在接受第一财经记者采访时，上海外国语大学中东研究所副研究员邹志强对此仍持正面态度，他表示沙特阿美的上市计划已经延宕了很久，现在终于真正迈出上市的第一步，是一个积极信号，对于增强市场信心、推动沙特国内经济改革利大于弊，值得肯定。“虽然现在只是在国内上市，未能实现国内和国外同步上市的计划，但总比一直拖着不上市要好。”他补充道。</p>\n<p class=\"art_p\"><img id=\"1\" src=\"//n.sinaimg.cn/translate/160/w600h360/20191120/a734-iipztff7347776.jpg\" alt=\"\"><span class=\"img_descr\"></span></p>\n<p class=\"art_p\" cms-style=\"font-L strong-Bold\">沙特被迫接受现实</p>\n<p class=\"art_p\" cms-style=\"font-L\">招股书详细披露了沙特阿美令人咋舌的家底——2018年净利润高达1110亿美元（约合7807亿元人民币），系全球利润最高企业，相当于苹果全年净利润（595亿美元）的1.86倍。</p>\n<p class=\"art_p\" cms-style=\"font-L\">“世界上最赚钱的公司”所言非虚。因此，沙特在2016年首次提出上市计划时，引得国际投行一阵兴奋，然而沙特阿美的上市之路异常曲折，充满了变数，让国际投行耗费了大量精力。</p>\n<p class=\"art_p\" cms-style=\"font-L\">再回到决策前一天的利雅得。经过了5个小时的等待，9名国际协调员中只有美国银行、花旗银行和摩根士丹利的代表获准向沙特高层提交建议书。</p>\n<p class=\"art_p\" cms-style=\"font-L\">在宫殿中，银行家们见到了鲁梅延（Yasir al-Rumayyan），他是沙特阿美的董事局主席，还有沙特主权财富基金（PIF）的负责人以及沙特内阁的大臣。</p>\n<p class=\"art_p\" cms-style=\"font-L\">然而银行家们带来的信息，让沙特政府感觉极其受挫：国际投资者绝不会认可沙特阿美2万亿美元的估值。</p>\n<p class=\"art_p\" cms-style=\"font-L\">这2万亿美元的估价并不是市场给出的，而是沙特王储穆罕默德·本·萨勒曼提出并长期坚持的价位。为此沙特阿美也做出了向这一目标冲击的努力，从承诺增加分红到向本地散户投资者配送股份，然而投资者最终并不买账。</p>\n<p class=\"art_p\" cms-style=\"font-L\">这些银行家向沙特方面提交了他们认为是能够最终促成上市的建议书，以此避免再次延误上市，从而影响到沙特雄心勃勃的经济改革计划。</p>\n<p class=\"art_p\" cms-style=\"font-L\">据一位知情人士向媒体透露，他们的建议分为两种。一种是继续在国际市场上上市，那么估值只会在1.5万亿美元左右，经过努力的话有望冲击1.6万亿美元。而另外一个方案是在沙特本地上市，那么估计可以达到1.7万亿美元的“高位”。</p>\n<p class=\"art_p\" cms-style=\"font-L\">现在可知，沙特政府最终选择了后者。</p>\n<p class=\"art_p\" cms-style=\"font-L\">在接受第一财经记者采访时，邹志强表示，通过第一阶段先实现在国内上市，可以逐步积累经验，对于尚未完全做好准备的沙特来说也不啻于是一步稳扎稳打的好棋。目前约1.7万亿美元的估值也并不算低，可以基本达到沙特推动阿美上市的预期目的。</p>\n<p class=\"art_p\" cms-style=\"font-L\">沙特阿美的IPO曾一度被视为沙特经济改革的核心，通过出售公司5%的股份换得1000亿美元（约合7040亿元人民币）的资金注入非能源经济，并且以此为契机，向国际投资者打开沙特经济的大门。</p>\n<p class=\"art_p\" cms-style=\"font-L\">国际油价持续低迷，沙特经济的产业结构过于单一、经济抗风险能力较弱、经济发展动力不足等问题骤然凸显。早在2016年，沙特制定的“愿景2030”中就指出，沙特非石油收入占政府收入的比例将由当前的10%提高至2030年的70%。</p>\n<p class=\"art_p\" cms-style=\"font-L\">沙特政府原本对工业和矿产资源设定了很多的远大规划，但目前进展相当缓慢。</p>\n<p class=\"art_p\" cms-style=\"font-L\">沙特阿美的IPO道路可谓一波三折。在2016年，沙特政府首次提出将沙特阿美在沙特以及一个国外的交易所上市，然而，这一计划在2018年8月遭到搁置，原因不明。今年6月，本·萨勒曼表示重新启动沙特阿美的IPO进程。</p>\n<p class=\"art_p\" cms-style=\"font-L\">在今年9月，因被视为阻挡沙特阿美IPO进程，在能源领域内颇具话语权的能源大臣法利赫遭到了撤换，而改由王室成员出任。</p>\n<p class=\"art_p\" cms-style=\"font-L\">这是沙特首次由王室家族成员出任能源大臣。沙特能源大臣一职曾相当稳定，自1960年来，沙特只任命过五位能源大臣，且没有一位是王室成员。这一系列的变动，也可看出沙特官方对于推动沙特阿美IPO的决心。</p>\n<p class=\"art_p\" cms-style=\"font-L strong-Bold\">发行本地化</p>\n<p class=\"art_p\" cms-style=\"font-L\">从此次公布的招股书可以看出，不仅仅是上市的规模大大缩小，并且因为暂时取消了国际市场的上市计划，其国际影响力也大幅下降。</p>\n<p class=\"art_p\" cms-style=\"font-L\">尽管沙特阿美仍将争取国外顶级机构的投资，但基本取消了中东地区以外的国际路演。据知情人士透露，在美国和亚洲路演被取消一天后，银行家们在18日获悉，与欧洲投资者的正式会议也随之取消。</p>\n<p class=\"art_p\" cms-style=\"font-L\">根据最新版的招股书，沙特阿美首批上市1.5%股票，其中0.5%将面向沙特国内普通民众，不限男女，任何人都有资格认购。其余1%面向机构投资者。</p>\n<p class=\"art_p\" cms-style=\"font-L\">与国际投资者相对缺乏机会与兴趣相比，沙特本土，在户外广告、电视广告和社交媒体宣传攻势的推动下，国内认购股份的热情相当高涨。</p>\n<div sax-type=\"proxy\" class=\"j_native_opq191126 box\" data-inserttype=\"0\" style=\"margin:20px 0\" data-id=\"201711dingdingeb\"></div><p class=\"art_p\"><img id=\"2\" src=\"//n.sinaimg.cn/translate/96/w400h496/20191120/30ac-iipztff7347861.jpg\" alt=\"\"><span class=\"img_descr\"></span></p>\n<p class=\"art_p\" cms-style=\"font-L\">沙特政府也配合国内民众的热情，向本国银行示意，以更加宽松的政策向投资者发放贷款，使它们能够购买沙特阿美的股份，而政府也向一些富豪家族表示希望他们能够积极认购。</p>\n<p class=\"art_p\" cms-style=\"font-L\">“现在，整个交易都本地化了。”一位了解交易流程的人士向媒体透露。</p>\n<p class=\"art_p\" cms-style=\"font-L\">事到如今，此次IPO将主要针对沙特和海湾地区的投资者。外国机构投资者将仅限于约1500家已经可以在沙特证交所交易的合格外国投资者，或由沙特阿美或其顾问机构提名并经市场监管机构批准的投资者。</p>\n<p class=\"art_p\" cms-style=\"font-L\">沙特官员在最近几周访问了俄罗斯等国，希望获得来自这些国家的认购。</p>\n<p class=\"art_p\" cms-style=\"font-L\">沙特阿美与中国能源化工企业早已有比较紧密的联系。今年2月，中国兵器工业集团与沙特阿美、辽宁盘锦鑫诚集团公司三方在北京签署协议，合资成立华锦阿美石油化工有限公司，沙特阿美持股35%，项目总投资将超过100亿美元，建成投产后将成为中国最大的中外合资企业。</p>\n<p class=\"art_p\"><img id=\"3\" src=\"//n.sinaimg.cn/translate/200/w600h400/20191120/4bb5-iipztff7347862.jpg\" alt=\"\"><span class=\"img_descr\"></span></p>\n<p class=\"art_p\" cms-style=\"font-L\">沙特是全球最大的产油国，而中国是最大的石油和化工品消费市场。中国作为沙特最大的贸易伙伴，双方的合作自然也被看好。</p>\n<p class=\"art_p\" cms-style=\"font-L\">有消息人士透露，中国方面对参与沙特阿美上市态度积极，据称中国丝路基金、中石化（600028.SH）和中国主权财富基金中投公司有意参与认购。</p>	\n	\n<div id=\"wx_pic\" style=\"margin:0 auto;display:none;\">\n	<img src=\"//n.sinaimg.cn/default/2fb77759/20151125/320X320.png\">\n</div>\n</section>'),(143,150,'<section class=\"art_pic_card art_content\">\n<p class=\"art_p\">原标题：美国一检察官为抓性侵嫌犯 竟拿13岁亲生女儿当诱饵</p>\n<a href=\"JavaScript:void(0)\">\r\n										<figure class=\"art_img_mini j_p_gallery\" data-type=\"simple\">\r\n											<img class=\"art_img_mini_img j_fullppt_cover\" src=\"data:image/png;base64,iVBORw0KGgoAAAANSUhEUgAAAAQAAAADAQMAAACOOjyFAAAAA1BMVEUAAACnej3aAAAAAXRSTlMAQObYZgAAAApJREFUCNdjAAMAAAYAAegKKqQAAAAASUVORK5CYII=\" data-src=\"//n.sinaimg.cn/translate/98/w400h498/20191120/d3f6-iipztff7317955.jpg\" alt=\"涉嫌性侵的阿里（图源：《纽约每日新闻》）\">\r\n										<img class=\"j_fullppt\" src=\"data:image/png;base64,iVBORw0KGgoAAAANSUhEUgAAAAQAAAADAQMAAACOOjyFAAAAA1BMVEUAAACnej3aAAAAAXRSTlMAQObYZgAAAApJREFUCNdjAAMAAAYAAegKKqQAAAAASUVORK5CYII=\" data-src=\"//n.sinaimg.cn/translate/98/w400h498/20191120/d3f6-iipztff7317955.jpg\" alt=\"涉嫌性侵的阿里（图源：《纽约每日新闻》）\" disabeld-show=\"true\" style=\"display:none\">\r\n											<h2 class=\"art_img_tit\">涉嫌性侵的阿里（图源：《纽约每日新闻》）</h2>\r\n										</figure>\r\n									</a>\n<p class=\"art_p\">海外网11月20日电 据美媒报道，近日，美国一名76岁男子涉嫌猥亵一名13岁少女被加州警方逮捕，但事实远没有那么简单。报道称，这名被猥亵少女的父亲是当地一名检察官，为了揪出嫌犯，他竟利用自己女儿做诱饵，引诱嫌犯作案，目前这名父亲已被停职。</p>\n<p class=\"art_p\">据《纽约每日新闻》报道，76岁的阿里（Ali Mohammad Lajmiri）被指控在8月1日至9月30日期间曾5次接近这名在街上遛狗的少女，并从第3次见面后开始对其实施不正当的触碰行为。10月，这名少女向她的医生说出这几起事件，警方随即展开调查。</p>\n<p class=\"art_p\">在调查过程中，警方发现少女的父亲在整个案件中存在嫌疑，经调查后发现，少女的父亲是当地圣克拉拉地区的检察官，正是他将女儿当做诱饵，引嫌犯出来，他还亲自记录下嫌犯对女儿的性侵行为。</p>\n<div sax-type=\"proxy\" class=\"j_native_opq191126 box\" data-inserttype=\"0\" style=\"margin:20px 0\" data-id=\"201711dingdingeb\"></div><p class=\"art_p\">当地媒体的报道称，根据警方的报告，这名父亲通过手机和耳机与女儿进行远距离交流，并告诉他的女儿“如果遇到他，就让他触摸你，但如果是下体，你就跑开”。</p>\n<p class=\"art_p\">当地时间20日，嫌犯阿里被捕入狱，并被指控多项罪行，包括对14岁以下未成年人的猥亵行为，对儿童使用暴力、胁迫和恐吓的行为等。</p>\n<p class=\"art_p\">当地检察官办公室对也正在对少女的父亲进行审查，目前这名父亲已被停职。（海外网 魏雪巍/实习编译 赵慧）</p>	\n	\n<div id=\"wx_pic\" style=\"margin:0 auto;display:none;\">\n	<img src=\"//n.sinaimg.cn/default/2fb77759/20151125/320X320.png\">\n</div>\n</section>'),(144,149,'<section class=\"art_pic_card art_content\">\n<p class=\"art_p\">原标题：河北一男子当街杀人被抓，警方：因怀疑妻子与被害人有不正当关系</p>\n<!--单视频_s-->\r\n						  <a class=\"art_video_box j_article_video\" href=\"JavaScript:void(0)\">\r\n							  <figure class=\"art_video\" data-videotype=\"vms\" data-vid=\"31270296401\" data-ratio=\".56\" data-infos=\'{\"attrs\":{\"data-tid\":\"38790\",\"data-did\":\"ihnzahi2268211\",\"data-cid\":\"56264\",\"data-sid\":\"1\",\"data-vid\":\"31270296401\",\"data-adtags\":\"312702964|0|0|0|1001,9764|0|1001|9764|0|0\",\"data-vLength\":\"39845\",\"data-advid\":\"31270296401\",\"poster\":\"\\/\\/wx3.sinaimg.cn\\/large\\/006pGYAoly1g94ppxyyiej31hc0u0tba.jpg\",\"controls\":\"controls\",\"tabindex\":\"0\",\"preload\":\"auto\",\"data-lov\":\"vod\",\"data-vpid\":\"312702964\",\"data-fcid\":\"31270296401\",\"data-livesource\":\"vms\",\"data-liveEditChannel\":\"\",\"data-vot\":\"\",\"data-lt\":\"\",\"data-vd\":\"39845\"},\"baseUrl\":\"https:\\/\\/ask.ivideo.sina.com.cn\\/v_play_wap.php?vid=31270296401&amp;p=w&amp;tags=wap_comos&amp;creator_id=1001_12_0_0&amp;table_id=38790&amp;cid=56264&amp;vt=4&amp;r=news.sina.cn\\/sh\\/2019-11-21\\/detail-iihnzahi2268211.d.html\"}\'>\r\n								  <img src=\"data:image/png;base64,iVBORw0KGgoAAAANSUhEUgAAABAAAAAJAQMAAAAB5D5xAAAAA1BMVEUAAACnej3aAAAAAXRSTlMAQObYZgAAAApJREFUCNdjwA0AABsAAQrj5HwAAAAASUVORK5CYII=\" data-src=\"//wx3.sinaimg.cn/large/006pGYAoly1g94ppxyyiej31hc0u0tba.jpg\" alt=\"\" class=\"img_width\">\r\n								  <em class=\"art_video_btn cm_c_c j_video_play_btn\"><span class=\"icon_b_video\"></span></em>\r\n							  </figure>\r\n							  <h2 class=\"cm_tit art_video_tit_solo\">视频-男子当街持刀扎死他人：怀疑妻子与其有不正当关系</h2>\r\n						  </a>\r\n						  <!--单视频_e-->\n<p class=\"art_p\">据河北省保定市徐水区公安局官方微博消息， 2019年11月20日上午9时59分，徐水区公安局110指挥中心接到群众报警：在易保公路遂城镇大庞村路口附近，一名行人被人持刀扎伤后，嫌疑人驾车逃逸。接警后，徐水区公安局立即组织刑警大队、派出所、交警大队等警力赶到现场处置，并通知120前往现场救护。</p>\n<p class=\"art_p\">经现场调查和技术分析，迅速查明受害人为高某（男，33岁，徐水人），犯罪嫌疑人所驾车辆车牌号为冀FFXXXB，已驾车向山西方向逃离。120医护人员到达现场后，确认高某已经死亡。</p>\n<div sax-type=\"proxy\" class=\"j_native_opq191126 box\" data-inserttype=\"0\" style=\"margin:20px 0\" data-id=\"201711dingdingeb\"></div><p class=\"art_p\">根据调查分析情况，徐水区公安局立即组织警力开展抓捕工作。当日13时40分许，在高速交警的配合下，在忻阜高速凤凰岭隧道口将犯罪嫌疑人抓获。</p>\n<p class=\"art_p\">经初步审讯，犯罪嫌疑人崔某（男，35岁，易县人）交代了因怀疑妻子与高某有不正当关系持刀扎伤高某的犯罪事实。</p>\n<p class=\"art_p\">目前，此案正在进一步侦办中。 </p>	\n	\n<div id=\"wx_pic\" style=\"margin:0 auto;display:none;\">\n	<img src=\"//n.sinaimg.cn/default/2fb77759/20151125/320X320.png\">\n</div>\n</section>'),(145,151,'<section class=\"art_pic_card art_content\">\n<p class=\"art_p\">原标题：东京塔下摆6830双黑布鞋，中日共同悼念二战被掳中国劳工</p>\n<a href=\"JavaScript:void(0)\">\r\n									<figure class=\"art_img_mini j_p_gallery\" data-type=\"simple\">\r\n										<img class=\"art_img_mini_img j_fullppt_cover\" src=\"data:image/png;base64,iVBORw0KGgoAAAANSUhEUgAAAAQAAAADAQMAAACOOjyFAAAAA1BMVEUAAACnej3aAAAAAXRSTlMAQObYZgAAAApJREFUCNdjAAMAAAYAAegKKqQAAAAASUVORK5CYII=\" data-src=\"//n.sinaimg.cn/translate/763/w1000h563/20191120/1981-iipztff7285165.jpg\" alt=\"新华社视频截图\">\r\n									<img class=\"j_fullppt\" src=\"data:image/png;base64,iVBORw0KGgoAAAANSUhEUgAAAAQAAAADAQMAAACOOjyFAAAAA1BMVEUAAACnej3aAAAAAXRSTlMAQObYZgAAAApJREFUCNdjAAMAAAYAAegKKqQAAAAASUVORK5CYII=\" data-src=\"//n.sinaimg.cn/translate/763/w1000h563/20191120/1981-iipztff7285165.jpg\" alt=\"新华社视频截图\" disabeld-show=\"true\" style=\"display:none\">\r\n										<h2 class=\"art_img_tit\">新华社视频截图</h2>\r\n									</figure>\r\n								</a>\n<p class=\"art_p\" cms-style=\"font-L\">11月19日，在位于日本东京都港区东京塔下的芝公园内整齐摆列着6830双黑色布鞋，这是中日双方联合举办追悼式对二战被强掳的中国劳工遇难者进行的悼念。</p>\n<p class=\"art_p\" cms-style=\"font-L\">据日本共同社11月20日报道，大约有100人参加了该仪式，其中约50名遇难者家属来自中国。</p>\n<p class=\"art_p\" cms-style=\"font-L\">今年还是被强征至日本秋田县花冈矿山后死亡的遇难者遗体被发掘70周年，在日本从事中日友好活动的市民团体举行了上述追悼仪式。上一次追悼仪式是在2009年，这次活动时隔十年后被再次举行。</p>\n<p class=\"art_p\" cms-style=\"font-L\">《每日新闻》20日报道称，在“花冈事件”中遇难的40名遇难者家属也从中国来到日本参加悼念。他们在悼念遇难者的同时，称希望中日友好。18日在东京都江东区的一乘院内，中日两国僧侣还共同举办了合同慰灵祭以悼念遇难者。</p>\n<p class=\"art_p\" cms-style=\"font-L\">据新华社报道，中国驻日本大使馆公使衔参赞杨宇出席19日的祭奠活动时表示，中国劳工的悲惨遭遇是日本军国主义发动侵略战争给中国等亚洲国家人民带来深重灾难的一个缩影。日方应正确认识和对待那段历史，深刻汲取历史教训，避免历史悲剧重演。当前中日关系总体保持改善发展势头，面临迈向更高水平的重要机遇，这一局面来之不易。希望双方继续从两国和两国人民根本利益出发，本着以史为鉴、面向未来的精神，遵循中日四个政治文件各项原则，推动中日关系稳定健康发展，为促进地区和世界和平、稳定与繁荣做出贡献。</p>\n<p class=\"art_p\" cms-style=\"font-L\">1942年，太平洋战争爆发后，疲于战争的日本国内劳动力严重缺乏，为满足日本企业需求，当时日本颁布《关于将华人劳工移入日本内地》的决议，以解决日本国内劳动力短缺问题。此后，日军强掳4万多名中国人到日本充当劳工，中国劳工在矿山、码头、建筑工地等被奴役，遭到非人待遇。</p>\n<p class=\"art_p\" cms-style=\"font-L\">在四万名劳工中有986人被送到日本秋田县花冈中山寮集中营，由于这些劳工不堪忍受残酷折磨，1945年爆发了“花冈暴动”，随后被日方镇压，导致418名中国劳工遇难。</p>\n<p class=\"art_p\" cms-style=\"font-L\">新华社报道称，1949年，大批在“花冈暴动”中牺牲劳工的遗骨在日本秋田县花冈被发现。此后，以日中友好宗教者恳话会和中国被强征劳工死难者共同慰灵执行委员会为代表的中日各界人士为在日本搜寻、发掘和送还劳工遗骨做了大量工作。据统计，1953年至1964年，共有2300余具遗骨被送回中国。</p>\n<p class=\"art_p\" cms-style=\"font-L\">中新网此前报道称，从上世纪90年代开始，包括幸存受害者在内的众多中国二战受害者发起了中国民间对日索赔的浪潮。1995年，日本一些律师以日本政府和加害企业为被告，为中国受害劳工在日本提起诉讼，然而自1995年起近30起在日本起诉的中国民间对日索赔诉讼案都未曾获得公正裁决。</p>\n<p class=\"art_p\" cms-style=\"font-L\">报道称，2016年6月，在三菱劳工诉讼案中，日本三菱公司正式向二战中国受害劳工谢罪，这被视作中国民间对日索赔的一次“里程碑”式的突破。据中国被掳往日本劳工联谊会不完全统计，截至2017年，劳工幸存者只剩下了103位。</p>	\n	\n<div id=\"wx_pic\" style=\"margin:0 auto;display:none;\">\n	<img src=\"//n.sinaimg.cn/default/2fb77759/20151125/320X320.png\">\n</div>\n</section>'),(146,153,'<section class=\"art_pic_card art_content\">\n<p class=\"art_p\">原标题：女子再婚生子让7岁女儿睡地板干家务，前夫上诉要回抚养权</p>\n<p class=\"art_p\" cms-style=\"font-L\">睡地板、做繁重家务、吃不饱、旷课直至休学……难以想象，这些事都发生在刚上小学二年级的7岁女孩豆豆身上。</p>\n<p class=\"art_p\" cms-style=\"font-L\">父母离异后，豆豆跟再婚并育有一子的母亲靠低保生活。小学一年级时，豆豆需要单程花费40分钟独自上下学，母亲张女士为此还向学校出具免责说明，称途中出现意外情况后果自负。</p>\n<p class=\"art_p\" cms-style=\"font-L\">豆豆的父亲吴先生曾向法院起诉，要回孩子的抚养权被驳回。近日，澎湃新闻（www.thepaper.cn）记者从上海市第一中级人民法院获悉，经多方调查取证，该院二审认为豆豆母亲抚养不当，改判抚养权归父亲。</p>\n<p class=\"art_p\" cms-style=\"font-L strong-Bold\">一审：女孩说想同母亲生活</p>\n<p class=\"art_p\" cms-style=\"font-L\">2012年，吴先生和张女士的女儿豆豆出生了，本该是一家三口其乐融融，但好景不长，2015年初，吴先生和张女士因性格不合离婚了。离婚协议约定，豆豆随父亲吴先生和奶奶共同生活。不久，张女士去了国外。</p>\n<p class=\"art_p\" cms-style=\"font-L\">2018年，张女士回国，她已再婚并又生了一个男孩。这次，张女士找吴先生商量，说她现任丈夫经济条件不错，又是外籍人士，以后可以带豆豆出国念书，希望要回女儿的抚养权。吴先生考虑到自己收入一般，而张女士能给豆豆更好的生活和未来，便同意了。</p>\n<p class=\"art_p\" cms-style=\"font-L\">然而，张女士要回豆豆的抚养权后，吴先生和他的母亲提出探望豆豆，屡遭拒绝。他们从邻居那里了解到，张女士一家四口都在拿低保，豆豆一个人上下学，而且经常吃不饱饭，在家睡地板，还要做很多家务。学校教师说，豆豆上学常常迟到甚至旷课，也经常联系不到家长。</p>\n<p class=\"art_p\" cms-style=\"font-L\">对此，吴先生愤怒不已，当初他是为了豆豆有更好的生活才把她交给张女士抚养，可没想到张女士以豆豆名义申请低保，还变相虐待孩子。于是，吴先生诉至法院，请求判决豆豆归自己抚养，张女士每月支付抚养费1000元至豆豆满18周岁为止。</p>\n<p class=\"art_p\" cms-style=\"font-L\">一审中，吴先生提供了一段豆豆表示想跟爸爸和奶奶一起生活的视频，但法院在询问豆豆的想法时，豆豆又说想同张女士一起生活。一审法院最终驳回了吴先生的诉请。</p>\n<p class=\"art_p\" cms-style=\"font-L\">吴先生不服，上诉至上海市第一中级人民法院。</p>\n<p class=\"art_p\" cms-style=\"font-L strong-Bold\">上海一中院：调查还原女孩生活学习实况</p>\n<p class=\"art_p\" cms-style=\"font-L\">二审中，吴先生提供了新的证据，包括张女士户籍地街道居委会出具的情况说明，证明张女士及其配偶、其子和豆豆共享低保；豆豆就读学校提供的一份张女士出具的免责情况说明——“豆豆因家庭特殊情况不便每天接送，需孩子在放学后自行回家，途中出现意外情况后果自负”；豆豆奶奶与学校教师、邻居的谈话录音等。</p>\n<p class=\"art_p\" cms-style=\"font-L\">对离异家庭孩子的抚养关乎孩子的健康成长，鉴于案件的复杂性，上海一中院决定走访豆豆就读的学校和张女士居住小区等多地，了解实际情况。</p>\n<p class=\"art_p\" cms-style=\"font-L\">“豆豆这个孩子太可怜了，虽然表面看起来活泼开朗，但其实内心很缺乏安全感。才小学一年级的孩子，独自上下学，单程就要40分钟，还常常迟到甚至是旷课，老师跟她妈妈沟通多次也无效。在我们这里念完一年级后，今年九月就转学了……”小学校长在法官走访时表示。其同时证实张女士确曾向学校出具过免责情况说明。</p>\n<p class=\"art_p\" cms-style=\"font-L\">法官随即又奔赴豆豆就读的新学校了解情况。“豆豆是今年九月份才来的，但一个月后她妈妈就提出休学两年，说要带她出国读书。休学手续要下学期才能办好，但豆豆国庆后就再也没来过学校。”豆豆新学校的班主任说。</p>\n<p class=\"art_p\" cms-style=\"font-L\">随后，法官来到张女士居住的小区，按了许久门铃也无人应答。小区居委会的一位负责人说：“听说过张女士的情况，她目前又怀了身孕，准备生第三胎。豆豆的奶奶曾经来居委会说，张女士拒绝吴先生和她探望孩子。豆豆的外婆也说张女士脾气暴躁，看不惯她让孩子睡地板、做繁重的家务，为此与张女士还吵过架……”</p>\n<p class=\"art_p\" cms-style=\"font-L\">除了实地走访调查和多方核实证据，上海一中院还请了心理咨询师为该案的当事人进行心理评估。对豆豆的咨询结果是：“情绪稳定，但防御、戒备，回答问题明显是有备而来，刻板生硬，像在背书……”而张女士以各种理由拒绝接受心理评估。</p>\n<p class=\"art_p\" cms-style=\"font-L\">此外，法院一直无法联系到张女士，直至本案宣判，张女士始终没有露面，一、二审她均委托其现任丈夫出庭应诉。</p>\n<p class=\"art_p\" cms-style=\"font-L strong-Bold\">二审：改判抚养权归父亲</p>\n<p class=\"art_p\" cms-style=\"font-L\">综合多方调查、取证的情况，上海一中院认为：</p>\n<p class=\"art_p\" cms-style=\"font-L\">首先，关于豆豆目前的生活状况。张女士称将带豆豆赴海外就学，却拒绝提供相应证据。张女士在没有为豆豆联系海外学校的情况下，便给豆豆办理了休学手续，致使豆豆辍学，侵犯了孩子接受义务教育的权利。</p>\n<p class=\"art_p\" cms-style=\"font-L\">其次，关于抚养人的抚养能力和抚养条件。张女士及其配偶没有稳定的工作，还在领取低保，并且也没有提供除低保外的额外收入和资产情况，无法证明有抚养豆豆的经济条件。</p>\n<p class=\"art_p\" cms-style=\"font-L\">第三，监护人有保障被监护人安全的义务。学校要求家长接送学生上下学，小学一年级的豆豆却需要单程花费40分钟以上的时间独自上下学，张女士为此还向学校出具免责情况说明，对豆豆有失监护职责。</p>\n<p class=\"art_p\" cms-style=\"font-L\">第四，关于豆豆的意愿。豆豆未满八周岁，身心发育还不够健全，思想、言行易被成年人控制，其关于随父或随母共同生活的意愿表述前后不一，未到应当听取孩子本人意愿的年龄，且子女的意愿也非法院确定抚养关系是否可以变更的唯一决定性因素。</p>\n<p class=\"art_p\" cms-style=\"font-L\">第五，抚养权纠纷不影响父母亲权、监护权和探视权的存在和实现。张女士拒绝提供豆豆的学习、生活信息，不让豆豆与吴先生接触，致父女无法团聚，对孩子造成了感情上的伤害，不利于豆豆的身心健康成长。</p>\n<p class=\"art_p\" cms-style=\"font-L\">第六，吴先生有稳定的工作和住所。吴先生的母亲出具了愿意协助抚养豆豆的书面声明。并且双方离婚后吴先生抚养豆豆的时间较张女士更长，且当时吴先生也配合张女士探望豆豆。</p>\n<p class=\"art_p\" cms-style=\"font-L\">综上，上海一中院认为，吴先生要求变更抚养关系的上诉请求成立，予以支持。同时结合豆豆的实际需要、上海的平均生活水平，以及张女士再孕再育、领取低保的实际经济状况，酌情确定豆豆的抚养费标准为每月250元。</p>\n<p class=\"art_p\" cms-style=\"font-L\">本案主审法官、上海一中院少年家事审判庭庭长郭海云表示，法院在判断是否应当变更抚养关系时，应从有利于子女身心健康，保障子女合法权益出发，需要对未成年人目前的生活情况、抚养人的抚养能力和抚养条件等因素进行综合考查。同时，离异家庭的父母双方，应从孩子的身心健康成长的角度出发去考虑和解决问题，遇事冷静处理，正面引导孩子爱父母双亲，努力创造更有利于孩子健康成长的经济基础和生活环境，将对孩子的关爱和陪伴落到实处，尽可能减轻因双方离婚给孩子带来的伤害及负面影响，让孩子感受到父母双方的关爱。</p>\n<p class=\"art_p\" cms-style=\"font-L\">（文中人名均为化名）</p>	\n	\n<div id=\"wx_pic\" style=\"margin:0 auto;display:none;\">\n	<img src=\"//n.sinaimg.cn/default/2fb77759/20151125/320X320.png\">\n</div>\n</section>'),(147,158,'<section class=\"art_pic_card art_content\">\n<p class=\"art_p\">原标题：减肥、治病、拿补贴，揭秘2万元课程背后的喝风辟谷公司</p>\n<p class=\"art_p\" cms-style=\"font-L\">微信号仍在直播卖书，六千多人围观。</p>\n<p class=\"art_p\" cms-style=\"font-L\">辟谷能治失眠、减肥……随着西安喝风辟谷国学文化传播有限责任公司（下称喝风辟谷公司）的宣传内容曝光，争议接踵而至。</p>\n<p class=\"art_p\" cms-style=\"font-L\">11月20日，记者在该公司官方微信号看到其仍开放辟谷直播、辟谷报名等入口。在宣城免费辟谷直播、免费辟谷活动的背后，正在卖课、卖书。</p>\n<p class=\"art_p\" cms-style=\"font-L\">此外，针对其位列2019年第二季度曲江新区双创券兑付名单，11月20日，西安曲江新区管理委员会在官网回应称，目前曲江文产中心已将喝风辟谷公司有关网络质疑等情况通报西安市工商管理局曲江新区分局。当天，记者注意到，西安曲江文化产业发展中心官方微信号上的这一名单中，喝风辟谷公司依旧在列。</p>\n<p class=\"art_p\" cms-style=\"font-L strong-Bold\">微信号仍在直播卖书，宣称李连杰通过辟谷“回春”</p>\n<p class=\"art_p\" cms-style=\"font-L\">“美女你好，请问每天八杯水是渴了再喝吗？经期可以洗头吗？”喝风辟谷公司官方微信号中存在辟谷教程、辟谷直播、辟谷报名等入口。记者打开最近一个名为“11月20日：奇迹人生十六项准备功课”的直播显示，一位自称讲师的女性正在与观众互动，互动内容包括解释辟谷，相关养生问题答疑等，并在直播中兜售《破译疾病的密码》《走出心灵的地狱》《中国孩子成功法》等相关书籍。</p>\n<p class=\"art_p\" cms-style=\"font-L\">此次直播观看次数为6592，而《破译疾病的密码》《走出心灵的地狱》两本书售价73元。</p>\n<p class=\"art_p\"><img id=\"0\" src=\"//n.sinaimg.cn/translate/220/w828h1792/20191120/703b-iipztff7270747.png\" alt=\"\"></p>\n<p class=\"art_p\" cms-style=\"font-L\">喝风辟谷公司官方微信号显示，公司“专业免费辟谷、免费辟谷直播……”。新京报记者查阅该微信号每日发布的文章看到，该公司宣扬（传播）辟谷能治失眠、减肥，还称李连杰等明星通过辟谷“回春”。在一篇名为《不要纠结辟谷天数，这点才重要》的文章中提到，“辟谷时间可长可短，短则7天，长则数年，做好辟谷十六项功课，辟谷就自然发生了，十六项准备功课之一就是看辟谷直播。”</p>\n<p class=\"art_p\" cms-style=\"font-L\">此外，新京报记者发现，该公众号上还存在多个辟谷导师收费课程，以名为张渭廉核心辟谷讲师团队课程为例，价格25800元，课程服务包括，面授辟谷导师课程；2年网络授课；6次免费面授复训机会；导师微信群、小程序平台教学服务。同时，该课程还赠送面授潜能教练课程、面授成人潜能开发、导师子女或直系孙子、外孙有参加“超级学霸”课程资格等项目。</p>\n<div sax-type=\"proxy\" class=\"j_native_opq191126 box\" data-inserttype=\"0\" style=\"margin:20px 0\" data-id=\"201711dingdingeb\"></div><p class=\"art_p\"><img id=\"1\" src=\"//n.sinaimg.cn/translate/220/w828h1792/20191120/7fec-iipztff7270727.png\" alt=\"\"></p>\n<p class=\"art_p\" cms-style=\"font-L strong-Bold\">跻身双创补贴名单，官方回应质疑：已通报工商</p>\n<p class=\"art_p\" cms-style=\"font-L\">天眼查信息显示，西安喝风辟谷国学文化传播有限责任公司成立于2017年11月24日，注册资本为1000万，经营状态为在业。其经营范围包括国学文化交流活动的组织、策划；健康管理；图书的批发、零售等。</p>\n<p class=\"art_p\" cms-style=\"font-L\">这家公司此次另一备受质疑的“神仙操作”即进入了政府的双创补贴名单。</p>\n<p class=\"art_p\" cms-style=\"font-L\">西安曲江新区管理委员会在官网显示，喝风辟谷公司属于浙文创产业园入孵企业，于2019年6月28日，在星空企服平台申领曲江新区第二季度双创券，所提供申请材料符合《西安曲江新区创新创业券实施细则》的申领条件。</p>\n<p class=\"art_p\"><img id=\"2\" src=\"//n.sinaimg.cn/translate/202/w1107h695/20191120/be20-iipztff7270930.png\" alt=\"\"></p>\n<p class=\"art_p\" cms-style=\"font-L\">喝风辟谷申领项目为“能耗补贴”，预计兑付金额为5644.29元，现处于公示阶段（公示期为七天，11月13日至11月21日）。公示期间无异议后方可兑付。</p>\n<p class=\"art_p\" cms-style=\"font-L\">据西安曲江文化产业发展中心官方微信号显示，双创券是曲江新区送给区内中小微企业的一份“礼物”。实际上来说，双创券即改变过去政府直接发放现金，扶持中小企业的粗放模式，变现为券，让企业可以像购物一样，在星空企服平台申领“双创券”，用于企业创新创业，而费用由政府买单。</p>\n<p class=\"art_p\" cms-style=\"font-L\">目前，曲江文产中心已将此公司网络质疑等情况通报西安市工商管理局曲江新区分局。</p>\n<p class=\"art_p\" cms-style=\"font-L\">“双创券兑付资金，全年5000万元额度依然正在火热申领中。”记者注意到，目前西安曲江文化产业发展中心官方微信号上2019年第二季度曲江新区双创券公示名单中，喝风辟谷公司依旧在列。</p>\n<p class=\"art_p\" cms-style=\"font-L strong-Bold\">专家：部分公司打着创新幌子行骗辟谷作用有待论证</p>\n<p class=\"art_p\" cms-style=\"font-L\">官方资料显示，西安曲江新区近年着力构建政策、人才、平台、资本和环境“五位一体”的双创生态体系，致力于降低中小微企业成长阶段经营成本，拉近企业与人才、技术、市场、资本的距离，构建创新创业营商环境。</p>\n<p class=\"art_p\" cms-style=\"font-L\">新京报记者查阅西安曲江双创券申领条件发现，申领企业需同时满足以下条件，包括工商、税收和统计关系均在曲江新区，主营业务符合《西安市文化创意产业分类目录（试行）》，无重大安全事故发生，且为无不良经营行为的独立法人；按季度通过曲江新区企业公共服务平台（“星空企服”）填报企业经营情况；积极参与曲江新区组织开展的各类创新创业活动，每季度不少于3场（自2019年6月1日起统计）。</p>\n<p class=\"art_p\" cms-style=\"font-L\">此次，获得2019年第二季度曲江新区双创券的组织包括69家企业和4家服务机构，名单中包括陕西优米数据技术股份有限公司、西安中易建科技有限公司、陕西阶梯文化传播有限公司等与信息科技、文化传播相关的多家公司。</p>\n<p class=\"art_p\" cms-style=\"font-L\">“这两年打着国学旗号的公司非常多，但能堂而皇之拿到双创补贴我确实很少见。”资深互联网观察家丁道师表示，喝风辟谷公司拿到双创补贴确实是个例，等待有关监管部门的调查结果，但不可忽视的是这两年创新创业热度不断，可能存在部分公司打着创新的幌子行骗，这就需要我们监管部门加强审核。</p>\n<p class=\"art_p\" cms-style=\"font-L\">新京报记者了解到，所谓“辟谷”即“不食五谷”，通过不进食的方法达到治病养生的目的。北京志霖律师事务所副主任赵占领对新京报记者表示，辟谷的真实作用有待医学界进行专业论证，如果喝风辟谷公司宣传辟谷能治病，则需要举证证明确实有效果，否则涉嫌虚假宣传。“我个人认为消费者不宜轻信类似宣传，尤其在商家未证实、权威机构未做出明确结论的情况下，应保持怀疑态度”。</p>\n<p class=\"art_p\" cms-style=\"font-L\">新京报记者 程平 陈维城 </p><div class=\"plugins_readMore_docplugin from_subject\" data-content=\'{\"docs\":[{\"url\":\"https:\\/\\/ent.sina.cn\\/star\\/tv\\/2019-11-21\\/detail-iihnzahi2259457.d.html\",\"title\":\"官方回应江一燕别墅自改扩建：未取得审批 将查处\",\"newsId\":\"ihnzahi2259457-comos-ent-cms\"},{\"url\":\"https:\\/\\/news.sina.cn\\/gn\\/2019-11-20\\/detail-iihnzahi2257400.d.html\",\"title\":\"“红黄蓝教育”继续亏损 2019Q3净亏损330万美元\",\"newsId\":\"ihnzahi2257400-comos-news-cms\"},{\"url\":\"https:\\/\\/news.sina.cn\\/gn\\/2019-11-21\\/detail-iihnzahi2258254.d.html\",\"title\":\"31省份最低工资调整出炉 9省份上调你那里涨了吗\",\"newsId\":\"ihnzahi2258254-comos-news-cms\"},{\"url\":\"https:\\/\\/news.sina.cn\\/gj\\/2019-11-21\\/detail-iihnzahi2265112.d.html\",\"title\":\"日媒：生命外来论添新证 科学家从陨石中测出核糖\",\"newsId\":\"ihnzahi2265112-comos-news-cms\"},{\"url\":\"https:\\/\\/news.sina.cn\\/gj\\/2019-11-20\\/detail-iihnzhfz0570854.d.html\",\"title\":\"菲总统杜特尔特欲禁电子烟：电子烟有毒\",\"newsId\":\"ihnzhfz0570854-comos-news-cms\"}],\"url\":\"http:\\/\\/zx.sina.cn\\/zx_zt\\/zyjc1121\",\"newsId\":\"HB-1-super_subject\\/index-subject-ihnzahi2276959\",\"text\":\"进入专题\"}\'></div>	\n	\n<div id=\"wx_pic\" style=\"margin:0 auto;display:none;\">\n	<img src=\"//n.sinaimg.cn/default/2fb77759/20151125/320X320.png\">\n</div>\n</section>'),(148,159,'<section class=\"art_pic_card art_content\">\n<p class=\"art_p\">原标题：中国决定建设药品追溯系统 明年底前率先实现疫苗等“一物一码”</p>\n<p class=\"art_p\" cms-style=\"font-L\">中新社北京11月20日电 中国国务院总理李克强20日在北京主持召开国务院常务会议。会议部署深化医药卫生体制改革进一步推进药品集中采购和使用，更好服务群众看病就医。会议提出，建设药品追溯系统，明年底前率先实现疫苗和国家集中采购使用药品“一物一码”，并可由公众自主查验。</p>\n<a href=\"JavaScript:void(0)\">\r\n										<figure class=\"art_img_mini j_p_gallery\" data-type=\"simple\">\r\n											<img class=\"art_img_mini_img j_fullppt_cover\" src=\"data:image/png;base64,iVBORw0KGgoAAAANSUhEUgAAAAQAAAADAQMAAACOOjyFAAAAA1BMVEUAAACnej3aAAAAAXRSTlMAQObYZgAAAApJREFUCNdjAAMAAAYAAegKKqQAAAAASUVORK5CYII=\" data-src=\"//n.sinaimg.cn/translate/20150806/lLKK-fxftkpm2950732.jpg\" alt=\" 资料图：市民在医院等候领取药品。中新社发 张斌 摄\">\r\n										<img class=\"j_fullppt\" src=\"data:image/png;base64,iVBORw0KGgoAAAANSUhEUgAAAAQAAAADAQMAAACOOjyFAAAAA1BMVEUAAACnej3aAAAAAXRSTlMAQObYZgAAAApJREFUCNdjAAMAAAYAAegKKqQAAAAASUVORK5CYII=\" data-src=\"//n.sinaimg.cn/translate/20150806/lLKK-fxftkpm2950732.jpg\" alt=\" 资料图：市民在医院等候领取药品。中新社发 张斌 摄\" disabeld-show=\"true\" style=\"display:none\">\r\n											<h2 class=\"art_img_tit\"> 资料图：市民在医院等候领取药品。中新社发 张斌 摄</h2>\r\n										</figure>\r\n									</a>\n<p class=\"art_p\" cms-style=\"font-L\">会议指出，推进药品集中采购和使用，是深化医改的重要内容，为降低“虚高”药价、减轻群众负担发挥了积极作用。会议要求进一步推进这项工作。</p>\n<p class=\"art_p\" cms-style=\"font-L\">会议指出，一是扩大集中采购和使用药品品种范围，优先将原研药与仿制药价差较大的品种，及通过仿制药质量和疗效一致性评价的基本药物等纳入集中采购，以带量采购促进药价实质性降低。构建药品国家集中采购平台，依托省（区、市）建设全国统一开放采购市场。</p>\n<p class=\"art_p\" cms-style=\"font-L\">二是确保集中采购药品稳定供应和质量安全。建立中标生产企业应急储备、库存和产能报告制度，加强中标药品抽检，实行市场清退制度。建设药品追溯系统，明年底前率先实现疫苗和国家集中采购使用药品“一物一码”，并可由公众自主查验。</p>\n<p class=\"art_p\" cms-style=\"font-L\">三是制定实施国家用药管理办法。推动医疗机构首先使用国家基本药物和医保目录药品。加强医院药事管理，依法查处不合理用药行为。建立健全药品价格常态化监管机制。在总体不增加患者负担的前提下，稳妥有序试点探索医疗服务价格的优化。</p>\n<p class=\"art_p\" cms-style=\"font-L\">四是推进医保支付方式改革。原则上对同一通用名相同剂型和规格的原研药、通过一致性评价的仿制药等实行相同的支付标准。探索更加高效的药品货款支付办法。</p>\n<p class=\"art_p\" cms-style=\"font-L\">为完善税收法律制度，并与营改增改革取消营业税相衔接，会议还通过《中华人民共和国城市维护建设税法（草案）》。草案保持现行城市维护建设税暂行条例的税制框架和税负水平不变。会议决定将草案提请全国人大常委会审议。（完）</p><div class=\"plugins_readMore_docplugin from_subject\" data-content=\'{\"docs\":[{\"url\":\"https:\\/\\/ent.sina.cn\\/star\\/tv\\/2019-11-21\\/detail-iihnzahi2259457.d.html\",\"title\":\"官方回应江一燕别墅自改扩建：未取得审批 将查处\",\"newsId\":\"ihnzahi2259457-comos-ent-cms\"},{\"url\":\"https:\\/\\/news.sina.cn\\/gn\\/2019-11-20\\/detail-iihnzahi2257400.d.html\",\"title\":\"“红黄蓝教育”继续亏损 2019Q3净亏损330万美元\",\"newsId\":\"ihnzahi2257400-comos-news-cms\"},{\"url\":\"https:\\/\\/news.sina.cn\\/gn\\/2019-11-21\\/detail-iihnzahi2258254.d.html\",\"title\":\"31省份最低工资调整出炉 9省份上调你那里涨了吗\",\"newsId\":\"ihnzahi2258254-comos-news-cms\"},{\"url\":\"https:\\/\\/news.sina.cn\\/gj\\/2019-11-21\\/detail-iihnzahi2265112.d.html\",\"title\":\"日媒：生命外来论添新证 科学家从陨石中测出核糖\",\"newsId\":\"ihnzahi2265112-comos-news-cms\"},{\"url\":\"https:\\/\\/news.sina.cn\\/gj\\/2019-11-20\\/detail-iihnzhfz0570854.d.html\",\"title\":\"菲总统杜特尔特欲禁电子烟：电子烟有毒\",\"newsId\":\"ihnzhfz0570854-comos-news-cms\"}],\"url\":\"http:\\/\\/zx.sina.cn\\/zx_zt\\/zyjc1121\",\"newsId\":\"HB-1-super_subject\\/index-subject-ihnzahi2276959\",\"text\":\"进入专题\"}\'></div>	\n	\n<div id=\"wx_pic\" style=\"margin:0 auto;display:none;\">\n	<img src=\"//n.sinaimg.cn/default/2fb77759/20151125/320X320.png\">\n</div>\n</section>'),(149,160,'<section class=\"art_pic_card art_content\">\n<p class=\"art_p\">原标题：人民日报评论员：干涉中国内政的法案就是废纸一张</p>\n<p class=\"art_p\">当地时间11月19日，美国国会参议院不顾中方多次严正交涉和强烈反对，通过了所谓“2019年香港人权与民主法案”，公然为暴徒张目打气，以美国国内法插手香港事务，干涉中国内政，肆意践踏国际法和国际关系基本准则，再次暴露其强盗嘴脸和霸权本性，这是对包括香港同胞在内的全体中国人民的严重挑衅。我们正告美方，收回在香港问题上的黑手，任何违背国际法和国际关系基本准则、干涉中国内政的法案就是废纸一张，注定枉费心机！</p>\n<a href=\"JavaScript:void(0)\">\r\n									<figure class=\"art_img_mini j_p_gallery\" data-type=\"simple\">\r\n										<img class=\"art_img_mini_img j_fullppt_cover\" src=\"data:image/png;base64,iVBORw0KGgoAAAANSUhEUgAAAAQAAAADAQMAAACOOjyFAAAAA1BMVEUAAACnej3aAAAAAXRSTlMAQObYZgAAAApJREFUCNdjAAMAAAYAAegKKqQAAAAASUVORK5CYII=\" data-src=\"//n.sinaimg.cn/news/crawl/520/w550h770/20191120/45b6-iipztff7246662.jpg\" alt=\"\">\r\n									<img class=\"j_fullppt\" src=\"data:image/png;base64,iVBORw0KGgoAAAANSUhEUgAAAAQAAAADAQMAAACOOjyFAAAAA1BMVEUAAACnej3aAAAAAXRSTlMAQObYZgAAAApJREFUCNdjAAMAAAYAAegKKqQAAAAASUVORK5CYII=\" data-src=\"//n.sinaimg.cn/news/crawl/520/w550h770/20191120/45b6-iipztff7246662.jpg\" alt=\"\" disabeld-show=\"true\" style=\"display:none\">\r\n										<h2 class=\"art_img_tit\"></h2>\r\n									</figure>\r\n								</a>\n<p class=\"art_p\">香港修例风波发生以来，激进暴力犯罪行为不断升级，突破法律、道德和人性的底线。暴徒疯狂打砸、肆意纵火、瘫痪交通、暴力袭警、残害市民，将校园变成“兵工厂”，严重侵害包括警务人员在内的广大市民的人身安全、言论自由等基本人权，严重危害法治和社会秩序，严重破坏香港繁荣稳定，严重挑战“一国两制”原则底线，将香港推到了极为危险的境地。</p>\n<p class=\"art_p\">然而，对于暴徒犯下的一桩桩罪行，美方却罔顾事实、颠倒黑白，打着“人权与自由”的幌子，粗暴干涉香港事务和中国内政，恶意诋毁中国中央政府和特区政府，公然为“反中乱港”活动撑腰打气。</p>\n<div sax-type=\"proxy\" class=\"j_native_opq191126 box\" data-inserttype=\"0\" style=\"margin:20px 0\" data-id=\"201711dingdingeb\"></div><p class=\"art_p\">主权平等和不干涉内政是最根本也是最重要的国际法原则。从过去到现在，包括中国在内的许多发展中国家都深受外国强权干预之害，而这种对他国内政的粗暴干涉，大多打着“人权与自由”的旗号。香港修例风波发生以来，美方在香港问题上一系列政治操弄的事实如一面“照妖镜”，充分暴露了其以“人权与自由”的幌子干涉他国内政的丑陋面目，淋漓尽致地暴露了何为赤裸裸的双重标准。美方从未批评过港英殖民统治时期香港没有人权与自由，却对目前享有前所未有广泛权利与自由的香港说三道四、抹黑诋毁；美方自己的人权纪录劣迹斑斑，却公然对一个自由度和法治排名均高于自己的别国地区指手画脚，大放厥词；美方处置国内示威活动充分授权、毫不手软，却对香港警方极度克制执法、依法维护法治横加指责，对香港社会迫切要求止暴制乱、恢复秩序的主流民意和强烈呼声充耳不闻。在香港正滑向“恐怖主义”深渊的危险时刻，美政客置香港广大市民利益于不顾推动有关法案，就是为暴徒提供“避风港”，给特区政府止暴制乱制造“绊脚石”，向维护法治秩序的正义人士发出“恐吓信”。美方以荒唐、虚伪的双重标准践踏国际法和国际关系基本准则的真实面目暴露无遗，以人权、民主为名，行霸权干涉之实的真实面目暴露无遗。</p>\n<p class=\"art_p\">无数事实证明，美国政客根本不关心香港民众的利益福祉和民主人权，他们居心叵测地破坏香港国际金融、贸易、航运中心地位，手段卑劣地恐吓止暴制乱的正义人士、明目张胆地给暴徒“铺后路”，就是企图借香港乱局，为自己捞取政治资本，企图借香港问题趁火打劫，遏制中国发展，险恶用心，昭然若揭。</p>\n<p class=\"art_p\">当前，止暴制乱、恢复秩序是香港最紧迫的任务，是香港社会最广泛的民意和最大人权。美方任何搞乱香港、阻碍中国发展的企图都是痴心妄想，无论打着什么幌子、搞再多的法案都是枉费心机。香港是中国的香港。香港事务必须在中华人民共和国宪法和香港特别行政区基本法的框架内处理。中国政府绝不容许外部势力在香港问题上为所欲为，任何国家都不要指望中国会吞下损害国家主权、安全、发展利益的苦果。中国政府维护国家主权、安全、发展利益的决心坚定不移，贯彻“一国两制”方针的决心坚定不移，反对任何外部势力干涉香港事务的决心坚定不移。</p>\n<p class=\"art_p\">打“香港牌”注定失败，违背国际法和国际关系基本准则、干涉中国内政的法案注定是废纸一张。我们正告美方认清形势、悬崖勒马，立即停止插手香港事务，停止干涉中国内政，以免引火烧身。如果美方一意孤行，中方必将采取有力措施予以坚决反制，一切后果必须由美方完全承担。</p><div class=\"plugins_readMore_docplugin from_subject\" data-content=\'{\"docs\":[{\"url\":\"https:\\/\\/news.sina.cn\\/gn\\/2019-11-26\\/detail-iihnzhfz1808869.d.html\",\"title\":\"杨洁篪：中方坚决反对和强烈谴责美通过涉港法案\",\"newsId\":\"ihnzhfz1808869-comos-news-cms\"},{\"url\":\"https:\\/\\/news.sina.cn\\/gn\\/2019-11-26\\/detail-iihnzahi3419424.d.html\",\"title\":\"林郑月娥：表达任何诉求不应诉诸暴力\",\"newsId\":\"ihnzahi3419424-comos-news-cms\"},{\"url\":\"https:\\/\\/news.sina.cn\\/gn\\/2019-11-26\\/detail-iihnzahi3371019.d.html\",\"title\":\"港府就“禁蒙面法违宪”提出上诉\",\"newsId\":\"ihnzahi3371019-comos-news-cms\"},{\"url\":\"https:\\/\\/news.sina.cn\\/gn\\/2019-11-26\\/detail-iihnzhfz1813290.d.html\",\"title\":\"港理大校方搜寻留守暴徒暂无果 校内遍布危险品\",\"newsId\":\"ihnzhfz1813290-comos-news-cms\"},{\"url\":\"https:\\/\\/news.sina.cn\\/gn\\/2019-11-26\\/detail-iihnzahi3462252.d.html\",\"title\":\"港府：红磡海底隧道将于27日凌晨5点恢复开通\",\"newsId\":\"ihnzahi3462252-comos-news-cms\"}],\"url\":\"http:\\/\\/news.sina.cn\\/zt_d\\/hongkong0802\",\"newsId\":\"HB-1-super_subject\\/index-subject-hytcitm8757960\",\"text\":\"进入专题\"}\'></div>	\n	\n<div id=\"wx_pic\" style=\"margin:0 auto;display:none;\">\n	<img src=\"//n.sinaimg.cn/default/2fb77759/20151125/320X320.png\">\n</div>\n</section>'),(150,162,'<section class=\"art_pic_card art_content\">\n<p class=\"art_p\">原标题：贵州六盘水市水城县拟退出贫困县，正在公示</p>\n<p class=\"art_p\" cms-style=\"font-L\">11月20日，贵州六盘水市扶贫开发领导小组发布公示称，2019年11月13日至17日，六盘水市扶贫开发领导小组组织相关成员单位，组成贫困县脱贫摘帽市级审查组，对水城县申请贫困县脱贫摘帽的自评情况进行了实地审查，并于2019年11月20日组织召开六盘水市扶贫开发领导小组会议，对市级审查结果进行审定，水城县综合贫困发生率、漏评率、错退率、群众认可度均达到国家贫困县脱贫摘帽标准。</p>\n<p class=\"art_p\" cms-style=\"font-L\">六盘水市扶贫开发领导小组同意向贵州省扶贫开发领导小组申请水城县退出贫困县，现特向社会进行公示。</p>\n<p class=\"art_p\" cms-style=\"font-L\">公示时间从2019年11月20日至29日。如对公示结果有异议，可以来电、来信、来访等方式向六盘水市扶贫开发领导小组办公室反映。</p>\n<p class=\"art_p\" cms-style=\"font-L\">通讯地址：贵州省六盘水市钟山区钟山西路45号（市直机关十二层综合大楼12楼）</p>\n<p class=\"art_p\" cms-style=\"font-L\">邮 编：553000</p>\n<p class=\"art_p\" cms-style=\"font-L\">联系电话：0858—8263920</p>\n<p class=\"art_p\" cms-style=\"font-L\">电子邮箱：lpssjczx@163.com</p>\n<p class=\"art_p\" cms-style=\"font-L\">来源：天眼新闻客户端</p>	\n	\n<div id=\"wx_pic\" style=\"margin:0 auto;display:none;\">\n	<img src=\"//n.sinaimg.cn/default/2fb77759/20151125/320X320.png\">\n</div>\n</section>'),(151,163,'<section class=\"art_pic_card art_content\">\n<p class=\"art_p\">原标题：外交部驻港公署特派员召见美国驻港总领事 就美参议院通过涉港法案提出严正交涉</p>\n<p class=\"art_p\" cms-style=\"font-L\">11月20日，外交部驻港公署特派员谢锋召见美国驻港总领事史墨克，就美国国会参议院冒天下之大不韪通过“香港人权与民主法案”，粗暴干涉香港事务和中国内政，严重违反国际法和国际关系基本准则提出强烈抗议，表示坚决反对。</p>\n<p class=\"art_p\" cms-style=\"font-L\">谢锋指出，该法案是和750万香港市民作对。暴力是香港社会的公敌。美有关政客居心叵测地炮制、推动该法案，就是选择与违法暴徒站在一边。用的是“香港人权与民主法案”的名称，实质是剥夺香港市民的人权与民主。捍卫的是一小撮暴徒的“强盗民主”、“施暴权利”、“伤人自由”，剥夺的是绝大多数香港市民的生存权、安全权、工作权，自由表达意见的权利，赚钱养家、上班上学上街的基本生活权利。他们煞费苦心设计的条款，都是在为暴徒提供“避风港”，给特区政府止暴制乱制造“绊脚石”，向维护法治秩序的正义人士发出“恐吓信”，目的就是火上浇油，纵容暴徒们更加肆无忌惮地违法作恶，变本加厉地危害公众生命和财产安全，理所当然激起750万香港市民的强烈义愤！</p>\n<p class=\"art_p\" cms-style=\"font-L\">谢锋说，该法案是和14亿中国人民作对。美国有关政客公然与香港反对派和极端暴力分子内外勾结、狼狈为奸，企图打“香港牌”来要挟中国政府、讹诈中国人民、遏制中国发展，这是白日做梦，是搬起石头砸自己的脚！中国政府维护国家主权、安全、发展利益的决心坚定不移，贯彻“一国两制”方针的决心坚定不移，反对任何外部势力干涉香港事务的决心坚定不移。</p>\n<p class=\"art_p\" cms-style=\"font-L\">谢锋说，该法案是和国际社会作对。暴力犯罪是世界公害，繁荣稳定是各国共同追求。美有关政客逆时代潮流而动，为捞取个人政治资本，假“人权”、“民主”、“自由”之名，行混淆是非、颠倒黑白之实，支持黑衣暴徒违法行凶，不仅祸乱香港，而且助长暴力病毒向世界蔓延，与民粹主义、分裂主义、极端主义等其他病毒交叉感染，祸害全人类。他们是历史罪人！</p>\n<p class=\"art_p\" cms-style=\"font-L\">谢锋说，该法案也是和美国自己作对。美国在香港有重大利益。美国商界、包括国会很多人反对有关政客损人害己的“政治秀”。美专家学者直言该法案是支持激进抗议者破坏香港这座城市，对美国和世界都有害。国际社会越来越多的人反对美政客睁着眼睛说瞎话，昧着良心干坏事，批评他们“手长”、“眼瞎”、“心黑”。美国有关政客出于捞取政治资本的一己私利，置国家利益、商界利益于不顾，必将遭到越来越强烈的反对。</p>\n<p class=\"art_p\" cms-style=\"font-L\">谢锋说，香港的繁荣稳定，中国的发展成就，是靠自己奋斗打拼得来的，不是谁恩赐的。中国在过去困难时期都从未弯过腰，现在更不会屈服于任何外来压力！我们将继续坚定支持行政长官带领香港特别行政区依法施政，坚定支持香港警方严正执法，坚定支持香港司法机构依法惩治暴力犯罪分子。我们有足够多的办法和足够强大的力量维护香港的繁荣稳定。</p>\n<p class=\"art_p\" cms-style=\"font-L\">谢锋强调，任何外来威胁、施压都吓不倒、压不垮包括香港同胞在内的14亿中国人民，任何力量都不能阻挡中华民族伟大复兴的进程，奉劝美方不要打错算盘！</p>\n<p class=\"art_p\" cms-style=\"font-L\">谢锋敦促美国行政当局认清法案的严重危害，不支持、不签署，立即停止插手香港事务。美方应当悬崖勒马，立即纠正错误。如果一意孤行，中方必将采取坚决反制措施，美方将自食恶果。</p><div class=\"plugins_readMore_docplugin from_subject\" data-content=\'{\"docs\":[{\"url\":\"https:\\/\\/news.sina.cn\\/gn\\/2019-11-26\\/detail-iihnzhfz1808869.d.html\",\"title\":\"杨洁篪：中方坚决反对和强烈谴责美通过涉港法案\",\"newsId\":\"ihnzhfz1808869-comos-news-cms\"},{\"url\":\"https:\\/\\/news.sina.cn\\/gn\\/2019-11-26\\/detail-iihnzahi3419424.d.html\",\"title\":\"林郑月娥：表达任何诉求不应诉诸暴力\",\"newsId\":\"ihnzahi3419424-comos-news-cms\"},{\"url\":\"https:\\/\\/news.sina.cn\\/gn\\/2019-11-26\\/detail-iihnzahi3371019.d.html\",\"title\":\"港府就“禁蒙面法违宪”提出上诉\",\"newsId\":\"ihnzahi3371019-comos-news-cms\"},{\"url\":\"https:\\/\\/news.sina.cn\\/gn\\/2019-11-26\\/detail-iihnzhfz1813290.d.html\",\"title\":\"港理大校方搜寻留守暴徒暂无果 校内遍布危险品\",\"newsId\":\"ihnzhfz1813290-comos-news-cms\"},{\"url\":\"https:\\/\\/news.sina.cn\\/gn\\/2019-11-26\\/detail-iihnzahi3462252.d.html\",\"title\":\"港府：红磡海底隧道将于27日凌晨5点恢复开通\",\"newsId\":\"ihnzahi3462252-comos-news-cms\"}],\"url\":\"http:\\/\\/news.sina.cn\\/zt_d\\/hongkong0802\",\"newsId\":\"HB-1-super_subject\\/index-subject-hytcitm8757960\",\"text\":\"进入专题\"}\'></div>	\n	\n<div id=\"wx_pic\" style=\"margin:0 auto;display:none;\">\n	<img src=\"//n.sinaimg.cn/default/2fb77759/20151125/320X320.png\">\n</div>\n</section>'),(152,164,'<section class=\"art_pic_card art_content\">\n<p class=\"art_p\">原标题：重庆发生一起交通事故致4死1伤</p>\n<p class=\"art_p\" cms-style=\"font-L\">新华社重庆11月20日电（记者赵宇飞）记者从重庆垫江县公安局获悉，20日14时许，垫江县发生一起交通事故，导致4人死亡，1人受伤。</p>\n<p class=\"art_p\" cms-style=\"font-L\">据了解，司机邓某驾驶轿车从垫江县城沿S102省道向新民镇方向行驶，当行驶至白马庙附近路段时，因操作不当撞上路边行人。接警后，垫江县警方立即赶到现场处置，将伤者送医救治，并将肇事司机邓某控制。</p>\n<p class=\"art_p\" cms-style=\"font-L\">目前，伤者正在医院接受治疗，无生命危险，事故正在进一步调查处理中。</p>\n	\n	\n<div id=\"wx_pic\" style=\"margin:0 auto;display:none;\">\n	<img src=\"//n.sinaimg.cn/default/2fb77759/20151125/320X320.png\">\n</div>\n</section>'),(153,166,'<section class=\"art_pic_card art_content\">\n<p class=\"art_p\">来源:财经女记者部落</p><p class=\"art_p\" cms-style=\"font-L align-Center\"><img id=\"0\" src=\"//n.sinaimg.cn/translate/488/w1080h1008/20191120/179c-iipztff7270373.jpg\" img-size=\"1080,1008\"></p><p class=\"art_p\" cms-style=\"font-L\">“70岁美女姐姐辟谷5次，从骨头坏死到天行健一万多步”“辟谷两次，我告别了16年的糖尿病”……本源是“不食五谷”的养生方式如今演化为包治百病，看到以上标题时，小财女再次听到了“收智商税”的叫卖声。</p><p class=\"art_p\" cms-style=\"font-L align-Justify\">在这个大量宣传辟谷治疗好各种疑难杂症的公众号背后，实则是一家名为“西安喝风辟谷国学文化传播有限责任公司”。</p><p class=\"art_p\" cms-style=\"font-L align-Justify strong-Bold\">日前，西安曲江文化产业发展中心发布了2019年第二季度曲江新区双创（创新和创业）券兑付名单，可以同时享受政府多项补贴，这家“喝风辟谷”公司赫然在列。</p><p class=\"art_p\" cms-style=\"font-L align-Justify\">不同寻常的是，此前，与“喝风辟谷”捆绑的一直是疑似传销、宣传内容涉及“心法、丹药、意念”等邪教词汇。</p><p class=\"art_p\" cms-style=\"font-L align-Justify\">前天，小财女和大家聊了聊“水氢汽车”背后公司青年汽车破产前喜提1.18亿补贴的操作。难不成“日常作秀割韭菜，年终空手套补贴”早已成为某些不良公司的惯用招数？</p><p class=\"art_p\" cms-style=\"font-L align-Center\"><img src=\"//n.sinaimg.cn/translate/294/w1080h814/20191120/cae0-iipztff7270370.jpg\" img-size=\"1080,814\" id=\"1\"></p><p class=\"art_p\" cms-style=\"font-L align-Justify strong-Bold\">|| 曾因虚假宣传遭地方公安局调查</p><p class=\"art_p\" cms-style=\"font-L align-Justify\">哪怕互联网的记忆只有三秒钟，但名单一经发布，记性好的网友立刻认出这家赤裸裸进行虚假宣传的“喝风辟谷”公司，直接怼它不够格。</p><p class=\"art_p\" cms-style=\"font-L align-Justify\">这其中有什么误会吗？</p><p class=\"art_p\" cms-style=\"font-L align-Justify\">实际上，早在今年7月，西安市公安局雁塔分局就接到了群众举报。然而在接受调查时，该公司的总监方某以“微信公众号分享的文章是谷友（喝风辟谷学员）自己分享的，公司不负任何辨别真假责任”为公司开脱。</p><p class=\"art_p\" cms-style=\"font-L align-Justify strong-Bold\">言下之意就是，方某也认可公众号发表的文章的真实性缺乏保障，但是公司对此不负任何责任。</p><p class=\"art_p\" cms-style=\"font-L align-Justify\">与此同时，小财女却注意到“喝风免费辟谷公众号在刊发这些文章时，都标明了文章作者姓名，并称“本公司对其住址、电话、身份证号码等资料已备案。本公司对以下内容真实承担法律责任”。</p><p class=\"art_p\" cms-style=\"font-L align-Justify\">最终，雁塔分局因为没有明显的违法行为无法立案侦办。</p><p class=\"art_p\" cms-style=\"font-L align-Justify\">小财女又去了解今年双创券评选的规则，试图挖掘辟谷公司使用了什么“神力”弯道超车。</p><p class=\"art_p\" cms-style=\"font-L align-Justify\">根据西安曲江文化产业发展中心官方微信公众号“文化曲江官方”，曲江新区创新创业券是曲江新区研究探索公共服务的新模式，双创券改变了过去政府直接发放现金，扶持中小企业的粗放模式，变现为券，让企业可以像购物一样，在星空企服平台申领“双创券”，用于企业创新创业，而费用由政府买单。</p><p class=\"art_p\" cms-style=\"font-L align-Justify\">此次发布的2019年第二季度曲江新区双创券兑付名单，一共通过审核的有69家企业和4家服务机构。按照新模式，这些公司机构经营过程中所采购的财税服务、法务服务、招标服务、认定服务、人才服务、金融服务、运营能耗等都可享受政府相应扶持补贴。</p><p class=\"art_p\" cms-style=\"font-L align-Center\"><img id=\"2\" src=\"//n.sinaimg.cn/translate/200/w1080h720/20191120/9867-iipztff7270417.jpg\" img-size=\"1080,720\"></p><p class=\"art_p\" cms-style=\"font-L align-Justify\">下面重点来了，申领曲江新区双创券的条件包括：</p><p class=\"art_p\" cms-style=\"align-Justify font-L\">1.工商、税收和统计关系均在曲江新区，主营业务符合《西安市文化创意产业分类目录（试行）》，无重大安全事故发生，且为无不良经营行为的独立法人；</p><p class=\"art_p\" cms-style=\"align-Justify font-L\">2.按季度通过曲江新区企业公共服务平台（“星空企服”）填报企业经营情况；</p><p class=\"art_p\" cms-style=\"align-Justify font-L\">3.积极参与曲江新区组织开展的各类创新创业活动，每季度不少于3场（自2019年6月1日起统计）。</p><p class=\"art_p\" cms-style=\"font-L align-Justify\">按照以上条件，小财女暂时确实也没有发现“喝风辟谷”存在的问题。当然够不够格，今日下午小财女终于等来了官方说法：</p><p class=\"art_p\" cms-style=\"font-L align-Center\"><img id=\"3\" src=\"//n.sinaimg.cn/translate/243/w600h443/20191120/a09c-iipztff7270415.jpg\" img-size=\"600,443\"></p><p class=\"art_p\" cms-style=\"align-Justify font-L\">1、“西安喝风辟谷国学文化传播有限责任公司”（以下简称“辟谷文化”），于2017年11月24日成立注册，属于浙文创产业园入孵企业。经营范围为国学文化交流的组织、策划，健康管理等。</p><p class=\"art_p\" cms-style=\"align-Justify font-L\">2、辟谷文化于2019年6月28日提交申领，项目为“能耗补贴”，预计兑付金额为5,644.29元，现处于公示阶段（公示期为七天，11月13日至11月21日）。公示期间无异议后方可兑付。公示期间如任何单位和个人以书面形式提出异议，曲江文产中心和双创券实施主体创业城公司将根据反映情况进行调查核实，并暂缓兑付。若反映情况属实，则取消其兑付资格。</p><p class=\"art_p\" cms-style=\"font-L align-Justify\">小财女注意到了这三个重点：一是目前补贴仍处于公示阶段，并不是实际发放名单；</p><p class=\"art_p\" cms-style=\"font-L align-Justify\">二是小财女实在好奇号称只需要通过“点穴、丹药、符咒”等方式的公司竟然能入选文创产业孵化。对此，喝风辟谷公司所在的西安曲江新区创客大街运营方一位负责人向界面新闻透露，对于这个入驻企业，他们也有所怀疑，但这个公司证照齐全，财税管理也比较正规，至于有没有“挂羊头卖狗肉”就不知道了；</p><p class=\"art_p\" cms-style=\"font-L align-Justify\">三是按照公司的经营方式，“能耗补贴”难不成是用来买炼丹炉的？</p><p class=\"art_p\" cms-style=\"font-L align-Justify strong-Bold\">|| 辟谷“骗局”：400元七天速成导师假证泛滥</p><p class=\"art_p\" cms-style=\"font-L align-Justify\">小财女在了解“喝风辟谷”完整的经营模式后，发现这是一条从上游——“辟谷导师”到下游“辟谷学员”都存在灰色区域的产业链。对于某些人而言，今日被当韭菜割就是为了他日成为镰刀。“公司目前有几百名会员，有四五个讲师。有的会员在精通辟谷知识后，也可以成为讲师。”</p><p class=\"art_p\" cms-style=\"font-L align-Justify\">先来看上游，从400元及价格更低的一张辟谷培训师证到7天、14天辟谷导师速成班应有尽有。</p><p class=\"art_p\" cms-style=\"font-L align-Center\"><img id=\"4\" src=\"//n.sinaimg.cn/translate/743/w414h329/20191120/90dd-iipztff7270440.png\" img-size=\"414,329\"></p><p class=\"art_p\" cms-style=\"font-L align-Justify\">天眼查显示，喝风辟谷公司成立于2017年11月24日，今年8月15日以前，该公司注册资本为100万元，之后通过注册资本变更，增资至1000万元，法定代表人张卫，股东为张卫、吕萍两自然人，均为认缴出资。</p><p class=\"art_p\" cms-style=\"font-L align-Justify strong-Bold\">其中，“喝风辟谷”的法定代表人就是一位在辟谷领域深耕20多年的倡导人。2017年，张卫还创办了首届国际辟谷养生研讨会。</p><p class=\"art_p\" cms-style=\"font-L align-Center\"><img id=\"5\" src=\"//n.sinaimg.cn/translate/742/w640h902/20191120/b7c7-iipztff7270445.jpg\" img-size=\"640,902\"></p><p class=\"art_p\" cms-style=\"font-L align-Justify\">经小财女观察，张卫经常化身“张渭廉”出现在该公司官方微信公众号“喝风免费辟谷”中，介绍辟谷知识，比如“辟谷期间啥也不吃， 甚至不喝水的辟谷状态， 称作全辟谷。相对而言，辟谷期间喝水， 吃一点点水果，称作半辟谷。”</p><p class=\"art_p\" cms-style=\"font-L align-Justify\">为严谨起见，小财女带着充分相信辟谷导师们光速领悟“天人合一”的能力，结果以工作人员一句“我们也不清楚”而告终。</p><p class=\"art_p\" cms-style=\"font-L align-Justify\">小财女脑海中仿佛再次浮现了量子速读班那位“纯粹”的导师。</p><p class=\"art_p\" cms-style=\"font-L align-Center\"><img id=\"6\" src=\"//f.sinaimg.cn/translate/678/w423h255/20191016/6002-ifzxhxm3452875.gif\" img-size=\"423,255\"></p><p class=\"art_p\" cms-style=\"font-L align-Justify strong-Bold\">在虚假宣传上，小财女发现辟谷这一行在营销上惯用的另一招——隔三岔五发一则国家人资源与社会保障部承认了“高级辟谷养生指导师证”消息。</p><p class=\"art_p\" cms-style=\"font-L align-Justify\">截至发稿前，小财女也没有在任何权威部门查询到“辟谷”官方认证。却在2016年10月，见识到了辟谷害人。</p><p class=\"art_p\" cms-style=\"font-L align-Justify\">据新闻晨报报道，61岁患上卵巢癌晚期的张女士在用所谓的“气功原始点疗法”治疗的过程中，听从“大师”要求连续辟谷6天，每天不得吃任何东西，只能喝大量的浓姜汤，以“饿死”癌细胞。</p><p class=\"art_p\" cms-style=\"font-L align-Justify\">然而，张女士的病情非但没有缓解，反而持续恶化，直至出现危情。</p><p class=\"art_p\" cms-style=\"font-L align-Justify strong-Bold\">|| 辟谷割韭菜“一条龙”：线上图文、语音、社群搞裂变，线下捆绑瑜伽养生国学</p><p class=\"art_p\" cms-style=\"font-L align-Justify\">从论坛发展到公众号、直播、语音，一直追随互联网内容主流阵地的喝风辟谷，让一时迷了心窍的小财女都想称张卫“互联网鬼才”。</p><p class=\"art_p\" cms-style=\"font-L align-Justify\">早先利用在线论坛开发语音课堂，渐而顺应互联网社交与内容平台发展，开辟免费直播和喜马拉雅语音新模式。之后，通过社群，以总部西安为核心，在多地举办免费沙龙。随着裂变连锁反应，喝风辟谷的学员甚至遍布全国各地。公司在公众号介绍，曾在全国107个城市同时联网开班，参与人数超过6000人。</p><p class=\"art_p\" cms-style=\"font-L align-Justify\">到这一步没有结束，为了召集学员面授，喝风辟谷还常年在终南山举办免费辟谷营。</p><p class=\"art_p\" cms-style=\"font-L align-Center\"><img id=\"7\" src=\"//n.sinaimg.cn/translate/159/w601h358/20191120/21e7-iipztff7270472.jpg\" img-size=\"601,358\"></p><p class=\"art_p\" cms-style=\"font-L align-Justify\">总之，喝风辟谷的下游运营模式已然在2017年参透当下“知识付费”“社群运营”的变现路径——以网络传播为导入，线下沙龙为载体，免费辟谷训练营用来深度链接建立核心用户。</p><p class=\"art_p\" cms-style=\"font-L align-Justify strong-Bold\">不知道看到这里的读者有没有注意到小财女多次强调的“免费”一词，果真如此吗？</p><p class=\"art_p\" cms-style=\"font-L align-Justify\">小财女观察到，至少2017年之前确实是这样。那么喝风辟谷又是靠什么盈利支撑多年？</p><p class=\"art_p\" cms-style=\"font-L align-Justify\">据知情人士透露，借用一家以公益模式做到一年营收过亿的针灸公司类比，“当行业内一家公司悄悄做大，自然有学员接受服务后觉得好，捐助几百元进行爱心接力，且完全没有推销”。</p><p class=\"art_p\" cms-style=\"font-L align-Center\"><img src=\"//n.sinaimg.cn/translate/189/w677h312/20191120/937b-iipztff7270497.jpg\" img-size=\"677,312\" id=\"8\"></p><p class=\"art_p\" cms-style=\"font-L align-Justify\">然而今时显然不同往日。随着辟谷的壮大，据喝风辟谷的一名“导师”告知，现在辟谷的营收费分三种。四天三晚的每晚住宿费30元，“辟谷导师培训”和“落地班”课程费用分别为25800元和23800元不等。</p><p class=\"art_p\" cms-style=\"font-L align-Justify\">除此以外，如今自诩为一家文化公司，小财女还在喝风辟谷的经营范围里注意到“图书出版”，果不其然，在某电商网站搜索，发现一家名为“喝风免费辟谷书城”的店铺，正在售卖三本图书。</p><p class=\"art_p\" cms-style=\"font-L align-Center\"><img id=\"9\" src=\"//n.sinaimg.cn/translate/220/w1080h2340/20191120/c2a8-iipztff7270500.jpg\" img-size=\"1080,2340\"></p><p class=\"art_p\" cms-style=\"font-L align-Justify\">其中两本《破解疾病密码》和《走出心灵的地狱》格外招人注意，作者皆为“柯云路”。孤陋寡闻的小财女前去一探究竟，十足是一位“有传奇色彩的人”，就是不知是什么力量使得一位文学作家走上气功大师之路？</p><p class=\"art_p\" cms-style=\"font-L align-Center\"></p><p class=\"art_source\"><span class=\"art_source_txt\">本文由知事 转码显示</span><img class=\"art_source_img\" style=\"width: 12px;\" src=\"data:image/png;base64,iVBORw0KGgoAAAANSUhEUgAAABgAAAAYCAMAAADXqc3KAAAAbFBMVEUAAAAAivUAivUAivUAivUAivUAivUAivUAivUAivUAivUAivUAivUAivUAivUAivUAivUAivUAivUAivUAivUAivUAivUAivUAivUAivUAivUAivUAivUAivUAivUAivUAivUAivUAivUAivVp648KAAAAI3RSTlMAFNLPCNYYDM1zEAX69fBcScnEwt3av7NnU0Me4INuTjwmIpz52YwAAAC8SURBVCjPpc9JEoMgFARQBIziiPOUue9/xygQEFapSi8Un9D1Ib8ln7uqbAQPPWqhQrfAY/RLwiUF9c4kFCwyC3H+sRVppFcSjVd1+RZwlK7n1k0P+4HKbo4B2OYFrXO2CpSZnq7HbD3drcNTOUObn/1S4XU4BdXTcaY9xuQ5uWPI1LVZ5DlJIfdnbVy9dArkR2GdBU6KQs8QOqFYPbcRSLmaOnCSDGCSJ/XVuMs7hspo3IWLpqzGOid/5QPoswzyx6Ku0QAAAABJRU5ErkJggg==\"><a class=\"art_source_a\" href=\"https://mp.weixin.qq.com/s?__biz=MjM5NzA0NzY5NA==&amp;mid=2651999601&amp;idx=1&amp;sn=0e6d59104e06b5cc7a61d8cb96e020b2&amp;chksm=bd3911908a4e9886495060d8b6f2137403ac9cd28f713ef68fc7205c307566c9a6ce836319d0&amp;scene=0&amp;xtrack=1\">查看原文</a></p>	\n	\n<div id=\"wx_pic\" style=\"margin:0 auto;display:none;\">\n	<img src=\"//n.sinaimg.cn/default/2fb77759/20151125/320X320.png\">\n</div>\n</section>'),(154,165,'<section class=\"art_pic_card art_content\">\n<p class=\"art_p\">原标题：国际锐评丨中国经济“体检单”释放三大积极信号</p>\n<p class=\"art_p\">中国国家统计局周三（20日）公布第四次全国经济普查结果，显示过去五年经济规模明显扩大，结构不断优化，质量持续提升，有力证明中国经济正朝着高质量发展方向稳步迈进。</p>\n<p class=\"art_p\">自2004年起，中国每五年举行一次全国性的经济普查，这被形象地比喻为国民经济“大体检”。此次经济普查历时两年，对中国境内1亿多个从事第二产业和第三产业活动的法人单位、产业活动单位和个体经营户进行了“地毯式”调查，包括调查第二、三产业的发展规模、布局、效益，进一步查实各类单位数量、从业人员、资产负债、营业收入等基本情况。在中国经济处在结构性转型升级的关键阶段，本次普查为掌握中国经济社会发展状况、加强和改善宏观调控、推动高质量发展、推进国家治理体系和治理能力现代化，提供了大量基础数据支撑，具有非常重要的现实意义。</p>\n<p class=\"art_p\">本次经济普查结果反映出，在深入推进供给侧结构性改革、持续扩大对外开放等举措推动下，中国经济正在稳健转向高质量发展，呈现出三大显著特征，释放出三大积极信号：</p>\n<p class=\"art_p\">首先，第三产业服务业发展迅猛，带动中国经济结构持续优化。本次普查的数据显示，第三产业的产业活动单位数量占第二、三产业总数的比重达到80.3%，法人单位资产总计占比达到81%，第三产业法人单位从业人员占比达到55%。其中，到2018年末，批发零售业和住宿餐饮业企业法人单位比5年前分别增长131.2%和115.5%；信息传输、软件和信息技术服务业企业法人单位则比5年前增长316.2%。这表明，服务业在国民经济中的地位不断提升，已经成为实至名归的国民经济第一大产业，充分体现了中国发展现代服务业、扩大内需促进经济结构优化升级的举措正在发挥效用。</p>\n<div sax-type=\"proxy\" class=\"j_native_opq191126 box\" data-inserttype=\"0\" style=\"margin:20px 0\" data-id=\"201711dingdingeb\"></div><p class=\"art_p\">其次，营商环境不断优化、市场主体大量增加，为经济高质量发展增添了活力。过去五年，从事第二、三产业的法人单位和产业活动单位数量年均增幅分别高达14.9%和13.5%。大量新设企业的背后是对中国不断优化营商环境的认可和信心。过去几年，中国持续深化“放管服”改革，不断放宽市场准入，实行全国统一的市场准入负面清单制度，同时进行大规模减税降费，加大对中小企业支持……营商环境的不断优化极大提升了市场主体活力，也增强了中国作为投资目的地的吸引力。世界银行在《2020年营商环境报告》中，将中国的排名大幅提升15位，超过法国、荷兰和瑞士等国家。</p>\n<p class=\"art_p\">第三，创新驱动发展为中国经济高质量发展蓄积了更多能量。此次普查数据显示，中国从事战略性新兴产业生产的规模以上企业法人有6.6万个，比2013年增长37.9%。全国有11.5万家规模以上工业企业实施了新产品开发，比2013年增长97%。规模以上工业企业法人研发经费支出比2013年增长55.7%，申请专利数量增长70.7%。在当前不确定性因素增多、全球经济增长乏力的背景之下，寻求新的增长点成为全球各国亟需解决的问题，创新则是必由之路。中国对创新驱动发展的深入推进，正在为产业升级和可持续发展蓄积新动能。</p>\n<p class=\"art_p\">与此同时，本次经济普查也反映出中国经济社会发展仍面临一些短板。比如，社会养老、医疗、教育等需求在不断增长，市场供给却存在滞后；产业技术进步有待继续提速；高技术制造业数量比例虽有所增加，但跟产业升级、消费需求升级的需要比，仍有很大提升空间。这恰恰指明了中国经济未来发展的主要着力点。</p>\n<p class=\"art_p\">时隔五年的国民经济大普查，既对中国经济社会发展做了全面的透视和盘点，也让中国收获了发展的信心和动力。尽管发展的不确定因素增多，但中国经济长期向好的大趋势不会改变。有理由相信，随着持续深化改革、扩大开放，中国经济将释放更大的潜力和活力，从而更好满足人民日益增长的美好生活需要，也为世界经济增长提供更有力支撑。（国际锐评评论员）</p>	\n	\n<div id=\"wx_pic\" style=\"margin:0 auto;display:none;\">\n	<img src=\"//n.sinaimg.cn/default/2fb77759/20151125/320X320.png\">\n</div>\n</section>'),(155,167,'<section class=\"art_pic_card art_content\">\n<p class=\"art_p\">原标题：河北再通报两起违规吃喝问题：廊坊市委副书记李龙被严重警告</p>\n<a href=\"JavaScript:void(0)\">\r\n									<figure class=\"art_img_mini j_p_gallery\" data-type=\"simple\">\r\n										<img class=\"art_img_mini_img j_fullppt_cover\" src=\"data:image/png;base64,iVBORw0KGgoAAAANSUhEUgAAAAQAAAADAQMAAACOOjyFAAAAA1BMVEUAAACnej3aAAAAAXRSTlMAQObYZgAAAApJREFUCNdjAAMAAAYAAegKKqQAAAAASUVORK5CYII=\" data-src=\"//n.sinaimg.cn/translate/199/w600h399/20191120/8de7-iipztff7234637.jpg\" alt=\"廊坊市委副书记李龙 资料图\">\r\n									<img class=\"j_fullppt\" src=\"data:image/png;base64,iVBORw0KGgoAAAANSUhEUgAAAAQAAAADAQMAAACOOjyFAAAAA1BMVEUAAACnej3aAAAAAXRSTlMAQObYZgAAAApJREFUCNdjAAMAAAYAAegKKqQAAAAASUVORK5CYII=\" data-src=\"//n.sinaimg.cn/translate/199/w600h399/20191120/8de7-iipztff7234637.jpg\" alt=\"廊坊市委副书记李龙 资料图\" disabeld-show=\"true\" style=\"display:none\">\r\n										<h2 class=\"art_img_tit\">廊坊市委副书记李龙 资料图</h2>\r\n									</figure>\r\n								</a>\n<p class=\"art_p\" cms-style=\"font-L\">11月20日傍晚，河北省纪委监委网站通报两起违规吃喝问题。</p>\n<p class=\"art_p\" cms-style=\"font-L\">通报指出，2019年5月19日上午，廊坊市委副书记李龙等人到辖区实地考察农业产业园区项目，当日中午应邀到该市某民营企业食堂接受宴请。此前，李龙还分别于2015年中秋节前、2016年春节前，在该民营企业食堂宴请朋友。上述三次宴请餐费及酒水均由该民营企业承担。另外，李龙在2016年春节前接受宴请时，还收受该民营企业主所送贵重礼品。省纪委给予李龙同志党内严重警告处分。</p>\n<p class=\"art_p\" cms-style=\"font-L\">通报还介绍，2019年7月5日晚，沧州市纪委常务副书记、监委副主任董海龙应该市某民营企业老板约请组织聚餐饮酒，费用由该老板承担。省纪委给予董海龙同志党内严重警告处分。</p>\n<p class=\"art_p\" cms-style=\"font-L\">澎湃新闻（www.thepaper.cn）注意到，李龙目前担任廊坊市委副书记、组织部长职务。2013年，他从河北省发展和改革委员会副巡视员的岗位上赴廊坊任市委常委、组织部部长。</p>\n<p class=\"art_p\" cms-style=\"font-L\">今年7月以来，河北省多地纪委监委披露了一连串违规吃喝的典型案例，此前已有时任邯郸市人大常委会秘书长王再鹏、晋州市政协主席崔贞军等人遭通报。</p>	\n	\n<div id=\"wx_pic\" style=\"margin:0 auto;display:none;\">\n	<img src=\"//n.sinaimg.cn/default/2fb77759/20151125/320X320.png\">\n</div>\n</section>'),(156,168,'<section class=\"art_pic_card art_content\">\n<p class=\"art_p\">原标题：[紫牛新闻]“飞夺泸定桥”22名勇士都有谁？他耗时半生苦寻，让英雄不再无名</p>\n<!--单视频_s-->\r\n						  <a class=\"art_video_box j_article_video\" href=\"JavaScript:void(0)\">\r\n							  <figure class=\"art_video\" data-videotype=\"vms\" data-vid=\"31271846301\" data-ratio=\".56\" data-infos=\'{\"attrs\":{\"data-tid\":\"38790\",\"data-did\":\"ihnzhfz0593415\",\"data-cid\":\"38790\",\"data-sid\":\"1\",\"data-vid\":\"31271846301\",\"data-adtags\":\"312718463|0|0|0|9805,0|0|9805|0|0|0\",\"data-vLength\":\"151702\",\"data-advid\":\"31271846301\",\"poster\":\"\\/\\/p.ivideo.sina.com.cn\\/video\\/312\\/718\\/463\\/312718463_220_124.jpg\",\"controls\":\"controls\",\"tabindex\":\"0\",\"preload\":\"auto\",\"data-lov\":\"vod\",\"data-vpid\":\"312718463\",\"data-fcid\":\"31271846301\",\"data-livesource\":\"vms\",\"data-liveEditChannel\":\"\",\"data-vot\":\"\",\"data-lt\":\"\",\"data-vd\":\"151702\"},\"baseUrl\":\"https:\\/\\/ask.ivideo.sina.com.cn\\/v_play_wap.php?vid=31271846301&amp;p=w&amp;tags=wap_comos&amp;creator_id=1001_12_0_0&amp;table_id=38790&amp;cid=38790&amp;vt=4&amp;r=news.sina.cn\\/2019-11-20\\/detail-iihnzhfz0593415.d.html\"}\'>\r\n								  <img src=\"data:image/png;base64,iVBORw0KGgoAAAANSUhEUgAAABAAAAAJAQMAAAAB5D5xAAAAA1BMVEUAAACnej3aAAAAAXRSTlMAQObYZgAAAApJREFUCNdjwA0AABsAAQrj5HwAAAAASUVORK5CYII=\" data-src=\"//p.ivideo.sina.com.cn/video/312/718/463/312718463_220_124.jpg\" alt=\"\" class=\"img_width\">\r\n								  <em class=\"art_video_btn cm_c_c j_video_play_btn\"><span class=\"icon_b_video\"></span></em>\r\n							  </figure>\r\n							  <h2 class=\"cm_tit art_video_tit_solo\">【紫牛新闻】“飞夺泸定桥”22名勇士都有谁？他耗时半生苦寻，让英雄不再无名</h2>\r\n						  </a>\r\n						  <!--单视频_e-->\n<p class=\"art_p\">红军长征“飞夺泸定桥”的故事大家都耳熟能详，84年前，在前有大渡河天险、后有国民党追兵的危急时刻，二十二位勇士临危受命，组成突击队，冒着迎面射来的弹雨，攀踏着悬空的铁索，以强攻手段飞夺泸定桥，占领泸定城，打通了中央红军北上的道路。然而，除了当场牺牲的四名夺桥勇士外，其他人还没来得及留下姓名，就又投入了新的战斗。来自重庆的王永模老人发现，很少有人知晓这些勇士的详细信息，于是，他走遍全国多个城市，苦心寻找夺桥勇士的踪迹和相关资料。</p>\n<p class=\"art_p\">11月20日，81岁的王永模老人在家人的陪伴下来到苏州，拜访“飞夺泸定桥”二十二勇士之一刘金山的女儿刘苏芳。站在当年刘金山亲手种植的柚子树下，看着满树的柚子，王永模老人感慨万千。“即使再苦再难，只要还有一口气，我都要继续找下去！”</p>\n<p class=\"art_p\"><strong>84年前</strong></p>\n<p class=\"art_p\"><strong>二十二位无名英雄的壮举</strong></p>\n<p class=\"art_p\">“金沙水拍云崖暖，大渡桥横铁索寒。”1935年5月29日下午，泸定桥头，夺桥战斗正式开始。黄开湘、杨成武在桥头指挥，全团司号员集中在桥头附近吹起了冲锋号。顿时，机关枪、步枪一齐向对岸射击，呐喊声震天动地。二十二位勇士冒着敌人的枪林弹雨，面对熊熊烈火，背挂马刀，腰缠十几颗手榴弹，一手扶铁索桥栏，一手持冲锋枪或短枪，攀踏着铁索向前冲锋。</p>\n<div class=\"img_wrapper\"><img id=\"0\" src=\"//n.sinaimg.cn/translate/320/w640h480/20191120/6dec-iipztff7263780.jpg\" alt=\"\">\n<p class=\"art_p\">红军飞夺泸定桥的资料图</p>\n</div>\n<p class=\"art_p\">待二十二位勇士刚接近东桥头，守军就放火把桥头的亭子点燃，顿时火光冲天。黄开湘、杨成武看在眼里，急在心上，和身边的指战员们一起大声高呼：“同志们，这是胜利的最后关头，拿出你们的勇敢精神，冲过去呀！莫怕火呀！冲呀！冲呀！敌人垮了！”这时，廖大珠一跃而起，带头冲进火海。他扔掉着火的帽子，光着头继续往前冲。其余突击队员也紧跟着廖连长穿过火海，抵进泸定城，与守军展开激战。经过两个小时的激战，一举夺下泸定桥，敌军大半被歼，余部狼狈逃窜，夺桥突击队仅牺牲四人。</p>\n<p class=\"art_p\">5月30日，毛泽东在通过泸定桥时，手扶铁链，深情地说：“这样险要的桥都能夺取，说明红军是不可战胜的。”夺桥成功后，勇士们就各归各队了。泸定桥头，没有来得及留下他们的名字。更不巧的是，原本每场战役都该有的红军战报，在那一次却遗失了。</p>\n<div class=\"img_wrapper\"><img id=\"1\" src=\"//n.sinaimg.cn/translate/320/w640h480/20191120/cd2d-iipztff7263781.jpg\" alt=\"\">\n<p class=\"art_p\">泸定桥资料图</p>\n</div>\n<p class=\"art_p\"><strong>四十多年</strong></p>\n<p class=\"art_p\"><strong>苦心寻找二十二位勇士的姓名以及相关资料</strong></p>\n<p class=\"art_p\">1958年，王永模从重庆支边到泸定县从事教育工作。他对泸定桥和夺桥勇士十分关注。王永模发现，“飞夺泸定桥”的二十二位勇士没有留下任何资料。很长一段时间里，对飞夺泸定桥勇士的公开记载，只有中小学课本上短短的一篇文字。出现的名字，也只有突击队队长廖大珠和指导员王海云。于是，王永模决定在全国范围内寻找这些勇士的相关资料。</p>\n<div class=\"img_wrapper\"><img id=\"2\" src=\"//n.sinaimg.cn/translate/320/w640h480/20191120/7d17-iipztff7263857.jpg\" alt=\"\">\n<p class=\"art_p\">王永模</p>\n</div>\n<p class=\"art_p\">被王永模第一个找到的勇士是刘梓华。1975年，泸定县委组成调查小组，由王永模带领几位成员在全国寻找二十二位勇士的相关资料。王永模来到江西南昌的革命烈士纪念馆时，看到了一个名叫刘梓华的红军战士的照片，其生平介绍中写着：刘梓华同志是飞夺泸定桥英雄之一。调查小组随后奔赴天津，找到了刘梓华的子女核实。刘梓华早已在1951年病逝，而家中还留着他从军的日记，日记里记录了飞夺泸定桥的经历。</p>\n<p class=\"art_p\">2007年，在王永模等人的努力下，寻找夺桥勇士的信息开始在网上传播。身在上海的杨党燕看到网上的消息后，给泸定县打来电话，“我父亲杨田铭是飞夺泸定桥22勇士中活下来的18勇士之一。”仍在病中的王永模回忆起当时的情形依旧异常兴奋，语速飞快、声音渐高。“我立即委托人去拜访杨党燕，后来又联系上杨党燕的妹妹杨继红。最后，终于在江西省图书馆找到了有关杨田铭的资料。”</p>\n<p class=\"art_p\">1986年，泸定县委派王永模前往北京，专程拜访当年红四团党总支书记罗华生将军。正是这次拜会，王永模才知道了另一勇士李友林的名字。“1987年，李友林的四个子女在参观中国人民革命军事博物馆时，一尊名为‘李友林和他的战友们’的雕塑吸引了他们的目光。”王永模回忆，1988年，李友林的女儿李燕翔给泸定县委宣传部寄来信件，“他们在信中说，父亲李友林是二十二位勇士之一，同时附了很多证明资料。”</p>\n<p class=\"art_p\">被确认的夺桥勇士陆续增多，与王永模的多方走访、联系密不可分。退休后，王永模依然不减寻找勇士和收集泸定桥文史资料的信心，一直为泸定桥的保护和宣传忙碌着。四十多年里，王永模跑遍大半个中国，北京、上海、广州、南京、南昌、重庆……终于确认了其中十二位勇士的姓名、身份。如今，他是泸定桥的解说员，精通泸定桥的历史，收集了大量的关于泸定桥和夺桥勇士的各种资料。为了把搜集到的史料和勇士的信息永远留存，王永模花了一年多时间，与曾在泸定县工作的好友赵宏将多年搜集到的泸定往事整理成书，成为记载飞夺泸定桥历史最全面最详实的史料。王永模对记者说：“我只要还有一口气，就要继续去寻找勇士，收集更多的资料。”</p>\n<div class=\"img_wrapper\"><img id=\"3\" src=\"//n.sinaimg.cn/translate/320/w640h480/20191120/1fd8-iipztff7263858.jpg\" alt=\"\">\n<p class=\"art_p\">王永模在拍摄资料</p>\n</div>\n<p class=\"art_p\"><strong>最大心愿</strong></p>\n<p class=\"art_p\"><strong>让二十二位夺桥勇士永远被后人铭记</strong></p>\n<p class=\"art_p\">经过多方打探，王永模得知，“飞夺泸定桥”二十二勇士之一刘金山晚年定居苏州，于是他主动与刘金山的女儿刘苏芳取得联系。在家人的陪同下，王永模来到刘金山晚年定居的地方，搜集相关文史资料。刘苏芳告诉紫牛新闻记者，父亲刘金山曾经参加过多次著名战役，湘江战役、飞夺泸定桥、攻打腊子口……刘金山，小名刘伢子，江西赣县人。曾被授予“飞夺泸定桥战斗英雄”称号，荣获共和国颁发的4枚功勋荣誉章（二级八一勋章、二级独立自由勋章、二级解放勋章和二级红星功勋荣誉章）。在父亲刘金山的遗物中，有一支浅蓝色的钢笔，虽然早已不能用来书写，但刘金山的女儿保存得很好，小心地放在一只眼镜盒内。刘苏芳告诉紫牛新闻记者，这支钢笔意义重大，当年飞夺泸定桥幸存的十八位勇士每人获奖一支钢笔及其它物品。</p>\n<div class=\"img_wrapper\"><img id=\"4\" src=\"//n.sinaimg.cn/translate/320/w640h480/20191120/a12f-iipztff7263925.jpg\" alt=\"\">\n<p class=\"art_p\">当年飞夺泸定桥幸存的十八位勇士每人获奖一支钢笔</p>\n</div>\n<p class=\"art_p\">据刘苏芳回忆，父亲刘金山所在的红四团急行240里山路，在5月29日早上6点赶到了泸定桥！泸定桥两边是刀削斧劈、高耸入云的山峰，中间是奔腾翻滚的大渡河水。十三根铁索链幽幽地闪着寒光，仿佛插到对岸的大山里。而在泸定桥的对岸，早已有国民党军守卫，桥板也被敌军撤掉，火力封锁之下，如何过得去？泸定桥长103米，桥板被抽掉，这么长的距离，只能一边铺木板，一边前进，而面对敌人疯狂的火力扫射，参加作战的战士必定九死一生，只能挑选敢死队奋力一搏！</p>\n<div sax-type=\"proxy\" class=\"j_native_opq191126 box\" data-inserttype=\"0\" style=\"margin:20px 0\" data-id=\"201711dingdingeb\"></div><p class=\"art_p\">挑选二十二个勇士组成敢死队的任务被二连抢到，本没有刘金山的份。在杨成武将军的回忆录里曾写道：“三连党支部书记刘金山一定要参加敢死队，他不识字，为表明他要参加敢死队的决心，他咬破食指，把血滴在红旗上向团部表明他要参加敢死队的决心，他枪法好，刀又砍得猛，我们团部批准刘金山参加了敢死队。”二十二位战士组成突击队，二连连长廖大珠打头阵，刘金山紧随其后，准备匍匐在铁锁链上向前爬。哪知敌军认定红军无法过河，居然得意地向着对岸的红军喊话：“你们有种过来呀，飞过来吧，请你们吃红烧肉！”本就满腔怒火的战士们，一听到这样的叫嚣，如何受得了？廖大珠第一个冲向铁锁链，匍匐着前进，其他人逐个跟上，完全顾不得铁索下的滔滔河水！敌人看见红军真的爬在铁锁链上匍匐前进，连忙把煤油倒在铁锁链上，点火燃烧，铁锁链被烧得滚烫。</p>\n<div class=\"img_wrapper\"><img id=\"5\" src=\"//n.sinaimg.cn/translate/248/w599h449/20191120/cb7c-iipztff7263926.jpg\" alt=\"\">\n<p class=\"art_p\">刘金山</p>\n</div>\n<p class=\"art_p\">“当年勇士们在铁锁链上匍匐前进，他们拼的是红军的希望，拼的是中国的命运。大渡河见证了这里发生的一切。父亲的右手臂内侧一直有一条疤，就是飞夺泸定桥留下的烙印。”刘苏芳说。在敌人的机枪扫射下，有四位勇士负伤，从光溜溜的铁索链上掉进大渡河，被波涛吞没，壮烈牺牲。其他十八位勇士冒着枪林弹雨，继续匍匐前进。在全团的火力掩护下，十八位勇士不断向着东岸前进！当时除了地面的火力封锁，国民党方面还派出了飞机进行轰炸，想炸断铁索桥，然而，泸定桥地势险要，河水翻滚，雾气升腾，从飞机上根本看不清下面的情况，于是炸弹都被扔在离泸定桥很远的地方爆炸了。在十八位勇士距离对岸还有三十多米的时候，对岸守军见形势不妙，落荒而逃。</p>\n<p class=\"art_p\">据记载，红军飞夺泸定桥后，刘伯承用脚重重地在桥板上连跺三脚，感慨万千地说：“泸定桥、泸定桥，我们为你花了多少精力、费了多少心血，现在我们胜利了！革命成功以后应该在这里竖一个碑，记下战士的不朽功勋。”聂荣臻也十分激动地说：“对！我们胜利了！全国革命胜利后，要在这里造一座纪念碑，纪念我们的烈士，让子孙万代永远记住他们。”如今，泸定县飞夺泸定桥纪念碑公园里，二十二根方柱子矗立在通往飞夺泸定桥纪念碑的大道两旁，方柱子雕刻着部分夺桥勇士的头像和名字。十二位夺桥勇士的名字和身份终被找到后，飞夺泸定桥，不再只是一群无名英雄的壮举。如今，让王永模牵挂的是，还有十位夺桥英雄至今无从找寻。让二十二位夺桥勇士的英雄壮举永远被后人铭记，是王永模这辈子最大的心愿。</p>\n<div class=\"img_wrapper\"><img id=\"6\" src=\"//n.sinaimg.cn/translate/693/w640h853/20191120/dd39-iipztff7263998.jpg\" alt=\"\">\n<p class=\"art_p\">红军飞夺泸定桥纪念碑</p>\n</div>\n<p class=\"art_p\">●目前找到的12勇士</p>\n<p class=\"art_p\">廖大珠 红一军团2师4团1营2连 连长、突击队长</p>\n<p class=\"art_p\">王海云 红一军团2师4团1营2连 政治指导员</p>\n<p class=\"art_p\">李友林 红一军团2师4团1营2连 党支部书记</p>\n<p class=\"art_p\">刘金山 红一军团2师4团1营3连 党支部书记、突击指导员</p>\n<p class=\"art_p\">刘梓华 红一军团2师4团1营2连 副班长</p>\n<p class=\"art_p\">赵长发 红一军团2师4团1营2连 特等机枪手</p>\n<p class=\"art_p\">杨田铭 红一军团2师4团1营2连 共产党员、战士</p>\n<p class=\"art_p\">云贵川 红一军团2师4团1营2连 战士</p>\n<p class=\"art_p\">魏小三 红一军团2师4团1营2连 战士（夺桥牺牲）</p>\n<p class=\"art_p\">刘大贵 红一军团2师4团1营2连 战士（夺桥牺牲）</p>\n<p class=\"art_p\">王洪山 红一军团2师4团1营2连 战士（夺桥牺牲）</p>\n<p class=\"art_p\">李富仁 红一军团2师4团1营2连 战士（夺桥牺牲）</p>\n<p class=\"art_p\">●作战指挥官</p>\n<p class=\"art_p\">黄开湘 红一军团2师4团 团长，飞夺泸定桥战斗现场指挥员</p>\n<p class=\"art_p\">杨成武 红一军团2师4团 政委，飞夺泸定桥战斗现场指挥员</p>\n<p class=\"art_p\">紫牛新闻记者|张毕荣</p>\n<p class=\"art_p\">图片来源 受访者提供</p>	\n	\n<div id=\"wx_pic\" style=\"margin:0 auto;display:none;\">\n	<img src=\"//n.sinaimg.cn/default/2fb77759/20151125/320X320.png\">\n</div>\n</section>'),(157,170,'<section class=\"art_pic_card art_content\">\n<p class=\"art_p\">原标题：日媒称日本政府曾欲减少“赏樱会”宾客 但未实施</p>\n<p class=\"art_p\" cms-style=\"font-L\">中新网11月20日电 据日本共同社报道，日本政府相关人士20日透露，围绕2016年4月举行的首相<a href=\"https:%5C/%5C/news.sina.cn%5C/news_zt%5C/keyword.d.html?k=%E5%AE%89%E5%80%8D%E6%99%8B%E4%B8%89\">安倍晋三</a>主办的“赏樱会”，政府曾以加强警备等理由，考虑削减招待宾客数的方案，但未实施。</p>\n<p class=\"art_p\" cms-style=\"font-L\">据分析，这是顾及到在2016年7月参院选举前，不削减人数可使大量执政党支持者能够参加。结果2016年赏樱会的招待宾客数不变，包括同伴在内参加人数较2015年有所增加。在野党有可能再次批评这是“权利私有化”。</p>\n<p class=\"art_p\" cms-style=\"font-L\">2015年11月，巴黎发生连环<a href=\"https:%5C/%5C/news.sina.cn%5C/news_zt%5C/keyword.d.html?k=%E6%81%90%E6%80%96%E8%A2%AD%E5%87%BB\">恐怖袭击</a>，极端组织“<a href=\"https:%5C/%5C/news.sina.cn%5C/news_zt%5C/keyword.d.html?k=%E4%BC%8A%E6%96%AF%E5%85%B0%E5%9B%BD\">伊斯兰国</a>”发表了犯罪声明。当时，日本政府出于对首相参加的活动加强警备的观点，曾进行调整。</p>\n<p class=\"art_p\" cms-style=\"font-L\">据相关人士称，涉及的对象包括设想2016年4月举行的赏樱会。政府确认了配备金属探测器并增强警备人员的方针。由于预计经费将增加，因此出现了减少招待宾客数、控制支出金额使警备易于实施的方案。</p>\n<p class=\"art_p\" cms-style=\"font-L\">2016年赏樱会的支出金额与2015年相比增加约800万日元，达到约4600万日元。2016年招待宾客数与2015年持平约1.36万人。然而，包括同伴在内的实际参加人数，2015年约1.47万人，而2016年约为1.6万人。</p>\n<p class=\"art_p\" cms-style=\"font-L\">政府相关人士说明称：“由于赏樱会三个月后就是参院选举，招待人数的削减方案不了了之。”</p>\n<p class=\"art_p\" cms-style=\"font-L\">报道称，关于2019年4月的赏樱会，据悉自民党向7月参院选举中的改选议员寄送了可邀请后援会相关人士等的邀请函。</p>	\n	\n<div id=\"wx_pic\" style=\"margin:0 auto;display:none;\">\n	<img src=\"//n.sinaimg.cn/default/2fb77759/20151125/320X320.png\">\n</div>\n</section>'),(158,171,'<section class=\"art_pic_card art_content\">\n<p class=\"art_p\">原标题：湖南祁东11岁少女遭多人性侵 家属：找到她时房内有2名男子</p>\n<p class=\"art_p\">来源：红星新闻</p>\n<p class=\"art_p\">近日，湖南省衡阳市祁东县一名未满12岁的少女遭多人性侵的消息引爆舆论。受害少女父亲在微博发帖称，9月28日至10月6日，其女周某婕被人带到KTV、宾馆等地，遭多人强奸。受害少女父亲称，警方10月3日开始介入，后将大部分犯罪嫌疑人抓获，在提请逮捕过程中，祁东县检察院以周某婕年龄存疑、本案犯罪事实不清等理由，对数名主要嫌疑人未予批捕。</p>\n<p class=\"art_p\">根据澎湃新闻11月18日报道称，祁东县回应，两人被批捕，有两名公职人员涉案。11月20日，祁东县委主办的祁东新闻网发布《祁东县依法查处一起涉侵害未成年人案件》称，针对女学生周某婕的父亲在网上发帖反映其女儿被骗并受到极大伤害之事，经公安机关前期侦查及近期补充侦查，并提请检察机关批准，已先后逮捕周某名、刘某翔、王某、邹某、蒋某兵、周某云等六名犯罪嫌疑人。其中，王某系祁东农商行太和堂支行职工，邹某系县人力资源就业服务中心职工。</p>\n<p class=\"art_p\">据查，2019年10月3日23时许，周某华到祁东县公安局玉合派出所报警称：其孙女周某婕于2019年9月29日离家出走，至今未回，希望派出所民警能够帮忙找回。10月6日上午，民警在祁东某酒店将周某婕找到。经调查发现，周某婕离家后，跟随张某怡在周某云和陈某升的KTV做陪唱服务，并在周某云、陈某升和周某名的介绍下，先后与刘某翔、邹某、王某、蒋某兵等人发生性关系。公安机关刑事拘留了涉案七人。其中，刘某翔涉嫌强奸，周某名涉嫌组织、强迫、引诱、容留、介绍卖淫已于10月21日、11月13日被依法批准逮捕。陈某升涉嫌介绍卖淫，因其怀孕已办理取保候审。</p>\n<p class=\"art_p\">祁东县委已责成政法等相关部门单位密切配合，严格依法依规办案，严厉打击违法犯罪行为，切实保护未成年人合法权益。</p>\n<p class=\"art_p\">11月20日，受害少女的爷爷周某接受红星新闻记者采访时称，孙女9月28日开始失踪，10月6日上午在某宾馆找到时，孙女与两名男子在同一房间，两男子正在睡觉。</p>\n<p class=\"art_p\"><img id=\"0\" src=\"//n.sinaimg.cn/translate/65/w1385h1080/20191120/2f76-iipztff7248002.jpg\" alt=\"\"><span class=\"img_descr\"></span></p>\n<p class=\"art_p\">涉案的金樽KTV，一名员工称“近日停业整顿”</p>\n<p class=\"art_p\">周某说，发生这件事后，孩子父亲一夜白头，在村里抬不起头，后来将女儿接到了其打工所在地广东惠州。周某说：“孙女现在情况很不好，不和大人说话，偶尔自言自语。希望法律能给一个公平公正的结果，将犯罪嫌疑人绳之以法。”</p>\n<p class=\"art_p\"><strong>“去同学家后数夜未归”</strong></p>\n<p class=\"art_p\">红星新闻：你孙女什么时候开始失踪的？</p>\n<p class=\"art_p\">周某：9月28日下午，我孙女的两个同学来家里，说喊她去其中一个同学家补课写作业。当天晚上，孙女没回来。之前，她的同学也会来家里过夜，或者她去同学家过夜，所以我们也没有特别留意。过了两天，孙女还是没有回来，我们就开始着急，赶紧到处去找，找遍了县里的网吧，没找到。</p>\n<p class=\"art_p\">红星新闻：你孙女是留守儿童吗？</p>\n<p class=\"art_p\">周某：从小学开始，她的父母就在外地打工。她是我和她奶奶带大的。在家里、学校，她的表现、状态还可以，开始时成绩还是好，后来下降了，比较一般，是底子不太好，不到5岁就开始读书了。初中后开始住校，今年开始接她回家住。</p>\n<p class=\"art_p\">红星新闻：没有找到之后，家属采取了什么措施？</p>\n<p class=\"art_p\">周某：10月3日，我们去派出所报案，说我孙女失踪了。派出所出动了大量警力，寻找了很多线索，我们家属和警方一起，挨个网吧、宾馆去找，一直查房。10月6日，在一家宾馆的房间里找到了她。</p>\n<p class=\"art_p\">红星新闻：在宾馆找到孙女时，你看到了什么？</p>\n<p class=\"art_p\">周某：我们家属和民警进了门，房间是一个双人间，我看到房间里有两个男的，他们都还在睡觉，身上盖着被子。我孙女身上是穿着衣服的。我当时还不知道怎么回事，问她怎么这么多天不回家，她没有说话。当时是早上9点多，民警随后把我孙女和两个男子都带到了派出所。</p>\n<p class=\"art_p\"><img id=\"1\" src=\"//n.sinaimg.cn/translate/663/w469h194/20191120/4c87-iipztff7248001.jpg\" alt=\"\"><span class=\"img_descr\"></span></p>\n<p class=\"art_p\">红星新闻：你孙女全程都没有说话吗？</p>\n<p class=\"art_p\">周某：民警要带她走的时候，她说另一个宾馆还有她的行李箱，要去拿。后来把行李箱拿到，打开一看，里面是几件廉价的换洗衣服，里面没有任何现金和贵重物品，我孙女身上也没有任何现金和贵重物品。我孙女说，这个行李箱是那天带她走的两个同学的。两个男子是以帮她“拖行李箱”为由骗到这个宾馆的。</p>\n<p class=\"art_p\"><strong>“孩子父亲一夜白头”</strong></p>\n<div sax-type=\"proxy\" class=\"j_native_opq191126 box\" data-inserttype=\"0\" style=\"margin:20px 0\" data-id=\"201711dingdingeb\"></div><p class=\"art_p\">红星新闻：你孙女失联9天，这9天她经历了什么？</p>\n<p class=\"art_p\">周某：我问她，她什么都不说。后来在她姑父的陪同下，在派出所做笔录，说了这个过程，她是被同学骗到了金樽KTV，被人控制、恐吓、威逼利诱，给别的男人陪酒、陪唱，还被骗到了宾馆。9天当中，被逼和好几个男人发生了性关系，但是自己并没有拿一分钱。</p>\n<p class=\"art_p\">红星新闻：你有掌握相关的证据吗？</p>\n<p class=\"art_p\">周某：警方当时已经立了案，将大部分犯罪嫌疑人都抓获了，具体的案件信息目前没办法披露。事情发生后，我们家属观看了警方调取的一些监控视频。有一段酒店大堂的监控视频里看得很清楚，她应该是喝醉了酒的状态，被两个女子搀扶着走向电梯。</p>\n<p class=\"art_p\">红星新闻：把孙女找回来之后，她的状态怎么样？</p>\n<p class=\"art_p\">周某：她情绪非常不稳定，很多天一句话都不说。我们把她送到了医院，在儿少心理科病房治疗，鉴定结果是“创伤后应激障碍”。半个多月后，我们把她接了出来，她父亲把她接到了广东惠州。医生说她精神容易受刺激，病情会波动，要随时就诊。</p>\n<p class=\"art_p\">红星新闻：为什么把她接到广东惠州？</p>\n<p class=\"art_p\">周某：在医院治病耗钱，很快家里没钱了，我们就把她接出来，想让她换一个地方，会开心一点。另外，事情发生后，很快周围的人就都知道了，对我们家来说，这是一个不光彩的事情，周围很多风言风语，她父亲一夜白头，去到外地，也是为了躲避这些风言风语。在今后，她父亲可能会举家搬迁，祁东这个地方应该是不会再回来了。</p>\n<p class=\"art_p\"><img id=\"2\" src=\"//n.sinaimg.cn/translate/778/w800h778/20191120/80ff-iipztff7248055.jpg\" alt=\"\"><span class=\"img_descr\"></span></p>\n<p class=\"art_p\">红星新闻：事情过去一个多月，你孙女现在的状况怎么样？</p>\n<p class=\"art_p\">周某：现在情况还是很不好，她不和大人说话，偶尔自言自语。现在她父亲回到祁东县，由孩子的母亲陪她在广东惠州，而事发后，孩子的母亲情绪也不稳定，多次跟孩子的父亲表示想要自杀。</p>\n<p class=\"art_p\"><strong>“出生日期一天都没错”</strong></p>\n<p class=\"art_p\">红星新闻：家属曾经发文称，祁东县检察院认为你孙女年龄存疑、本案犯罪事实不清等，对数名主要嫌疑人未予批捕？</p>\n<p class=\"art_p\">周某：现在的媒体报道也能印证，11月18日，祁东县官方人士向媒体表示，案发后，祁东县公安局和检察院针对我孙女的年龄问题，确实展开了大量的调查，说我孙女的真实出生日期，目前仍在调查当中。</p>\n<p class=\"art_p\">红星新闻：你们怎么看待官方对女孩年龄的调查？</p>\n<p class=\"art_p\">周某：我们有女孩的出生证明、身份证、户口薄，所有的信息都一致。她的出生日期是2007年12月24日，到现在为止，仍然未满12周岁。相关证据也提供给了官方，女孩的出生日期一天都没有错，绝对准确。如果错一天，我们都愿意负法律责任。我儿子的二胎是2018年9月5日出生，是早产，孩子患有脑瘫。</p>\n<p class=\"art_p\"><img id=\"3\" src=\"//n.sinaimg.cn/translate/548/w800h548/20191120/fa49-iipztff7248056.jpg\" alt=\"\"><span class=\"img_descr\"></span></p>\n<p class=\"art_p\">红星新闻：家属为什么选择在网络发帖曝光这件事情？</p>\n<p class=\"art_p\">周某：我们知道舆论是一把双刃剑。但在这40多天里，我们苦苦等不到答复，为了讨一个公道，还是必须这么做。</p>\n<p class=\"art_p\">红星新闻：你们现在的诉求是什么？</p>\n<p class=\"art_p\">周某：我们希望法律还我们一个公平公正的结果，将犯罪嫌疑人绳之以法。我们现在还不清楚相关涉案人员是初犯还是惯犯、是否存在轮奸的情形，希望对这一切能够尽快调查清楚。</p>\n<p class=\"art_p\">红星新闻记者 王剑强 李文滔 发自湖南祁东 受访者供图</p><div class=\"plugins_readMore_docplugin from_subject\" data-content=\'{\"docs\":[{\"url\":\"https:\\/\\/news.sina.cn\\/sh\\/2019-11-25\\/detail-iihnzhfz1595928.d.html\",\"title\":\"湖南祁东县委书记检察长谈多人与未成年女孩发生关系案\",\"newsId\":\"ihnzhfz1595928-comos-news-cms\"},{\"url\":\"https:\\/\\/news.sina.cn\\/2019-11-22\\/detail-iihnzhfz1079034.d.html\",\"title\":\"湖南12岁少女陪唱后被多人性侵 当地整顿娱乐场所\",\"newsId\":\"ihnzhfz1079034-comos-news-cms\"},{\"url\":\"https:\\/\\/news.sina.cn\\/sh\\/2019-11-21\\/detail-iihnzahi2483987.d.html\",\"title\":\"湖南祁东12岁少女遭多人性侵 一涉案人员年过五旬\",\"newsId\":\"ihnzahi2483987-comos-news-cms\"},{\"url\":\"https:\\/\\/news.sina.cn\\/2019-11-19\\/detail-iihnzahi1979557.d.html\",\"title\":\"湖南祁东多人与未成年女孩发生关系案：6人被批捕\",\"newsId\":\"ihnzahi1979557-comos-news-cms\"},{\"url\":\"https:\\/\\/news.sina.cn\\/sh\\/2019-11-18\\/detail-iihnzahi1784110.d.html\",\"title\":\"湖南一男子控诉未成年女儿遭强奸 警方正侦办该案\",\"newsId\":\"ihnzahi1784110-comos-news-cms\"}],\"url\":\"http:\\/\\/news.sina.cn\\/zt_d\\/qidong1120\",\"newsId\":\"HB-1-super_subject\\/index-subject-ihnzahi2048741\",\"text\":\"进入专题\"}\'></div>	\n	\n<div id=\"wx_pic\" style=\"margin:0 auto;display:none;\">\n	<img src=\"//n.sinaimg.cn/default/2fb77759/20151125/320X320.png\">\n</div>\n</section>'),(159,172,'<section class=\"art_pic_card art_content\">\n<p class=\"art_p\">原标题：王晨在疫苗管理法、药品管理法（修订）宣传贯彻座谈会上强调 扎实推动法律贯彻实施 维护人民群众身体健康</p>\n<p class=\"art_p\" cms-style=\"font-L\">新华社北京11月20日电 疫苗管理法、药品管理法（修订）宣传贯彻座谈会20日在京召开。中共中央政治局委员、全国人大常委会副委员长王晨出席会议并讲话。他强调，坚持以习近平新时代中国特色社会主义思想为指导，深入贯彻落实党的十九届四中全会精神，扎实推动两部法律贯彻实施，确保疫苗和药品安全，为维护人民群众身体健康提供有力法治支撑。全国人大常委会副委员长艾力更·依明巴海、蔡达峰出席座谈会。</p>\n<p class=\"art_p\" cms-style=\"font-L\">王晨指出，新制定的疫苗管理法和新修订的药品管理法将于2019年12月1日起施行。这两部法律的制定、修订与实施，是贯彻以习近平同志为核心的党中央决策部署，进一步改革完善我国疫苗和药品管理制度的重大举措，是在医药卫生领域推进国家治理体系和治理能力现代化的重要实践。要牢固树立以人民为中心的发展思想和“药品安全责任重于泰山”的意识，严格落实法律各项规定，强化对疫苗和药品的全过程、全链条监管。加大执法力度，依法严肃查处疫苗和药品领域违法犯罪行为。抓紧出台配套法规规章，确保法律规定的各项制度有效实施。积极做好普法工作，使法律深入人心，以良好法治环境推动健康中国建设。</p>\n<p class=\"art_p\" cms-style=\"font-L\">座谈会由全国人大教科文卫委员会主办。有关部门负责同志，部分专家学者，医疗机构、行业协会和企业代表参加。</p>\n	\n	\n<div id=\"wx_pic\" style=\"margin:0 auto;display:none;\">\n	<img src=\"//n.sinaimg.cn/default/2fb77759/20151125/320X320.png\">\n</div>\n</section>'),(160,173,'<section class=\"art_pic_card art_content\">\n<p class=\"art_p\">原标题：斯里兰卡总理宣布辞职，为总统建立新政府铺平道路</p>\n<p class=\"art_p\" cms-style=\"font-L\">新京报快讯（记者 陈沁涵）据法新社报道，当地时间11月20日，斯里兰卡总理维克勒马辛哈宣布辞职，为该国新任总统戈塔巴雅·拉贾帕克萨建立新政府铺平道路。 </p>\n<a href=\"JavaScript:void(0)\">\r\n									<figure class=\"art_img_mini j_p_gallery\" data-type=\"simple\">\r\n										<img class=\"art_img_mini_img j_fullppt_cover\" src=\"data:image/png;base64,iVBORw0KGgoAAAANSUhEUgAAAAQAAAADAQMAAACOOjyFAAAAA1BMVEUAAACnej3aAAAAAXRSTlMAQObYZgAAAApJREFUCNdjAAMAAAYAAegKKqQAAAAASUVORK5CYII=\" data-src=\"//n.sinaimg.cn/translate/107/w1024h683/20191120/a666-iipztff7221292.jpg\" alt=\"斯里兰卡总理维克勒马辛哈。图/视觉中国\">\r\n									<img class=\"j_fullppt\" src=\"data:image/png;base64,iVBORw0KGgoAAAANSUhEUgAAAAQAAAADAQMAAACOOjyFAAAAA1BMVEUAAACnej3aAAAAAXRSTlMAQObYZgAAAApJREFUCNdjAAMAAAYAAegKKqQAAAAASUVORK5CYII=\" data-src=\"//n.sinaimg.cn/translate/107/w1024h683/20191120/a666-iipztff7221292.jpg\" alt=\"斯里兰卡总理维克勒马辛哈。图/视觉中国\" disabeld-show=\"true\" style=\"display:none\">\r\n										<h2 class=\"art_img_tit\">斯里兰卡总理维克勒马辛哈。图/视觉中国</h2>\r\n									</figure>\r\n								</a>\n<p class=\"art_p\" cms-style=\"font-L\">维克勒马辛哈20日发表特别声明：“19日我和总统拉贾帕克萨会面，讨论了议会的未来事务。我重视民主，尊重民主。尽管我们在议会中拥有多数席位，但我们已决定接受拉贾帕克萨先生指令，让总统建立自己的政府。”维克勒马辛哈的发言人称，总理的辞职信将于21日送至总统处。</p>\n<p class=\"art_p\" cms-style=\"font-L\">11月16日，斯里兰卡举行总统选举。斯里兰卡选举委员会17日宣布，反对党人民阵线党的总统候选人、前国防和城市发展部常务秘书拉贾帕克萨胜选，当选新一任总统。维克勒马辛哈领导的执政联盟统一国民阵线的候选人在总统大选中失利。</p>\n<p class=\"art_p\" cms-style=\"font-L\">拉贾帕克萨先前表示，如果获胜，将提名兄长、前总统马欣达·拉贾帕克萨为总理。维克勒马辛哈领导的政府原本可以执政到明年年中，除非议会以三分之二多数表决决定自行解散并提前举行议会选举。</p>\n<p class=\"art_p\" cms-style=\"font-L\">新京报记者 陈沁涵</p>	\n	\n<div id=\"wx_pic\" style=\"margin:0 auto;display:none;\">\n	<img src=\"//n.sinaimg.cn/default/2fb77759/20151125/320X320.png\">\n</div>\n</section>'),(161,154,'<section class=\"art_pic_card art_content\">\n<p class=\"art_p\">原标题：万米高空老人突发疾病 广州医生吸尿救人</p>\n<p class=\"art_p\" cms-style=\"font-L\">中新网广州11月20日电 题：万米高空老人突发疾病广州医生吸尿救人</p>\n<p class=\"art_p\" cms-style=\"font-L\">作者 南宣 郭军</p>\n<p class=\"art_p\" cms-style=\"font-L\">“快！帮我拿个杯子来。”医生张红说完，对着一根导管吸了起来，导管的另一头连着的是一位躺在飞机客舱地板上的老人，他吸出的正是老人膀胱中的尿液。这是发生在11月19日从广州飞往纽约的南航CZ399航班上的感人故事。</p>\n<a href=\"JavaScript:void(0)\">\r\n										<figure class=\"art_img_mini j_p_gallery\" data-type=\"simple\">\r\n											<img class=\"art_img_mini_img j_fullppt_cover\" src=\"data:image/png;base64,iVBORw0KGgoAAAANSUhEUgAAAAQAAAADAQMAAACOOjyFAAAAA1BMVEUAAACnej3aAAAAAXRSTlMAQObYZgAAAApJREFUCNdjAAMAAAYAAegKKqQAAAAASUVORK5CYII=\" data-src=\"//n.sinaimg.cn/translate/145/w405h540/20191120/3826-iipztff7288384.jpg\" alt=\" 万米高空老人突发疾病，广州医生吸尿救人。南航供图\">\r\n										<img class=\"j_fullppt\" src=\"data:image/png;base64,iVBORw0KGgoAAAANSUhEUgAAAAQAAAADAQMAAACOOjyFAAAAA1BMVEUAAACnej3aAAAAAXRSTlMAQObYZgAAAApJREFUCNdjAAMAAAYAAegKKqQAAAAASUVORK5CYII=\" data-src=\"//n.sinaimg.cn/translate/145/w405h540/20191120/3826-iipztff7288384.jpg\" alt=\" 万米高空老人突发疾病，广州医生吸尿救人。南航供图\" disabeld-show=\"true\" style=\"display:none\">\r\n											<h2 class=\"art_img_tit\"> 万米高空老人突发疾病，广州医生吸尿救人。南航供图</h2>\r\n										</figure>\r\n									</a>\n<p class=\"art_p\" cms-style=\"font-L\">当谈起航班这一幕，当班主任乘务长冯玲还是感慨不已。</p>\n<p class=\"art_p\" cms-style=\"font-L\">据介绍，19日凌晨1：55，南航CZ399从广州出发，飞往纽约。子夜时分，旅客们大都进入了梦乡。和往常一样，冯玲和同事们按照工作要求来回巡舱，为有需要的旅客提供服务。</p>\n<a href=\"JavaScript:void(0)\">\r\n										<figure class=\"art_img_mini j_p_gallery\" data-type=\"simple\">\r\n											<img class=\"art_img_mini_img j_fullppt_cover\" src=\"data:image/png;base64,iVBORw0KGgoAAAANSUhEUgAAAAQAAAADAQMAAACOOjyFAAAAA1BMVEUAAACnej3aAAAAAXRSTlMAQObYZgAAAApJREFUCNdjAAMAAAYAAegKKqQAAAAASUVORK5CYII=\" data-src=\"//n.sinaimg.cn/translate/425/w700h525/20191120/7ecf-iipztff7288383.jpg\" alt=\" 万米高空老人突发疾病，广州医生吸尿救人。南航供图\">\r\n										<img class=\"j_fullppt\" src=\"data:image/png;base64,iVBORw0KGgoAAAANSUhEUgAAAAQAAAADAQMAAACOOjyFAAAAA1BMVEUAAACnej3aAAAAAXRSTlMAQObYZgAAAApJREFUCNdjAAMAAAYAAegKKqQAAAAASUVORK5CYII=\" data-src=\"//n.sinaimg.cn/translate/425/w700h525/20191120/7ecf-iipztff7288383.jpg\" alt=\" 万米高空老人突发疾病，广州医生吸尿救人。南航供图\" disabeld-show=\"true\" style=\"display:none\">\r\n											<h2 class=\"art_img_tit\"> 万米高空老人突发疾病，广州医生吸尿救人。南航供图</h2>\r\n										</figure>\r\n									</a>\n<p class=\"art_p\" cms-style=\"font-L\">当航班离目的地还有6个钟头的时候，冯玲接到后舱乘务长的报告，说有位老年旅客反映自己的老伴无法排尿，急需医疗救助。冯玲马上赶到座位，发现患病老人情绪不稳定、直冒虚汗，立即安排乘务员在客舱广播寻找医生，并组织乘务组拿来机组休息室的被枕及机组休息位的毛毯，在服务台地板上铺了一张“临时救护床”。她一边慢慢地搀扶老人躺下，一边安抚着焦急的老伴。</p>\n<p class=\"art_p\" cms-style=\"font-L\">听到机上广播后，暨南大学附属第一医院（广州华侨医院）介入血管外科医生张红与海南省人民医院血管外科医生肖占祥赶过来，马上对老人进行检查，两位医生诊断后认为：老人膀胱大致存有1000毫升尿液，如不尽快排出，则会面临膀胱破裂的危险。而眼下可利用机上急救医疗设备尝试进行穿刺排尿。在征得老人老伴同意后，两名医生立即开始准备，乘务组也尽力找来机上可用的医疗救助设备及物料，协助医生进行救治。</p>\n<p class=\"art_p\" cms-style=\"font-L\">3分钟后，肖医生利用便携式氧气瓶面罩上的导管、注射器针头、瓶装牛奶吸管、胶布，自制穿刺吸尿装置开始施救。乘务组也赶忙协助，将老人固定成侧身姿势，便于救治。然而因为客舱空间有限，将装置架设至高处的可能性较小，针头也过于尖细，无法因压力差自动引流老人膀胱内的尿液，加之因膀胱过度胀大，自主收缩功能减弱，使得穿刺引流进入瓶颈。正当大家一筹莫展之时，张医生想到用嘴吸出尿液，而这也是控制尿液排出速度与力度的最佳方法。半小时后，医生顺利帮助老人排出700毫升至800毫升尿液，老人病情得到缓解、情绪也逐渐平稳。</p>\n<p class=\"art_p\" cms-style=\"font-L\">整整37分钟，张医生不间断为旅客吸出尿液，吐到杯中，肖医生也不停根据膀胱积尿情况调整穿刺位置和角度，确保最大限度排出积存尿液，乘务组也及时更换杯具，将排出尿液导入酒瓶，实时测量已排出尿量，帮助医生更好掌握旅客病情。两位医生与乘务长配合默契，紧张却十分有序地推进救治。</p>\n<p class=\"art_p\" cms-style=\"font-L\">随后，两位医生再次为老人进行检查，老人已经转危为安。“还好发现地及时，病情已无大碍，再躺30分钟即可行走，但下机后还是要去医院进行详细诊断啊。”听此，老人的老伴一直揪着的心终于落了下来。此时，距航班落地还有5小时，为给老人提供更舒适的休息场所，乘务组清出客舱最后两排机组休息位，搀扶老人和一直担心的老伴躺下休息，并在后续航程中持续照顾着老人，观察他的状态直至落地。飞机顺利抵达纽约后，乘务组积极与地面工作人员进行交接，悉心安置病情好转的老人至轮椅上。</p>\n<p class=\"art_p\" cms-style=\"font-L\">事后，记者问张红医生，在那样危急的情况下，是如何毫不犹豫地做到为老人亲口吸尿，张医生淡然的回答：“当时情况紧急，一时也想不到其他更好的方法，看到疼痛难忍的老人，只想尽快帮他引出膀胱内积存的尿液，只能说是天职所在吧。”</p><div class=\"plugins_readMore_docplugin from_subject\" data-content=\'{\"docs\":[{\"url\":\"https:\\/\\/news.sina.cn\\/2019-11-25\\/detail-iihnzhfz1607222.d.html\",\"title\":\"吸尿救人医生今天回国 南航给予其金卡会员奖励\",\"newsId\":\"ihnzhfz1607222-comos-news-cms\"},{\"url\":\"https:\\/\\/news.sina.cn\\/sh\\/2019-11-25\\/detail-iihnzhfz1609164.d.html\",\"title\":\"吸尿救人医生捐出10万奖金 设基金奖励社会义举\",\"newsId\":\"ihnzhfz1609164-comos-news-cms\"},{\"url\":\"https:\\/\\/news.sina.cn\\/sh\\/2019-11-23\\/detail-iihnzhfz1220637.d.html\",\"title\":\"中国医生万米高空吸尿救人 海外网友：我的天啊\",\"newsId\":\"ihnzhfz1220637-comos-news-cms\"},{\"url\":\"https:\\/\\/news.sina.cn\\/2019-11-23\\/detail-iihnzhfz1170796.d.html\",\"title\":\"用嘴为患者导尿医生回应作秀质疑：性价比太低\",\"newsId\":\"ihnzhfz1170796-comos-news-cms\"},{\"url\":\"https:\\/\\/news.sina.cn\\/gn\\/2019-11-23\\/detail-iihnzahi2767977.d.html\",\"title\":\"“用嘴导尿救人”医生发文：用这样的方法实属无奈\",\"newsId\":\"ihnzahi2767977-comos-news-cms\"}],\"url\":\"http:\\/\\/news.sina.cn\\/zt_d\\/ysxn2019\",\"newsId\":\"HB-1-super_subject\\/index-subject-ihnzahi2476608\",\"text\":\"进入专题\"}\'></div>	\n	\n<div id=\"wx_pic\" style=\"margin:0 auto;display:none;\">\n	<img src=\"//n.sinaimg.cn/default/2fb77759/20151125/320X320.png\">\n</div>\n</section>');
/*!40000 ALTER TABLE `details` ENABLE KEYS */;
UNLOCK TABLES;

--
-- Table structure for table `star`
-- 用户收藏表

DROP TABLE IF EXISTS `star`;
/*!40101 SET @saved_cs_client     = @@character_set_client */;
/*!40101 SET character_set_client = utf8 */;
CREATE TABLE `star` (
  `id` bigint(20) NOT NULL AUTO_INCREMENT,
  `member_id` bigint(20) NOT NULL,
  `news` bigint(20) NOT NULL,
  PRIMARY KEY (`id`)
) ENGINE=InnoDB AUTO_INCREMENT=54 DEFAULT CHARSET=utf8mb4 COLLATE=utf8mb4_unicode_ci;
/*!40101 SET character_set_client = @saved_cs_client */;

--
-- Dumping data for table `star`
--

LOCK TABLES `star` WRITE;
/*!40000 ALTER TABLE `star` DISABLE KEYS */;
INSERT INTO `star` VALUES (1,1,34),(2,1,31),(3,1,32),(4,1,31),(5,1,31),(6,1,31),(7,1,31),(8,1,31),(9,1,31),(10,3,31),(11,3,31),(12,3,31),(13,1,31),(14,1,31),(15,3,31),(16,3,31),(17,1,31),(18,1,31),(19,1,31),(20,1,31),(21,1,31),(22,1,31),(23,1,31),(24,1,31),(25,1,31),(26,3,31),(27,3,31),(28,3,31),(29,1,31),(30,1,31),(31,1,31),(32,1,34),(33,1,41),(34,1,41),(35,1,41),(36,1,34),(37,3,31),(38,3,31),(39,3,41),(40,3,41),(41,3,41),(42,1,56),(43,1,41),(44,1,41),(45,1,48),(46,1,48),(47,1,48),(48,1,48),(49,1,48),(50,1,48),(51,1,47),(52,1,47),(53,1,47);
/*!40000 ALTER TABLE `star` ENABLE KEYS */;
UNLOCK TABLES;
/*!40103 SET TIME_ZONE=@OLD_TIME_ZONE */;

/*!40101 SET SQL_MODE=@OLD_SQL_MODE */;
/*!40014 SET FOREIGN_KEY_CHECKS=@OLD_FOREIGN_KEY_CHECKS */;
/*!40014 SET UNIQUE_CHECKS=@OLD_UNIQUE_CHECKS */;
/*!40101 SET CHARACTER_SET_CLIENT=@OLD_CHARACTER_SET_CLIENT */;
/*!40101 SET CHARACTER_SET_RESULTS=@OLD_CHARACTER_SET_RESULTS */;
/*!40101 SET COLLATION_CONNECTION=@OLD_COLLATION_CONNECTION */;
/*!40111 SET SQL_NOTES=@OLD_SQL_NOTES */;


--
-- Table structure for table `ums_member`
-- 普通用户表   

DROP TABLE IF EXISTS `ums_member`;
/*!40101 SET @saved_cs_client     = @@character_set_client */;
/*!40101 SET character_set_client = utf8 */;
CREATE TABLE `ums_member` (
  `id` bigint(20) NOT NULL AUTO_INCREMENT,
  `member_level_id` bigint(20) DEFAULT NULL,
  `username` varchar(64) DEFAULT NULL COMMENT '用户名',
  `password` varchar(64) DEFAULT NULL COMMENT '密码',
  `nickname` varchar(64) DEFAULT NULL COMMENT '昵称',
  `phone` varchar(64) DEFAULT NULL COMMENT '手机号码',
  `status` int(1) DEFAULT NULL COMMENT '帐号启用状态:0->禁用；1->启用',
  `create_time` datetime DEFAULT NULL COMMENT '注册时间',
  `icon` varchar(500) DEFAULT NULL COMMENT '头像',
  `gender` int(1) DEFAULT NULL COMMENT '性别：0->未知；1->男；2->女',
  `birthday` date DEFAULT NULL COMMENT '生日',
  `city` varchar(64) DEFAULT NULL COMMENT '所做城市',
  `job` varchar(100) DEFAULT NULL COMMENT '职业',
  `personalized_signature` varchar(200) DEFAULT NULL COMMENT '个性签名',
  `source_type` int(1) DEFAULT NULL COMMENT '用户来源',
  `integration` int(11) DEFAULT NULL COMMENT '积分',
  `growth` int(11) DEFAULT NULL COMMENT '成长值',
  `luckey_count` int(11) DEFAULT NULL COMMENT '剩余抽奖次数',
  `history_integration` int(11) DEFAULT NULL COMMENT '历史积分数量',
  PRIMARY KEY (`id`),
  UNIQUE KEY `idx_username` (`username`),
  UNIQUE KEY `idx_phone` (`phone`)
) ENGINE=InnoDB AUTO_INCREMENT=23 DEFAULT CHARSET=utf8 COMMENT='会员表';
/*!40101 SET character_set_client = @saved_cs_client */;

--
-- Dumping data for table `ums_member`
--

LOCK TABLES `ums_member` WRITE;
/*!40000 ALTER TABLE `ums_member` DISABLE KEYS */;
INSERT INTO `ums_member` VALUES (1,4,'test','123456','windir','18061581849',1,'2018-08-02 10:35:44',NULL,1,'2009-06-01','上海','学生','test',NULL,5000,NULL,NULL,NULL),
(3,4,'windy','123456','windy','18061581848',1,'2018-08-03 16:46:38',NULL,NULL,NULL,NULL,NULL,NULL,NULL,NULL,NULL,NULL,NULL),
(4,4,'zhengsan','123456','zhengsan','18061581847',1,'2018-11-12 14:12:04',NULL,NULL,NULL,NULL,NULL,NULL,NULL,NULL,NULL,NULL,NULL),
(5,4,'lisi','123456','lisi','18061581841',1,'2018-11-12 14:12:38',NULL,NULL,NULL,NULL,NULL,NULL,NULL,NULL,NULL,NULL,NULL),
(6,4,'wangwu','123456','wangwu','18061581842',1,'2018-11-12 14:13:09',NULL,NULL,NULL,NULL,NULL,NULL,NULL,NULL,NULL,NULL,NULL),
(7,4,'lion','123456','lion','18061581845',1,'2018-11-12 14:21:39',NULL,NULL,NULL,NULL,NULL,NULL,NULL,NULL,NULL,NULL,NULL),
(8,4,'shari','123456','shari','18061581844',1,'2018-11-12 14:22:00',NULL,NULL,NULL,NULL,NULL,NULL,NULL,NULL,NULL,NULL,NULL),
(9,4,'aewen','123456','aewen','18061581843',1,'2018-11-12 14:22:55',NULL,NULL,NULL,NULL,NULL,NULL,NULL,NULL,NULL,NULL,NULL);
/*!40000 ALTER TABLE `ums_member` ENABLE KEYS */;

--
-- Table structure for table `ums_admin`
-- 管理员账户表

DROP TABLE IF EXISTS `ums_admin`;
/*!40101 SET @saved_cs_client     = @@character_set_client */;
/*!40101 SET character_set_client = utf8 */;
CREATE TABLE `ums_admin` (
  `id` bigint(20) NOT NULL AUTO_INCREMENT,
  `username` varchar(64) DEFAULT NULL,
  `password` varchar(64) DEFAULT NULL,
  `icon` varchar(500) DEFAULT NULL COMMENT '头像',
  `email` varchar(100) DEFAULT NULL COMMENT '邮箱',
  `nick_name` varchar(200) DEFAULT NULL COMMENT '昵称',
  `note` varchar(500) DEFAULT NULL COMMENT '备注信息',
  `create_time` datetime DEFAULT NULL COMMENT '创建时间',
  `login_time` datetime DEFAULT NULL COMMENT '最后登录时间',
  `status` int(1) DEFAULT 1 COMMENT '帐号启用状态：0->禁用；1->启用',
  PRIMARY KEY (`id`)
) ENGINE=InnoDB AUTO_INCREMENT=5 DEFAULT CHARSET=utf8 COMMENT='后台用户表';
/*!40101 SET character_set_client = @saved_cs_client */;

--
-- Dumping data for table `ums_admin`
--

LOCK TABLES `ums_admin` WRITE;
/*!40000 ALTER TABLE `ums_admin` DISABLE KEYS */;
INSERT INTO `ums_admin` VALUES (1,'test','123456','http://macro-oss.oss-cn-shenzhen.aliyuncs.com/mall/images/20180607/timg.jpg',NULL,'测试账号',NULL,'2018-09-29 13:55:30','2018-09-29 13:55:39',1),(3,'admin','123456','http://macro-oss.oss-cn-shenzhen.aliyuncs.com/mall/images/20190129/170157_yIl3_1767531.jpg','admin@163.com','系统管理员','系统管理员','2018-10-08 13:32:47','2019-03-20 15:38:50',1);
/*!40000 ALTER TABLE `ums_admin` ENABLE KEYS */;
UNLOCK TABLES;
/*!40103 SET TIME_ZONE=@OLD_TIME_ZONE */;

-- Dump completed on 2019-12-12  0:59:17
